tree
version=v4
num_class=1
num_tree_per_iteration=1
label_index=0
max_feature_idx=11
objective=regression_l1
feature_names=solar_rad_west solar_rad_south total_cloud_west total_cloud_south midlow_cloud_west midlow_cloud_south solar_damping_south clearsky_ratio_south hour_sin hour_cos month_sin month_cos
feature_infos=[0:3.77] [0:3.8199999999999998] [0:1] [0:1] [0:1] [0:1] [0.19592957412690934:1] [0:1.5] [-1:1] [-1:1] [-1:1] [-1:1]
tree_sizes=5542 5748 5808 5762 5787 5827 5738 5834 5806 5802 5762 5803 5778 5787 5804 5760 5734 5735 5785 5828 5832 5834 5792 5824 5827 5828 5816 5871 5815 5837 5815 5805 5821 5851 5802 5777 5810 5797 5779 5791 5809 5799 5819 5794 5776 5779 5807 5779 5828 5832 5778 5861 5820 5823 5786 5867 5790 5837 5844 5823 5781 5844 5800 5830 5852 5812 5833 5845 5856 5790 5822 5830 5850 5865 5826 5835 5817 5766 5876 5876 5850 5824 5835 5818 5820 5849 5759 5854 5876 5772 5873 5833 5861 5835 5840 5815 5843 5840 5848 5807 5823 5814 5824 5842 5876 5878 5838 5855 5867 5841 5824 5880 5803 5792 5808 5890 5810 5863 5807 5888 5852 5804 5852 5863 5871 5892 5902 5835 5846 5825 5815 5890 5882 5898 5845 5831 5855 5866 5881 5864 5842 5825 5817 5879 5858 5853 5839 5832 5890 5882 5851 5846 5878 5888 5861

Tree=0
num_leaves=63
num_cat=0
split_feature=0 8 0 0 8 11 6 8 6 9 1 10 6 6 8 8 11 5 11 8 10 5 11 0 3 5 10 0 5 11 0 1 6 5 3 0 8 0 8 10 11 6 5 10 10 3 10 10 11 3 5 5 5 8 10 11 5 6 6 5 5 11
split_gain=25690.6 1741.03 420.163 327.777 303.895 200.639 155.734 140.282 105.735 101.188 84.51 84.4786 63.3197 59.9817 54.5179 47.658 44.9727 32.9772 30.997 27.2377 25.4959 20.5139 18.8896 17.2215 26.0965 17.1629 16.4389 15.5774 15.124 13.4018 12.8306 12.0356 12.9848 11.2642 9.20428 9.17789 8.96864 7.13571 11.5866 7.06928 6.72833 6.6615 6.23165 6.45837 5.01585 4.41136 4.16666 3.72808 3.45288 3.37198 3.20505 2.4439 2.36208 1.55302 8.50178 4.16478 1.30683 1.13894 1.08356 1.02513 1.27743 1.00211
threshold=0.065000000000000016 -0.60355339059327362 0.19500000000000003 1.0000000180025095e-35 0.60355339059327384 -0.24999999999999994 0.9919160630702849 -0.37940952255126059 0.9919160630702849 -0.5 0.045000000000000005 1.0000000180025095e-35 0.9919160630702849 0.87064863372406032 0.91597561503675362 -0.78656609248549303 -0.5 0.083333333333333315 0.25000000000000017 0.78656609248549325 0.25000000000000011 0.71666666666666667 0.6830127018922193 0.115 0.8500000000000002 1.0000000180025095e-35 0.68301270189221941 0.042500000000000003 0.22500000000000003 -0.68301270189221952 0.025000000000000005 0.095000000000000015 0.69300588406246244 0.15000000000000005 0.45000000000000007 0.27500000000000008 -0.78656609248549303 0.25500000000000006 0.60355339059327384 -0.5 0.93301270189221952 0.21090423132313618 0.55000000000000016 0.68301270189221941 0.25000000000000011 0.95000000000000007 0.25000000000000011 0.25000000000000011 0.6830127018922193 0.75000000000000011 0.22500000000000003 0.15000000000000005 0.63333333333333341 -0.91597561503675329 0.25000000000000011 0.6830127018922193 0.55000000000000016 0.9919160630702849 0.75185124348285037 0.55000000000000016 0.22500000000000003 0.6830127018922193
decision_type=2 2 2 2 2 2 2 2 2 2 2 2 2 2 2 2 2 2 2 2 2 2 2 2 2 2 2 2 2 2 2 2 2 2 2 2 2 2 2 2 2 2 2 2 2 2 2 2 2 2 2 2 2 2 2 2 2 2 2 2 2 2
left_child=1 3 4 5 31 6 41 11 34 -9 19 57 58 30 37 25 50 26 42 46 33 29 56 47 -25 40 -17 -11 -22 51 -5 32 44 -18 -7 -16 -31 38 -4 -34 53 -1 43 -14 -2 -43 -6 -21 52 -24 -15 -8 -27 55 -55 -10 -19 -3 -13 60 -50 -59
right_child=2 7 14 13 10 8 21 9 15 27 -12 12 18 16 35 17 20 22 -20 23 28 -23 49 24 -26 48 -28 -29 -30 36 -32 -33 39 -35 -36 -37 -38 -39 -40 -41 -42 45 -44 -45 -46 -47 -48 -49 59 -51 -52 -53 -54 54 -56 -57 -58 61 -60 -61 -62 -63
leaf_value=0.018847353085875512 0.019379048049449919 0.018653960675001146 0.021102213114500046 0.018996340660378336 0.019519125409424305 0.018973095379769801 0.019456003392115236 0.019153399001806973 0.019179682079702616 0.018653960675001146 0.01978357132524252 0.018653960675001146 0.019202287206426263 0.019652645383030177 0.0194061460159719 0.019197780955582857 0.019654061589390041 0.019200740773230793 0.018870932161808015 0.01898424493148923 0.019914152547717095 0.019196148999035358 0.018906169207766652 0.01904385831207037 0.019357972927391529 0.01912283891811967 0.019386329576373099 0.018830919093452393 0.019457728834822774 0.01923685386776924 0.019248576071113348 0.020566866770386695 0.020137210581451653 0.01913781827315688 0.01874703219626099 0.019714933149516584 0.01938706874847412 0.029427556544542315 0.019906521383672951 0.02044543009251356 0.019062553755939005 0.0191590946726501 0.019165192311629654 0.019256044905632735 0.019705790393054486 0.019058666313067078 0.019231638591736554 0.018872442510910331 0.019005164261907338 0.018968807351775467 0.01951652193441987 0.019387137144804001 0.019092152323573829 0.019211355950683354 0.019133232310414316 0.019117446085438132 0.019123822450637817 0.018986975755542517 0.018807898371014743 0.019028388001024722 0.019082129830494524 0.018838522632140666
leaf_weight=128 92 211 479 97 80 100 128 129 83 13043 96 130 118 136 95 218 106 95 176 127 84 98 96 109 113 175 87 127 102 112 128 401 106 153 503 87 163 13543 176 331 94 91 102 137 95 93 93 88 103 94 121 87 85 143 120 81 85 333 86 169 82 200
leaf_count=128 92 211 479 97 80 100 128 129 83 13043 96 130 118 136 95 218 106 95 176 127 84 98 96 109 113 175 87 127 102 112 128 401 106 153 503 87 163 13543 176 331 94 91 102 137 95 93 93 88 103 94 121 87 85 143 120 81 85 333 86 169 82 200
internal_value=0.0192027 -0.0043965 0.0470803 0.0125532 0.033105 0.00814157 0.0202298 -0.00925421 0.00363437 -0.0102345 0.0179579 -0.000508069 0.00663089 0.0283149 0.0487615 0.00727064 0.0326306 0.0135948 0.0122084 0.0138299 0.0268318 0.0293158 0.00758668 0.00984733 0.0157331 0.00351786 0.0208976 -0.0104935 0.0352737 0.0318174 0.0148504 0.0435291 0.0408309 0.0207309 -0.00724262 0.0323456 0.0273831 0.048971 0.0457095 0.0436829 0.00756422 0.00312865 0.0173035 0.0198168 0.0340713 0.00690656 0.0238861 0.00381422 0.000108936 0.00101099 0.042603 0.0374253 0.00290905 0.00920752 0.0107082 0.00686725 0.01459 -0.00766844 -0.00703639 -0.00189587 3.73389e-05 -0.00666799
internal_weight=35143 19032 16111 4240 1731 3313 900 14792 2413 13299 706 1493 749 927 14380 1810 702 675 533 610 445 588 370 437 222 1135 305 13170 186 490 225 1025 624 259 603 182 275 14198 655 437 521 312 357 255 187 184 173 215 614 190 257 215 260 427 263 164 180 744 216 354 185 533
internal_count=35143 19032 16111 4240 1731 3313 900 14792 2413 13299 706 1493 749 927 14380 1810 702 675 533 610 445 588 370 437 222 1135 305 13170 186 490 225 1025 624 259 603 182 275 14198 655 437 521 312 357 255 187 184 173 215 614 190 257 215 260 427 263 164 180 744 216 354 185 533
is_linear=0
shrinkage=1


Tree=1
num_leaves=63
num_cat=0
split_feature=0 0 0 9 1 9 9 9 6 0 1 9 6 11 9 9 9 9 9 10 5 11 9 9 3 0 2 10 9 1 9 9 11 3 9 9 0 6 3 0 5 0 2 11 2 11 10 11 5 3 3 0 1 9 5 11 10 2 5 11 11 3
split_gain=25257.6 598.882 446.583 340.439 167.633 136.84 120.865 109.296 112.786 68.5267 87.3524 59.408 52.5096 49.9702 49.1656 89.1541 30.6462 29.7981 61.6118 45.6051 27.8511 22.1412 21.4832 20.4393 19.8023 16.7658 16.2329 14.841 14.3606 14.3531 12.2157 44.1012 23.8807 15.5469 13.2298 12.1082 10.9754 10.0987 7.99938 7.86725 7.0519 6.46313 6.35716 6.29808 5.5008 5.32729 5.13124 7.25342 4.96174 4.9377 4.82248 4.27178 9.30406 4.10765 4.08776 3.75657 3.73804 3.59095 3.55185 3.34975 5.69785 3.06058
threshold=0.055000000000000007 0.15500000000000003 1.0000000180025095e-35 0.1294095225512602 1.0000000180025095e-35 -0.12940952255126037 0.91597561503675351 0.37940952255126048 0.9919160630702849 0.32500000000000007 0.015000000000000001 -0.5 0.71597015982097678 0.6830127018922193 -0.12940952255126037 1.0000000180025095e-35 -0.5 0.78656609248549303 0.60355339059327384 1.0000000180025095e-35 0.22500000000000003 -0.5 -0.78656609248549325 -0.12940952255126037 0.95000000000000007 0.115 0.55000000000000016 -0.5 -0.37940952255126015 0.085000000000000006 0.25881904510252057 0.1294095225512602 0.6830127018922193 0.95000000000000007 -0.37940952255126015 0.78656609248549303 0.19500000000000003 0.61827818261829826 0.8500000000000002 0.03500000000000001 0.63333333333333341 0.095000000000000015 0.65000000000000002 -0.24999999999999994 0.8500000000000002 0.25000000000000017 -0.5 -0.24999999999999994 0.083333333333333315 0.35000000000000003 0.11666666666666667 0.42500000000000004 1.0000000180025095e-35 0.78656609248549303 0.63333333333333341 -0.24999999999999994 0.25000000000000011 0.15000000000000005 0.083333333333333315 -0.68301270189221952 -0.24999999999999994 0.45000000000000007
decision_type=2 2 2 2 2 2 2 2 2 2 2 2 2 2 2 2 2 2 2 2 2 2 2 2 2 2 2 2 2 2 2 2 2 2 2 2 2 2 2 2 2 2 2 2 2 2 2 2 2 2 2 2 2 2 2 2 2 2 2 2 2 2
left_child=2 4 6 14 5 11 7 30 44 10 22 41 -5 17 16 20 -4 18 40 -19 -16 58 -3 28 27 59 35 49 36 37 31 34 33 -33 38 48 -24 -6 -1 -18 46 -2 -21 -7 53 -29 47 -10 -15 -20 -34 52 -11 -9 -38 -51 -48 -49 -14 -13 -61 -59
right_child=1 9 3 12 29 43 -8 8 13 51 -12 25 21 26 15 -17 39 19 24 42 -22 -23 23 -25 -26 -27 -28 45 -30 -31 -32 32 50 -35 -36 -37 54 -39 -40 -41 -42 -43 -44 -45 -46 -47 56 57 -50 55 -52 -53 -54 -55 -56 -57 -58 61 -60 60 -62 -63
leaf_value=-0.00055961882025003435 -3.6863535270094879e-05 0.0013940138116478918 -0.00015167073570191854 -0.00017826367551460859 0.00014540280606597662 0.00068361678114160892 -0.00055961882025003435 -0.00055961882025003435 -0.00046418339973315598 0.0010751968368887901 0.0017968155912123621 -0.00023196223508566621 0.00033953703101724384 -0.00032177628502249716 0.00042409625072032205 -0.00055961882025003435 -0.00055961882025003435 -0.00044447561670094726 -0.00028669082578271628 -0.00048140031835064293 -0.00024001505412161344 0.0001851125858724117 0.0001482476670295 0.0021724437698721886 -0.00055961882025003435 -0.00010220736712217331 -0.00055961882025003435 -0.00041181220002472406 6.4548173267394281e-05 0.00086017001532018181 -0.00055961882025003435 -7.9849042324349335e-05 -0.00014176730336621401 -0.00033782340798061344 -0.00055961882025003435 -0.00055961882025003435 0.00029869849104434258 0.00048957921378314502 -0.00055961882025003435 -0.00039754706213716417 -0.00055961882025003435 0.00022273725802078842 -0.00055961882025003435 0.00094176482786424449 -0.00055961882025003435 -0.0004390650780871511 -0.00055961882025003435 -0.0001159662393853068 -0.00043271212633699184 -0.00021349235884845258 -0.00021057972796261309 0.011570625056326389 0.0028287875398993489 -0.00055961882025003435 0.00090624543149024248 -0.0003512743525207043 -0.00055961882025003435 -0.00055961882025003435 0.00038887611594982447 -0.00038096519128885117 -0.00033317651962861414 -0.00019952458161860709
leaf_weight=96 83 159 84 101 80 102 4431 635 111 325 1148 86 104 334 107 140 413 681 237 479 184 155 111 95 230 116 1066 718 144 321 1454 153 95 90 2116 231 169 130 89 146 269 138 368 194 1279 131 99 87 131 88 283 11888 649 364 138 164 482 94 138 88 114 141
leaf_count=96 83 159 84 101 80 102 4431 635 111 325 1148 86 104 334 107 140 413 681 237 479 184 155 111 95 230 116 1066 718 144 321 1454 153 95 90 2116 231 169 130 89 146 269 138 368 194 1279 131 99 87 131 88 283 11888 649 364 138 164 482 94 138 88 114 141
internal_value=-0.000206973 0.0271491 -0.023896 -0.00858233 0.0087543 0.00100868 -0.0252929 -0.0238082 -0.0218017 0.0289499 0.0236947 -0.00694888 0.0119038 -0.0196793 -0.0180837 -0.0102083 -0.0233385 -0.0179521 -0.0161255 -0.0213473 -0.000719178 0.016809 0.0161567 0.0137234 -0.0121224 -0.0137778 -0.0239592 -0.0107095 0.0115098 0.0221617 -0.0276628 -0.0265002 -0.0193408 -0.0119262 -0.0284231 -0.0203156 0.0143198 0.0159242 -0.0204839 -0.025875 -0.0210047 0.00554054 -0.0166627 0.0177778 -0.0275121 -0.00829412 -0.019803 -0.017212 -0.0174464 -0.0148776 -0.0240633 0.0297504 0.0276308 -0.02571 0.0172403 -0.0118577 -0.021701 -0.0195046 0.0224691 -0.0176471 -0.019803 -0.0214831
internal_weight=35076 16278 18798 1572 1452 921 17226 12795 8419 14826 1964 625 498 6141 1074 431 643 4379 2851 1528 291 397 816 657 1568 404 1762 1338 562 531 4376 2922 621 243 2301 696 418 210 185 559 1283 221 847 296 2278 849 1014 433 465 489 378 12862 974 999 307 252 581 322 242 288 202 235
internal_count=35076 16278 18798 1572 1452 921 17226 12795 8419 14826 1964 625 498 6141 1074 431 643 4379 2851 1528 291 397 816 657 1568 404 1762 1338 562 531 4376 2922 621 243 2301 696 418 210 185 559 1283 221 847 296 2278 849 1014 433 465 489 378 12862 974 999 307 252 581 322 242 288 202 235
is_linear=0
shrinkage=0.03


Tree=2
num_leaves=63
num_cat=0
split_feature=9 8 8 11 11 8 6 1 8 8 7 1 6 11 8 6 6 8 6 11 3 11 11 2 11 2 3 4 4 2 11 9 3 11 9 11 3 8 11 8 4 4 6 8 2 5 6 8 11 11 11 11 4 2 6 3 5 2 8 2 8 4
split_gain=18638.6 3309.51 2555.32 773.902 741.655 376.562 225.669 217.7 205.66 198.532 153.537 143.684 122.003 93.6276 81.4766 65.4851 63.7549 62.6635 50.9589 45.3048 41.7318 39.7445 39.2818 36.1046 32.04 35.1088 30.904 30.2579 30.1697 22.7818 22.4209 23.5942 20.6486 19.3346 18.1971 43.461 25.8452 17.1364 42.4035 40.5042 14.6929 10.4424 10.1891 10.0497 9.8178 9.46144 9.1385 7.97632 8.34142 7.62612 7.08079 6.82528 6.43436 6.09677 5.41935 5.32273 5.2679 4.95717 4.62003 4.37815 6.77279 4.2837
threshold=1.0000000180025095e-35 0.78656609248549325 -0.60355339059327362 -0.24999999999999994 1.0000000180025095e-35 0.91597561503675362 0.97587888928342192 0.12500000000000003 -0.37940952255126059 -0.98296291314453399 0.067739252631277086 0.065000000000000016 0.97587888928342192 0.6830127018922193 0.91597561503675362 0.9919160630702849 0.6284387002523627 -0.91597561503675329 0.88495649876721172 -0.68301270189221952 0.95000000000000007 0.6830127018922193 0.6830127018922193 0.95000000000000007 0.6830127018922193 0.8500000000000002 0.95000000000000007 0.17499999999999996 0.083333333333333315 0.75000000000000011 0.6830127018922193 -0.70710678118654757 0.95000000000000007 -0.68301270189221952 -0.70710678118654757 0.6830127018922193 0.45000000000000007 -0.91597561503675329 0.25000000000000017 -0.78656609248549303 0.058333333333333307 0.78333333333333355 0.40469693966315429 -0.78656609248549303 0.75000000000000011 0.22500000000000003 0.46864169028679781 -0.91597561503675329 0.93301270189221952 -0.24999999999999994 -0.24999999999999994 0.25000000000000017 0.17499999999999996 0.35000000000000003 0.31691654995395618 0.8500000000000002 1.0000000180025095e-35 0.8500000000000002 -0.78656609248549303 0.95000000000000007 0.60355339059327384 0.17499999999999996
decision_type=2 2 2 2 2 2 2 2 2 2 2 2 2 2 2 2 2 2 2 2 2 2 2 2 2 2 2 2 2 2 2 2 2 2 2 2 2 2 2 2 2 2 2 2 2 2 2 2 2 2 2 2 2 2 2 2 2 2 2 2 2 2
left_child=1 7 3 6 5 16 10 9 15 24 29 19 51 26 21 -4 -3 -8 30 23 33 27 40 45 32 52 37 -6 58 -2 46 -32 -1 43 -20 -36 -37 38 -14 56 49 47 -31 -19 -23 -7 59 -30 -49 -17 -18 54 -26 -21 -5 -38 -39 -29 -15 -11 -61 -24
right_child=2 4 8 12 14 11 17 -9 -10 18 -12 -13 13 28 -16 22 50 20 34 53 -22 44 61 -25 25 -27 -28 57 41 42 31 -33 -34 -35 35 36 55 39 -40 -41 -42 -43 -44 -45 -46 -47 -48 48 -50 -51 -52 -53 -54 -55 -56 -57 -58 -59 -60 60 -62 -63
leaf_value=0.0014685997817844619 -3.2404972627758969e-05 0.00024329892915347587 -0.0005428302556425333 -0.00054562240128032857 0.00010164033024385565 0.00018963870536629107 0.0019777814354002472 0.011232823404684662 -0.0005428302556425333 0.0016495970939928663 0.00073573598659364505 0.00068734740151790892 0.00046943112564319742 -6.2443047523498481e-05 -0.0005428302556425333 -2.4309118299744997e-05 0.0019701908633261915 0.00044256063542026094 0.0085406928986459969 -0.00032690694069850723 -1.444296540319915e-05 -0.00043012940994801462 -0.00025181208326574409 -0.00033074721489753574 0.00050102763177361338 -0.00022420788855850689 -0.00012604663798108234 -0.00018586554230377083 -0.0001629190555438399 -0.00033501935137063261 0.0010774777616327628 -4.5867185164242571e-06 0.00020355290376115594 0.00011074750421941289 0.0049628046631962058 0.0014582550630122422 0.00061626977006345996 -4.1828721217811032e-05 -7.0274797350866714e-05 4.7439354211091987e-05 -0.0001842799946833402 -0.00031204737887252117 -0.00013192679882096121 0.00020096267795562741 -0.0005428302556425333 -5.1392535885097404e-05 0.0021502556648254393 -0.00010980523673817512 -0.00031639213996566832 -0.00010393708075443284 0.00081863493771851053 -0.00054562240128032857 0.00010394005815871059 -0.00042787183562410059 -0.00019567280434677374 0.00014715080163767559 -8.7293101675808417e-05 -0.00048861864360468454 -1.7704414710402461e-05 0.00055643941570445896 0.00027015467241592702 -0.00054836711435671888
leaf_weight=140 147 152 411 83 141 85 433 10764 11710 88 146 94 143 147 722 209 498 184 1219 98 129 166 107 92 94 145 170 107 128 149 116 106 130 321 776 146 133 163 162 318 435 266 134 194 184 137 176 180 107 154 94 368 137 219 104 130 137 106 89 195 87 174
leaf_count=140 147 152 411 83 141 85 433 10764 11710 88 146 94 143 147 722 209 498 184 1219 98 129 166 107 92 94 145 170 107 128 149 116 106 130 321 776 146 133 163 162 318 435 266 134 194 184 137 176 180 107 154 94 368 137 219 104 130 137 106 89 195 87 174
internal_value=-0.000117161 0.021828 -0.0219065 -0.0021122 -0.00746892 0.0074898 0.0127476 0.0276445 -0.0285069 0.0214768 -0.00280763 -0.00789256 -0.0127553 -0.0093088 -0.0228732 -0.0179879 0.0224698 0.0198494 0.0245635 -0.0130538 0.0149819 -0.0155745 -0.0140833 -0.00495238 0.00630603 0.000636605 -0.00337294 -0.0084507 -0.0163725 -0.0118329 0.0177893 0.0096861 0.0141697 0.0178714 0.0267193 0.0240051 0.0160244 -0.0012013 0.00460784 -0.00407108 -0.0106633 -0.0195748 -0.0167958 0.0224802 -0.022735 0.00161435 0.0210603 -0.0165144 -0.0136458 -0.00618132 0.026914 -0.0251978 0.00788793 -0.0210377 -0.020266 0.0103409 -0.0119601 -0.0155607 -0.00708861 0.0182749 0.0163251 -0.0237234
internal_weight=35079 17477 17602 4402 2895 1469 1837 14582 13200 3818 576 725 2565 2010 1426 1490 744 1261 3172 631 828 704 1079 314 646 376 1093 354 917 430 768 222 270 699 2404 1185 409 923 305 618 798 681 283 378 350 222 546 415 287 363 592 555 231 317 187 263 300 213 236 370 282 281
internal_count=35079 17477 17602 4402 2895 1469 1837 14582 13200 3818 576 725 2565 2010 1426 1490 744 1261 3172 631 828 704 1079 314 646 376 1093 354 917 430 768 222 270 699 2404 1185 409 923 305 618 798 681 283 378 350 222 546 415 287 363 592 555 231 317 187 263 300 213 236 370 282 281
is_linear=0
shrinkage=0.03


Tree=3
num_leaves=63
num_cat=0
split_feature=0 8 0 0 6 11 8 9 8 6 7 0 7 4 11 11 8 11 0 3 8 11 0 9 8 11 8 3 3 0 7 4 5 6 5 4 8 8 0 8 11 11 4 5 11 8 6 8 3 0 7 2 4 5 8 9 6 3 11 3 11 2
split_gain=24405 1907.47 426.666 384.561 243.167 214.124 190.69 104.432 92.2075 77.9105 67.9687 66.0776 64.2059 58.4863 43.3531 36.1881 34.5784 29.3882 28.9142 21.6837 21.3503 20.028 19.7476 19.4838 21.763 18.1834 19.8521 16.637 14.6427 11.574 11.3842 10.5256 9.36222 9.34774 8.99211 8.72328 8.99131 8.2155 10.8128 8.01262 19.0588 7.81475 7.7296 7.69476 7.18741 8.26965 7.05099 7.00856 6.9414 6.11402 5.70499 5.42728 4.7282 4.28119 3.96282 5.73689 3.57276 3.46831 3.39381 3.38723 3.05182 3.04942
threshold=0.075000000000000025 -0.37940952255126059 0.19500000000000003 1.0000000180025095e-35 0.96010100249940655 -0.24999999999999994 0.60355339059327384 -0.5 -0.60355339059327362 0.70439444458987499 0.16361085432015765 0.36500000000000005 1.0000000180025095e-35 0.058333333333333307 0.6830127018922193 -0.5 -0.98296291314453399 -0.68301270189221952 0.042500000000000003 0.95000000000000007 0.91597561503675362 0.93301270189221952 0.12500000000000003 0.78656609248549303 -0.78656609248549303 -0.24999999999999994 -0.60355339059327362 0.8500000000000002 0.95000000000000007 0.12500000000000003 0.017689983143207636 0.68285714285714294 1.0000000180025095e-35 0.61827818261829826 0.71666666666666667 0.78333333333333355 -0.60355339059327362 -0.91597561503675329 0.03500000000000001 0.60355339059327384 1.0000000180025095e-35 -0.68301270189221952 0.45277777777777778 0.22500000000000003 0.93301270189221952 -0.78656609248549303 0.96010100249940655 -0.78656609248549303 0.083333333333333315 0.49500000000000005 0.12012012012012027 0.55000000000000016 0.58333333333333337 0.083333333333333315 -0.78656609248549303 0.78656609248549303 0.70439444458987499 0.62500000000000011 0.25000000000000017 0.35000000000000003 -0.24999999999999994 0.55000000000000016
decision_type=2 2 2 2 2 2 2 2 2 2 2 2 2 2 2 2 2 2 2 2 2 2 2 2 2 2 2 2 2 2 2 2 2 2 2 2 2 2 2 2 2 2 2 2 2 2 2 2 2 2 2 2 2 2 2 2 2 2 2 2 2 2
left_child=1 3 6 4 25 8 29 -3 19 30 22 12 20 23 28 17 21 42 -9 41 39 43 31 24 53 26 33 -24 32 46 -5 -8 52 -1 37 36 44 38 -18 -4 -41 57 -10 -11 45 -16 60 -43 -25 50 -13 -27 -15 -7 -34 -56 -31 -6 -48 -42 -2 -58
right_child=2 7 11 9 5 13 10 18 15 16 -12 49 -14 14 35 -17 34 -19 -20 -21 -22 -23 27 48 -26 51 -28 -29 -30 56 -32 -33 54 -35 -36 -37 -38 -39 -40 40 59 47 -44 -45 -46 -47 58 -49 -50 -51 -52 -53 -54 -55 55 -57 61 -59 -60 -61 -62 -63
leaf_value=-0.00030967417685385086 0.00031191117949549117 -0.000120634520326741 0.0016770322170027857 -0.00024249094161230141 0.00022021522700488343 -5.2427073345221523e-05 -0.0002993098190167104 -0.00052654534797325731 -2.4499814503183558e-05 0.00067379955140662966 0.00046584823726227031 0.0013199974516807122 0.0017592826539226992 -3.8814547927547225e-05 -0.00011549351099934421 4.7757014497686231e-05 0.00015719260726057463 -0.00022104955603318287 -0.00036393641383876787 -3.8397718905955509e-05 8.5019542703067375e-05 -0.00027162620526088394 -0.00010620411368239674 -0.00012149016430906011 4.6033525068685448e-05 -0.00031033125330998562 -0.00043444785534080114 0.00018993126394260671 -0.00016909441300491508 0.00059223693167908826 1.3959933049092105e-05 -6.6276505216362425e-05 -0.00010739067388560623 -0.00012410115700542919 0.00015366579880284149 -0.0003372109853715263 -0.00039123377820781422 0.00038057359758593027 0.00090579711095037407 0.00099811514859484752 0.00021334197912080199 1.7643580556362912e-05 -0.00019813125118469814 0.00019670902153149253 -0.00025033310864078803 -0.00011675175847448403 0.0010739362962651929 0.00017376554314836861 -0.00020994910960820038 0.011323918367251306 0.0027774812941248716 -0.00052654534797325731 1.6209221078529978e-05 -9.8484417189614697e-05 -2.5757311137020557e-05 -0.00024214587033675981 0.0014563013968849181 0.00015788784112080926 0.0011823930443776189 0.00029760045894093801 0.00024186121762644498 0.0013876129673370348
leaf_weight=176 93 146 196 140 122 291 151 12989 168 84 87 514 1165 133 175 90 95 83 188 91 119 89 136 117 261 108 189 145 214 200 87 119 150 111 104 376 149 226 80 174 92 114 88 117 166 90 118 160 115 11271 698 563 84 83 86 92 80 121 112 135 89 265
leaf_count=176 93 146 196 140 122 291 151 12989 168 84 87 514 1165 133 175 90 95 83 188 91 119 89 136 117 261 108 189 145 214 200 87 119 150 111 104 376 149 226 80 174 92 114 88 117 166 90 118 160 115 11271 698 563 84 83 86 92 80 121 112 135 89 265
internal_value=-0.000229249 -0.0230981 0.027156 -0.00871653 -0.012297 -0.0084779 0.0124248 -0.0293448 0.00303468 0.00797654 -0.00028169 0.0287908 0.0235122 -0.013101 -0.0163112 -0.00760465 0.0123995 -0.0120882 -0.0296244 0.0105419 0.0164017 0.00412371 -0.00418478 -0.00673963 -0.00400943 -0.0243293 -0.0197484 0.00138298 -0.0109342 0.0208873 -0.0075 -0.0099631 -0.0082967 -0.0146875 0.0171344 -0.0205643 -0.0181756 0.0191791 0.0141477 0.0187124 0.016194 0.0129151 -0.00700389 0.00935644 -0.0159028 -0.0127444 0.0169976 0.00938182 -0.0141631 0.0295843 0.0274031 -0.0275446 -0.00344037 -0.00864 -0.0114894 -0.00837989 0.0237912 0.0168443 0.0205195 0.0103947 0.012459 0.0257514
internal_weight=35070 19111 15959 5788 4766 3619 1595 13323 1037 1022 638 14364 1881 2582 1715 429 795 339 13177 608 716 290 551 867 635 1147 476 281 759 957 227 270 545 287 505 956 580 401 175 597 401 517 256 201 431 265 412 274 232 12483 1212 671 217 374 328 178 545 243 230 227 182 345
internal_count=35070 19111 15959 5788 4766 3619 1595 13323 1037 1022 638 14364 1881 2582 1715 429 795 339 13177 608 716 290 551 867 635 1147 476 281 759 957 227 270 545 287 505 956 580 401 175 597 401 517 256 201 431 265 412 274 232 12483 1212 671 217 374 328 178 545 243 230 227 182 345
is_linear=0
shrinkage=0.03


Tree=4
num_leaves=63
num_cat=0
split_feature=0 8 0 0 8 4 9 1 10 8 8 5 2 9 0 8 10 8 3 0 2 8 3 5 3 0 8 8 10 10 1 10 10 8 0 4 10 1 0 0 5 1 0 2 9 10 10 8 2 9 10 8 5 0 10 4 10 1 10 5 8 10
split_gain=24128.4 1788.89 555.066 346.305 215.111 186.391 89.4873 82.7836 78.6446 73.103 61.8412 45.5531 44.7738 33.6694 32.6257 30.0675 29.8627 23.4566 25.7349 20.9962 19.4186 20.1845 16.4376 16.299 15.8991 15.8805 15.6575 22.4253 15.0331 14.9767 14.5378 13.792 12.2184 10.1909 9.18233 8.8649 8.8631 8.73872 7.85606 7.62826 7.3685 7.02495 6.21334 5.7444 5.62649 4.74222 6.53994 4.37795 3.89888 3.88416 3.3677 3.29039 3.2688 3.21888 3.20512 3.17133 2.94961 2.79016 2.72276 2.64703 2.30446 2.2496
threshold=0.065000000000000016 -0.37940952255126059 0.19500000000000003 1.0000000180025095e-35 0.60355339059327384 0.058333333333333307 -0.5 0.055000000000000007 1.0000000180025095e-35 0.78656609248549325 -0.60355339059327362 0.15000000000000005 0.8500000000000002 0.78656609248549303 0.37500000000000006 -0.78656609248549303 1.0000000180025095e-35 -0.98296291314453399 0.95000000000000007 0.50500000000000012 0.35000000000000003 0.91597561503675362 0.95000000000000007 0.083333333333333315 0.57500000000000007 0.042500000000000003 -0.78656609248549303 -0.60355339059327362 1.0000000180025095e-35 -0.5 1.0000000180025095e-35 0.25000000000000011 1.0000000180025095e-35 -0.78656609248549303 0.15500000000000003 0.85833333333333339 0.68301270189221941 0.085000000000000006 0.025000000000000005 0.12500000000000003 0.55000000000000016 0.075000000000000025 0.54500000000000015 0.65000000000000002 0.78656609248549303 0.68301270189221941 -0.6830127018922193 -0.78656609248549303 0.95000000000000007 -0.9159756150367534 1.0000000180025095e-35 -0.91597561503675329 0.71666666666666667 0.33500000000000008 1.0000000180025095e-35 0.58333333333333337 1.0000000180025095e-35 0.30300000000000005 -0.6830127018922193 0.22500000000000003 -0.91597561503675329 0.68301270189221941
decision_type=2 2 2 2 2 2 2 2 2 2 2 2 2 2 2 2 2 2 2 2 2 2 2 2 2 2 2 2 2 2 2 2 2 2 2 2 2 2 2 2 2 2 2 2 2 2 2 2 2 2 2 2 2 2 2 2 2 2 2 2 2 2
left_child=1 3 4 5 29 8 -3 20 10 19 33 32 13 15 24 45 -15 31 51 30 -6 35 28 -14 56 -8 -10 -28 43 37 49 -13 -5 60 40 39 -29 -2 -20 -22 -31 48 -16 -17 47 46 -7 -25 -42 -4 -49 -19 -52 59 -46 -30 -11 -32 -35 -51 -1 -18
right_child=2 6 9 11 7 12 25 -9 26 14 -12 17 23 16 42 22 61 18 38 -21 21 -23 -24 44 -26 -27 27 36 55 34 57 -33 -34 58 -36 -37 -38 -39 -40 -41 41 -43 -44 -45 54 -47 -48 50 -50 53 52 -53 -54 -55 -56 -57 -58 -59 -60 -61 -62 -63
leaf_value=-9.5267177391666482e-05 0.00048500722647052921 -0.00010415692284674371 0.0023563855481650723 0.00026723035878447612 -0.00025378378279960757 -7.7036223988010579e-05 -0.00051074898753405962 0.00046887330801144217 -2.8297453320188825e-05 0.00042626659984449722 -0.00020228165807447044 -0.0002866776061023719 -0.00016564279070036537 -0.00030996578960173929 0.0010087636611761804 -1.7034285186523465e-05 -0.0002399204043015575 0.00029612317360180727 -0.00010497738585968631 0.011457734983046664 -0.00019763244429875262 -0.00022768471742559885 -0.00021460540007659925 -0.00026316202904471883 0.00064053133276242835 -0.00036133757616698368 0.00019031323113574233 -3.5694355638298949e-05 0.00018138488856552914 0.0012252574499038566 0.0015364223755244253 9.1817854774530852e-05 0.00045815513767253978 -1.356040954941129e-05 0.0011312094678387439 0.00018876028078328893 2.578854250910114e-05 0.0010072333845126554 8.1054459881897483e-05 4.1133741639705067e-05 0.00067342904495739579 0.00066939907340667721 0.0023914117537486685 -0.00021561499794419108 -0.00051074898753405962 -5.4448495339359507e-05 -0.00014867079813480561 -0.00032856505053909256 0.00022654398578412607 0.0022907336015204525 -0.00022361438470269593 0.00028656943992154009 -0.00030332773902851936 0.0013340576735601901 -0.00039240315852193456 5.0098407307677685e-05 5.8620291805682974e-05 0.0028140803797122435 6.0325399913962984e-05 0.00072632103987462133 -3.385998195608442e-05 -7.950399956025755e-05
leaf_weight=117 158 121 86 159 117 154 12949 94 189 82 250 149 141 301 196 148 121 93 95 10817 106 142 95 626 245 123 249 111 81 184 914 86 145 148 221 120 138 117 109 130 91 165 314 107 178 122 320 179 83 89 95 106 130 278 232 80 84 1042 95 190 180 112
leaf_count=117 158 121 86 159 117 154 12949 94 189 82 250 149 141 301 196 148 121 93 95 10817 106 142 95 626 245 123 249 111 81 184 914 86 145 148 221 120 138 117 109 130 91 165 314 107 178 122 320 179 83 89 95 106 130 278 232 80 84 1042 95 190 180 112
internal_value=-0.000318911 -0.0233565 0.0266893 -0.00921482 0.0106189 -0.0125426 -0.029402 -0.00207042 -0.00371448 0.0286253 -0.0101643 0.0073807 -0.016587 -0.0130999 0.0204013 -0.0100993 -0.0192897 0.0028169 0.00720297 0.0291883 -0.00608766 -0.00348697 -0.00474609 -0.020196 0.0140534 -0.0296397 0.0037064 0.00649299 -0.00215827 0.0194412 0.0267115 -0.00470339 0.016918 -0.00443623 0.0216644 0.000336134 0.00012 0.0133696 -0.000292683 -0.00303797 0.0194084 0.0166765 0.0254795 -0.00667969 -0.021152 -0.0146734 -0.0160421 -0.019903 0.0123429 0.0226863 -0.0173333 0.01485 -0.0147345 0.0216667 -0.0242336 0.005 0.00682635 0.0280225 0.000122951 0.0191786 -0.00815436 -0.0111538
internal_weight=34899 18834 16065 5641 1728 4699 13193 709 1477 14337 790 942 3222 1641 921 1107 534 638 403 13416 615 498 511 1581 411 13072 687 498 416 1019 2599 235 304 540 744 356 249 275 204 236 523 339 510 255 1440 596 474 1030 174 643 404 199 225 557 410 161 166 1956 243 279 297 233
internal_count=34899 18834 16065 5641 1728 4699 13193 709 1477 14337 790 942 3222 1641 921 1107 534 638 403 13416 615 498 511 1581 411 13072 687 498 416 1019 2599 235 304 540 744 356 249 275 204 236 523 339 510 255 1440 596 474 1030 174 643 404 199 225 557 410 161 166 1956 243 279 297 233
is_linear=0
shrinkage=0.03


Tree=5
num_leaves=63
num_cat=0
split_feature=0 8 0 6 11 8 8 0 0 7 0 10 11 4 4 5 6 0 11 8 0 8 10 8 2 10 11 5 6 0 0 8 7 0 8 6 8 4 5 8 8 2 11 5 8 8 4 4 4 10 5 8 2 8 11 6 2 0 6 6 8 11
split_gain=23953.9 1807.97 674.736 284.856 230.128 198.147 134.974 120.204 110.354 103.241 93.9463 69.6083 62.2857 34.7702 29.6949 23.5206 21.8518 18.8493 18.5985 19.0674 18.0336 17.9457 17.5918 27.053 21.3513 17.5149 17.0039 16.2152 15.7709 15.7389 13.2251 12.3361 10.8828 10.5252 10.0274 9.93746 9.81835 9.76258 8.9197 8.68093 8.25441 7.95226 7.8493 7.36944 7.28292 6.86314 6.79358 6.70389 6.08222 6.75175 5.56537 4.28042 4.21927 4.11064 3.74185 3.65272 4.27623 3.24407 3.15155 2.68388 4.17413 5.07255
threshold=0.055000000000000007 -0.37940952255126059 0.15500000000000003 0.9919160630702849 -0.24999999999999994 0.60355339059327384 -0.60355339059327362 1.0000000180025095e-35 0.37500000000000006 1.0000000180025095e-35 0.015000000000000001 1.0000000180025095e-35 0.6830127018922193 0.75833333333333341 0.083333333333333315 0.71666666666666667 0.92930638923935771 0.72500000000000009 0.25000000000000017 -0.70710678118654735 0.03500000000000001 0.60355339059327384 0.68301270189221941 -0.60355339059327362 0.65000000000000002 0.25000000000000011 -0.68301270189221952 0.15000000000000005 0.61827818261829826 0.10500000000000002 0.24500000000000002 -0.78656609248549303 0.14442030416748966 0.12500000000000003 -0.60355339059327362 0.69300588406246244 -0.78656609248549303 0.68285714285714294 0.63333333333333341 -0.78656609248549303 -0.98296291314453399 0.55000000000000016 1.0000000180025095e-35 0.083333333333333315 -0.60355339059327362 -0.60355339059327362 0.48333333333333339 0.85833333333333339 0.68285714285714294 -0.24999999999999994 0.15000000000000005 -0.78656609248549303 0.95000000000000007 -0.78656609248549303 -0.24999999999999994 0.75185124348285037 0.75000000000000011 0.10500000000000002 0.73969540741716389 0.69300588406246244 0.37940952255126054 -0.24999999999999994
decision_type=2 2 2 2 2 2 2 2 2 2 2 2 2 2 2 2 2 2 2 2 2 2 2 2 2 2 2 2 2 2 2 2 2 2 2 2 2 2 2 2 2 2 2 2 2 2 2 2 2 2 2 2 2 2 2 2 2 2 2 2 2 2
left_child=1 3 5 10 6 16 15 12 9 13 18 -8 22 21 45 26 33 32 19 28 -3 -4 23 31 39 27 53 -9 52 47 41 43 59 54 48 -12 -26 -31 -30 -24 -18 -23 -32 -6 -41 51 -13 -7 49 -16 -28 -14 -1 -5 -2 -20 -57 -42 -11 -10 -61 -62
right_child=2 20 8 4 7 29 11 25 17 58 35 46 14 -15 34 -17 40 -19 55 -21 -22 30 24 -25 36 -27 50 -29 38 37 42 -33 -34 -35 -36 -37 -38 -39 -40 44 57 -43 -44 -45 -46 -47 -48 -49 -50 -51 -52 -53 -54 -55 -56 56 -58 -59 -60 60 61 -63
leaf_value=-0.00028114257977507719 0.00022855032271601046 -0.00049542651790803784 0.0010935688300321978 0.00036740115665986038 -3.3144592697794787e-05 -0.00027906568997526724 -0.00020835807756982135 0.00041717638087426003 0.0012322290444904752 0.0009722311606302586 -0.00013880131226228032 3.7729562792799469e-05 -6.3816096731405777e-05 0.001006316661618016 -8.6605285233182751e-05 1.2745860934808786e-05 0.00094533351179700747 0.012322671055250782 -0.00050145001384600731 -0.00049542651790803784 -0.00035049744888197409 -7.6374484642589621e-05 -2.7084836779881494e-05 -0.00019774183486121597 -7.9302383280271759e-05 0.00038845935732159041 6.9937856575769114e-05 -0.00016874062338912845 -1.04232162323507e-05 -0.00011475686310510372 0.00041950683063469486 -9.0997932207647311e-06 0.0033725226133625662 0.00050189715308075224 -0.00039601419850758703 0.00012423713747605563 -7.7732702431320785e-05 0.00012415691965668549 -0.00016246525545597049 0.00014832454045237721 0.00077539952571742377 0.00013595342550741822 0.00020985649614014832 -0.00010591030628840318 -1.020437349070074e-05 -0.00019054837544401449 -6.4130375426705021e-05 -6.2094368014902927e-05 -0.00021556480524098474 -0.0001605034017328855 0.00012706491344259698 -1.8822948199665561e-05 -0.00033580213963040263 0.00018792250401630759 0.00014129372652874029 -0.00024251103186114005 -0.00049542651790803784 0.001285916652578408 0.0021140613789529463 0.0033301971996361206 0.001499944081393052 0.0015409705634641818
leaf_weight=168 128 13101 156 164 153 247 161 94 267 552 121 167 149 319 107 126 152 9746 296 276 167 96 115 194 120 120 192 121 83 166 165 206 1542 113 201 80 155 104 108 101 164 134 133 146 87 81 88 99 330 229 117 87 152 193 124 87 213 150 968 234 249 367
leaf_count=168 128 13101 156 164 153 247 161 94 267 552 121 167 149 319 107 126 152 9746 296 276 167 96 115 194 120 120 192 121 83 166 165 206 1542 113 201 80 155 104 108 101 164 134 133 146 87 81 88 99 330 229 117 87 152 193 124 87 213 150 968 234 249 367
internal_value=-0.000411274 -0.0234629 0.0261328 -0.00914654 -0.0048839 0.00656768 0.00605459 -0.0096103 0.0280287 0.0222861 -0.0199117 -0.00776978 -0.011905 0.0147908 -0.0168608 0.0133165 0.0161178 0.0291947 -0.0226951 -0.0196066 -0.0294913 0.0109489 -0.00730047 -0.0105 -0.00341969 0.00723214 0.0155622 0.00208333 -0.0161133 -0.00632091 0.00827977 -0.00681818 0.0268985 0.0105738 -0.019735 -0.000742574 -0.00945652 -0.000885609 -0.00921875 0.00207237 0.0204283 0.00285714 0.0124415 -0.0107 0.00603175 -0.00896226 0.00199219 -0.0105476 -0.017901 -0.0149555 0.0103548 -0.00632911 -0.0201869 0.0200279 0.00711462 -0.0267337 -0.0241196 0.0232381 0.0272189 0.0245528 0.0254524 0.0240194
internal_weight=35231 18856 16375 5588 4004 1447 1208 2796 14928 2523 1584 416 2461 1003 1184 792 831 12405 1383 787 13268 684 1277 699 578 335 666 215 511 616 528 505 2659 365 867 201 275 270 191 303 466 230 298 299 188 317 255 346 666 336 309 236 320 357 252 596 300 314 1520 1117 850 616
internal_count=35231 18856 16375 5588 4004 1447 1208 2796 14928 2523 1584 416 2461 1003 1184 792 831 12405 1383 787 13268 684 1277 699 578 335 666 215 511 616 528 505 2659 365 867 201 275 270 191 303 466 230 298 299 188 317 255 346 666 336 309 236 320 357 252 596 300 314 1520 1117 850 616
is_linear=0
shrinkage=0.03


Tree=6
num_leaves=63
num_cat=0
split_feature=0 8 0 0 6 11 1 9 8 0 9 11 7 6 0 8 0 11 2 2 11 8 2 3 6 1 2 2 11 8 3 2 11 3 5 0 6 11 11 11 11 11 11 8 0 3 0 0 5 2 6 5 11 6 2 0 2 2 3 9 11 2
split_gain=23731.7 1929.69 447.663 295.753 260.06 168.168 160.217 85.9927 85.437 83.2327 65.0729 88.0066 62.1975 60.5081 42.8191 30.8446 27.7242 27.6156 26.434 25.0215 21.9188 21.0654 20.5279 16.3432 16.0374 13.6735 12.2886 12.2644 11.8702 11.8479 11.8044 10.3026 11.1579 8.70688 7.12346 8.0517 7.07847 6.61147 6.44343 18.1901 25.0437 38.8714 27.265 6.32331 6.23975 6.06731 5.98191 5.94686 5.7311 5.51612 4.8063 4.68084 4.60474 4.34055 5.95568 4.32235 4.30934 4.13528 3.9292 3.44649 5.38179 3.39955
threshold=0.075000000000000025 -0.37940952255126059 0.21500000000000002 1.0000000180025095e-35 0.9919160630702849 0.6830127018922193 0.015000000000000001 -0.5 0.78656609248549325 0.54500000000000015 0.78656609248549303 -0.24999999999999994 0.033451032562071846 0.84272314683140503 0.042500000000000003 -0.78656609248549303 0.12500000000000003 0.93301270189221952 1.0000000180025095e-35 0.55000000000000016 -0.24999999999999994 -0.60355339059327362 0.55000000000000016 0.95000000000000007 0.2363322112254401 1.0000000180025095e-35 0.65000000000000002 0.45000000000000007 -0.5 0.60355339059327384 0.62500000000000011 0.75000000000000011 0.93301270189221952 0.95000000000000007 0.55000000000000016 0.13500000000000004 0.35816297423289001 -0.68301270189221952 0.25000000000000017 1.0000000180025095e-35 -0.24999999999999994 -0.5 -0.68301270189221952 0.78656609248549325 0.31500000000000006 0.75000000000000011 0.29500000000000004 0.042500000000000003 0.35000000000000003 0.75000000000000011 0.25225449781670933 0.15000000000000005 0.6830127018922193 0.7767654897855063 0.25000000000000006 0.72500000000000009 0.75000000000000011 0.35000000000000003 0.35000000000000003 -0.70710678118654757 -0.24999999999999994 0.75000000000000011
decision_type=2 2 2 2 2 2 2 2 2 2 2 2 2 2 2 2 2 2 2 2 2 2 2 2 2 2 2 2 2 2 2 2 2 2 2 2 2 2 2 2 2 2 2 2 2 2 2 2 2 2 2 2 2 2 2 2 2 2 2 2 2 2
left_child=1 3 6 4 20 10 8 -3 29 12 11 23 19 25 -9 26 48 28 -7 43 21 24 -18 37 -1 -5 -13 -22 45 53 -17 32 58 -26 -8 50 -14 -6 39 40 41 42 49 -4 -45 57 59 56 -10 -12 -36 -39 -31 -2 -55 -11 -30 -15 -20 -21 -61 -48
right_child=2 7 9 13 5 18 34 14 16 55 38 15 36 17 -16 30 22 -19 31 46 27 -23 -24 -25 33 -27 -28 -29 47 52 -32 -33 -34 -35 35 -37 -38 51 -40 -41 -42 -43 -44 44 -46 -47 61 -49 -50 -51 -52 -53 -54 54 -56 -57 -58 -59 -60 60 -62 -63
leaf_value=-0.00033843322364275895 0.00020697709592301363 -0.00013439013164976937 0.00054529344145023105 -0.00019831771473807725 0.00018788541123867771 -5.0885214106158697e-05 0.0013188714828289469 -0.00048056372237079658 -0.0002836863657632907 0.0032491929785614061 -3.0505172982079226e-05 -2.6272291676485043e-05 0.0012230354103567717 0.00019972129580464039 -0.00030622831958186067 0.00011506707345402593 -0.00015503091518787171 -0.00016908638311668081 -0.00011709387519371353 0.0011509936832764845 -0.00021341105738796555 -0.00035466419004377616 0.00012114790642900607 -1.248787179616427e-05 -2.2977340964962926e-05 7.1611457862094487e-05 -9.95565766663875e-05 -0.00048640651343062711 0.00038932346592893634 0.0002154130119385826 -4.6684563321452015e-05 -0.00027392026359586723 -0.00021297962667666669 -0.00014784701011025958 0.00023667186970607599 0.00074947402501540888 0.002507969972573867 7.11071820763728e-05 -0.00016360820214742476 1.5452553959058763e-05 -0.00023412587296896547 6.3073923629670465e-05 -0.00021467906398689264 3.9439721638212849e-05 0.00022623474760403674 0.00031863654773978269 0.00087223433931993418 0.00078825422286306498 -0.00020583252809769551 -0.00015632890125040963 0.00053015835351444501 0.00011591103353394992 1.5919237771583328e-06 0.00097739024509358287 0.001045051011352795 0.011908632184336401 6.5925224498280429e-05 0.00057965590466675448 -7.4614365760989788e-05 0.00082326938210518208 0.00031058519275556368 0.0014059070471153044
leaf_weight=139 113 134 119 164 214 221 269 13071 80 1152 151 299 436 87 179 225 88 104 130 90 99 200 153 85 87 86 209 699 135 89 147 496 179 92 92 336 1615 172 178 97 86 95 83 92 133 89 112 116 114 85 123 111 88 80 217 9754 120 80 171 84 96 451
leaf_count=139 113 134 119 164 214 221 269 13071 80 1152 151 299 436 87 179 225 88 104 130 90 99 200 153 85 87 86 209 699 135 89 147 496 179 92 92 336 1615 172 178 97 86 95 83 92 133 89 112 116 114 85 123 111 88 80 217 9754 120 80 171 84 96 451
internal_value=-0.000498404 -0.0230524 0.0264868 -0.00848395 -0.0115807 -0.00723144 0.0125665 -0.0292895 0.00463343 0.0283 -0.00237265 0.00135338 0.0240446 0.00650713 -0.0295314 -0.0046311 -0.00543578 0.0108607 -0.0163022 0.0185144 -0.0229157 -0.0180347 0.00136364 0.0103945 -0.0131661 -0.00621514 -0.00943026 -0.0260576 0.0132325 0.0120918 0.00193029 -0.0184237 -0.0152183 -0.00716667 0.0224361 0.0203804 0.0272076 0.0124699 -0.00939433 -0.00787625 -0.0101796 -0.00708434 -0.0120938 0.0116522 0.00862832 0.0182101 0.0213309 0.00975806 -0.0138462 -0.00683544 0.0156944 0.00940141 0.0055618 0.0148905 0.0168121 0.0295572 0.00714844 0.0216071 -0.0116225 0.0174908 0.0149171 0.0231383
internal_weight=35091 19115 15976 5731 4750 3434 1842 13384 1022 14134 2237 1462 3228 981 13250 880 435 731 1197 1177 1316 518 241 582 318 250 508 798 627 587 372 976 480 179 820 551 2051 497 775 597 500 414 319 344 225 256 833 371 194 236 215 283 177 410 297 10906 255 167 301 270 180 563
internal_count=35091 19115 15976 5731 4750 3434 1842 13384 1022 14134 2237 1462 3228 981 13250 880 435 731 1197 1177 1316 518 241 582 318 250 508 798 627 587 372 976 480 179 820 551 2051 497 775 597 500 414 319 344 225 256 833 371 194 236 215 283 177 410 297 10906 255 167 301 270 180 563
is_linear=0
shrinkage=0.03


Tree=7
num_leaves=63
num_cat=0
split_feature=9 8 8 11 7 8 6 11 7 8 7 8 10 8 10 10 6 5 2 8 10 11 8 11 2 8 5 10 6 2 5 10 8 10 6 10 2 8 9 11 6 8 7 8 3 10 11 2 5 2 10 11 5 3 10 4 5 8 10 5 7 11
split_gain=17542.4 3353.29 2413.14 639.742 593.275 321.854 269.785 307.7 269.126 164.46 122.286 118.034 100.942 82.5417 104.618 63.8353 62.011 60.3459 46.0357 38.9257 41.6609 37.7238 37.4606 85.9027 36.9352 35.1058 33.6463 29.8388 28.426 28.3637 27.2136 26.7177 26.5534 23.8754 23.3441 19.3784 18.6343 14.2582 13.7425 33.8747 13.3456 12.6146 12.5273 17.2528 11.5525 11.0574 10.797 14.4793 10.0079 9.81061 9.77126 9.76768 10.6475 9.27729 9.49673 8.92818 8.84182 9.3227 8.30428 7.90166 6.89779 6.65076
threshold=1.0000000180025095e-35 0.78656609248549325 -0.37940952255126059 1.0000000180025095e-35 0.067739252631277086 0.91597561503675362 0.97587888928342192 -0.24999999999999994 0.12427707017016014 -0.98296291314453399 0.28858356110894196 -0.60355339059327362 0.68301270189221941 0.91597561503675362 -0.6830127018922193 1.0000000180025095e-35 0.4499732416966104 0.55000000000000016 0.65000000000000002 -0.60355339059327362 -0.24999999999999994 0.25000000000000017 0.60355339059327384 0.25000000000000017 0.8500000000000002 -0.60355339059327362 0.71666666666666667 0.93301270189221952 0.46864169028679781 0.75000000000000011 0.083333333333333315 -0.24999999999999994 -0.91597561503675329 1.0000000180025095e-35 0.37003149295102605 1.0000000180025095e-35 1.0000000180025095e-35 -0.78656609248549303 -0.70710678118654757 0.6830127018922193 0.38229330116778887 -0.78656609248549303 0.47115449519411406 -0.91597561503675329 0.35000000000000003 0.25000000000000011 -0.68301270189221952 0.95000000000000007 0.63333333333333341 0.95000000000000007 -0.93301270189221908 0.25000000000000017 0.55000000000000016 0.083333333333333315 0.68301270189221941 0.48333333333333339 0.083333333333333315 -0.91597561503675329 -0.93301270189221908 0.35000000000000003 0.023553699522338052 0.6830127018922193
decision_type=2 2 2 2 2 2 2 2 2 2 2 2 2 2 2 2 2 2 2 2 2 2 2 2 2 2 2 2 2 2 2 2 2 2 2 2 2 2 2 2 2 2 2 2 2 2 2 2 2 2 2 2 2 2 2 2 2 2 2 2 2 2
left_child=1 8 4 5 6 16 21 11 9 24 30 26 19 14 -5 -13 -3 38 32 20 41 25 28 34 35 29 53 31 60 48 -7 -16 -14 -26 -24 -1 -22 -34 -11 -40 -31 56 43 51 -41 -25 47 -32 -2 -20 -18 -10 -53 -8 -55 -17 57 -9 -58 -52 -19 -30
right_child=2 3 -4 13 -6 10 7 12 42 17 -12 15 18 -15 27 55 50 22 49 -21 36 -23 23 45 33 -27 -28 -29 61 40 46 -33 37 -35 -36 -37 -38 -39 39 44 -42 -43 -44 -45 -46 -47 -48 -49 -50 -51 59 52 -54 54 -56 -57 58 -59 -60 -61 -62 -63
leaf_value=0.00027517605518615808 3.085112581795342e-05 -1.5384367675215503e-05 -0.00046614681069967272 0.00018442772330994078 0.0013697501586624984 -8.1587266784093545e-05 0.00012546938975425739 -8.1820171099165719e-05 0.0018353350256981532 0.0084410125263648453 0.00044501232972052329 -0.00020491853489489726 0.00064836919365465328 -0.00046614681069967272 -0.00028300146475486996 3.9732004201055646e-05 0.00058322029345800395 0.00032721293414523974 -4.4776226880020569e-05 -0.00025377294006122183 -4.4651908718307555e-05 -0.00047181431802770831 0.00041888977771135444 0.0001188985448803144 -0.00023014680531921618 -0.00046952190183824165 -8.0126639671300109e-06 -0.00013862480541463034 0.0026280621342974126 -0.00031280181361870429 -0.00010723180815148736 -0.00046614681069967272 -6.169970050962453e-05 0.00011135699431092659 0.0021656262847753191 0.00112953755794131 -0.00017594102916986877 6.8841190262399071e-05 0.0041218910880515686 0.0010377375967252898 -0.00016604993166381536 -1.9256957035481727e-05 0.013281550025256198 0.0041672455423193396 0.00029404046835529001 -0.00017467122687834355 -0.00037696753559124705 -0.0003302570837030551 -0.00012737120573270362 -0.00015530773818095452 0.0015985513655628722 0.0025106122680581613 0.00046192213667801117 0.00023253956237534012 0.00013010303486472866 -6.0580315360333306e-05 -5.1746734013110129e-05 -4.6192040163859674e-06 -0.00012624853998003749 0.00088687681975942916 0.00060156962872741826 0.0017179056563868631
leaf_weight=202 119 121 11700 125 490 172 198 142 435 956 111 160 97 724 124 177 96 178 186 506 100 477 94 105 124 258 141 131 421 221 143 363 86 140 228 130 520 197 601 118 186 273 7470 2231 102 103 217 87 91 147 258 108 110 441 122 87 95 140 189 255 373 372
leaf_count=202 119 121 11700 125 490 172 198 142 435 956 111 160 97 724 124 177 96 178 186 506 100 477 94 105 124 258 141 131 421 221 143 363 86 140 228 130 520 197 601 118 186 273 7470 2231 102 103 217 87 91 147 258 108 110 441 122 87 95 140 189 255 373 372
internal_value=-0.000682537 0.0205442 -0.0218875 -0.00876025 -0.00614674 0.00529774 -0.00903864 -0.0051236 0.026419 0.0200494 -0.00878249 0.00669179 -0.0109742 -0.0227452 -0.0156855 -0.00635294 0.0193707 0.0224343 -0.00130252 -0.0144812 -0.0119795 -0.0206208 0.018656 0.0118644 0.00542714 -0.0168836 0.0128239 -0.0207431 0.0213234 -0.0129612 -0.0139839 -0.0241598 0.00582677 -0.0029434 0.021548 0.0120721 -0.0178744 0.00116197 0.0264061 0.0234672 -0.0175735 -0.00760714 0.0290295 0.027286 0.0133032 -0.00315789 -0.0178795 -0.0132468 -0.00398104 -0.00943114 0.0232623 0.0228899 0.0175342 0.015315 0.0172872 0.00271698 -0.0101587 -0.00636042 -0.0138947 0.0249222 0.0160326 0.0249748
internal_weight=35074 17528 17546 2927 5846 1460 5356 4004 14601 4247 730 1326 2678 1467 743 424 730 3651 713 1965 1459 1352 1874 530 596 875 902 618 1344 617 619 487 380 264 322 332 620 283 1777 821 407 839 10354 2884 220 208 447 230 210 333 609 653 218 761 563 264 566 282 284 513 551 793
internal_count=35074 17528 17546 2927 5846 1460 5356 4004 14601 4247 730 1326 2678 1467 743 424 730 3651 713 1965 1459 1352 1874 530 596 875 902 618 1344 617 619 487 380 264 322 332 620 283 1777 821 407 839 10354 2884 220 208 447 230 210 333 609 653 218 761 563 264 566 282 284 513 551 793
is_linear=0
shrinkage=0.03


Tree=8
num_leaves=63
num_cat=0
split_feature=0 0 0 9 1 9 9 6 0 1 1 0 11 1 9 9 9 11 6 10 9 9 4 4 4 9 9 2 4 10 0 9 5 9 9 11 3 0 0 2 1 6 10 6 1 3 3 11 2 9 11 2 9 9 0 10 6 5 11 4 10 5
split_gain=23155 637.033 470.802 169.117 163.211 148.659 149.132 114.69 80.3789 62.5921 48.3857 46.5404 46.2618 34.1462 32.5486 31.3485 30.22 39.3763 33.856 29.4492 40.8636 34.0892 25.015 18.999 18.4679 17.6772 17.5508 17.9048 15.6193 15.6891 14.0201 13.5466 14.1274 12.5686 60.742 21.9317 12.315 11.2591 11.1411 9.7114 9.31818 17.4352 9.17607 8.67437 9.85623 8.26216 9.50884 8.76443 8.09922 7.17046 6.87393 6.74617 6.34891 81.9178 6.28629 6.21309 5.94412 5.74007 5.64207 5.54023 5.3373 5.1134
threshold=0.085000000000000006 0.015000000000000001 0.27500000000000008 -0.12940952255126037 1.0000000180025095e-35 0.91597561503675351 0.37940952255126048 0.9919160630702849 0.59500000000000008 0.03500000000000001 1.0000000180025095e-35 0.14500000000000005 0.6830127018922193 0.16500000000000004 -0.5 -0.12940952255126037 0.1294095225512602 -0.24999999999999994 0.78953051963513776 1.0000000180025095e-35 0.78656609248549303 0.60355339059327384 0.85833333333333339 0.75833333333333341 0.17499999999999996 -0.5 -0.12940952255126037 0.55000000000000016 0.17499999999999996 0.25000000000000011 0.115 0.78656609248549303 0.71666666666666667 0.25881904510252057 0.1294095225512602 0.6830127018922193 0.95000000000000007 0.042500000000000003 0.20500000000000004 0.8500000000000002 0.49500000000000005 0.71597015982097678 0.25000000000000011 0.75185124348285037 0.24500000000000002 0.95000000000000007 0.11666666666666667 -0.24999999999999994 0.35000000000000003 0.78656609248549303 1.0000000180025095e-35 0.65000000000000002 1.0000000180025095e-35 -0.12940952255126037 1.1050000000000002 0.25000000000000011 0.70439444458987499 0.71666666666666667 0.25000000000000017 0.48333333333333339 1.0000000180025095e-35 1.0000000180025095e-35
decision_type=2 2 2 2 2 2 2 2 2 2 2 2 2 2 2 2 2 2 2 2 2 2 2 2 2 2 2 2 2 2 2 2 2 2 2 2 2 2 2 2 2 2 2 2 2 2 2 2 2 2 2 2 2 2 2 2 2 2 2 2 2 2
left_child=1 5 4 9 11 6 10 39 13 14 33 15 19 23 -3 25 17 -5 -18 20 45 -21 26 -4 49 -2 27 -13 -19 -30 -6 32 50 34 52 36 -36 -16 -29 56 41 54 -27 44 55 46 -9 59 -37 -14 -23 -20 53 -1 57 -32 -8 -10 -33 -48 -45 -49
right_child=2 3 8 16 30 -7 7 12 40 -11 -12 22 24 -15 37 -17 18 28 51 21 -22 31 -24 -25 -26 42 -28 38 29 -31 43 58 -34 -35 35 48 -38 -39 -40 -41 -42 -43 -44 60 -46 -47 47 61 -50 -51 -52 -53 -54 -55 -56 -57 -58 -59 -60 -61 -62 -63
leaf_value=-0.00045216240637868253 5.9198032852357368e-05 -0.00012764751869977185 0.00069988229150121106 -0.00045216240637868253 0.00034132649578901041 -0.00045216240637868253 -0.00045216240637868253 -0.00033789550238035238 0.0016333551289565954 5.7155523933475128e-05 -0.00031033220461154577 -7.2913107458425145e-05 -0.0003201506137125311 0.0023380768444429211 -0.00045554343174951823 0.00066667048097141294 -4.976502299029586e-05 0.00049597799852860018 0.00049998077463228141 -0.00045216240637868253 -0.00041395498505932622 -0.00022948778632688325 0.00075671693292674177 0.0017562287048393849 -0.00045216240637868253 -0.00019619542973728891 0.0017749298124501291 7.4282999567065747e-05 -0.00028747733847113226 0.00027578050413377318 0.0003129369609811094 -0.00044225147256304572 -0.00045216240637868253 -0.00045216240637868253 -5.6621737600703618e-05 -0.00010679559644614929 -0.00023819424124272667 -0.00029567087135697479 0.0004445100666511397 -0.00045216240637868253 0.012327577804379035 0.0050387380614349596 -0.00023362606873535149 0.0012154820289068259 0.0012315796212829721 -0.00045216240637868253 -0.00026805355934584604 -0.0002784488949061148 -0.00017010670423751238 -0.00045216240637868253 -0.00040602757377656917 0.00026759987246491567 -0.00045216240637868253 -0.00010511484953583614 0.0037515550967361813 0.00063470757010564052 -0.00045216240637868253 0.0010167555447129553 -0.00045216240637868253 -0.00045216240637868253 0.0016247031180059678 -0.00026684425688310764
leaf_weight=1095 120 112 759 82 155 4392 565 332 95 119 108 153 360 1706 272 149 125 101 205 744 680 416 175 374 1177 135 99 131 102 92 165 686 131 1451 176 80 90 242 152 1307 8341 2110 84 355 140 186 262 153 291 203 297 150 1413 150 89 135 467 91 162 92 282 248
leaf_count=1095 120 112 759 82 155 4392 565 332 95 119 108 153 360 1706 272 149 125 101 205 744 680 416 175 374 1177 135 99 131 102 92 165 686 131 1451 176 80 90 242 152 1307 8341 2110 84 355 140 186 262 153 291 203 297 150 1413 150 89 135 467 91 162 92 282 248
internal_value=-0.00072978 -0.0228358 0.0259659 -0.00471616 0.0137968 -0.0244742 -0.0228912 -0.0204818 0.0281446 -0.0151609 -0.0270896 0.00590492 -0.0183181 0.0236303 -0.0189474 -0.00122699 0.00437063 -0.00198413 0.00935551 -0.0166674 -0.0194217 -0.0144522 0.0108017 0.0195503 -0.0224698 -0.00626471 0.00755597 0.00494279 0.00314189 -0.00184615 0.0214599 -0.0120851 -0.00937278 -0.0275416 -0.0264775 -0.0181034 -0.0114607 -0.0221359 0.00940141 -0.026141 0.0293372 0.0275985 -0.0113182 0.0226809 0.0193197 -0.0162245 -0.015193 -0.0132937 -0.0228226 -0.0179255 -0.00768908 0.014073 -0.0284769 -0.0267978 0.0203261 0.0161462 -0.0238722 0.0170053 -0.0147703 -0.00980282 0.0249687 -0.0163433
internal_weight=35311 19316 15995 1602 2430 17714 13322 8468 13565 745 4854 1198 6129 2839 626 488 857 377 480 4389 1953 2436 710 1133 1740 339 535 436 295 194 1232 1692 844 4746 3295 637 266 514 283 2339 10726 2385 219 1077 440 1273 1087 755 371 563 713 355 2658 1245 275 300 1032 186 848 354 637 401
internal_count=35311 19316 15995 1602 2430 17714 13322 8468 13565 745 4854 1198 6129 2839 626 488 857 377 480 4389 1953 2436 710 1133 1740 339 535 436 295 194 1232 1692 844 4746 3295 637 266 514 283 2339 10726 2385 219 1077 440 1273 1087 755 371 563 713 355 2658 1245 275 300 1032 186 848 354 637 401
is_linear=0
shrinkage=0.03


Tree=9
num_leaves=63
num_cat=0
split_feature=9 8 8 11 11 1 8 8 8 6 1 6 1 10 6 8 10 6 10 6 8 11 10 2 3 2 9 11 8 5 11 8 2 8 10 10 1 8 2 3 1 5 10 10 8 3 11 6 8 8 8 7 6 2 2 5 2 2 11 6 3 2
split_gain=16819.5 3343.2 2533.4 645.988 502.112 351.514 317.038 241.496 152.079 149.958 139.225 136.237 95.2574 91.0344 78.5966 72.2782 91.3757 62.9732 61.4437 57.9689 49.2036 44.8918 42.4046 37.9089 35.6494 32.8633 25.9181 50.9679 33.123 23.2023 22.1454 44.3732 22.0113 20.8632 20.1377 27.4434 19.0886 18.8025 18.7072 18.0703 17.3726 25.9472 15.9013 15.3165 14.545 14.0157 13.7952 13.7599 13.3603 12.8113 10.3991 9.92944 11.484 9.4799 9.42386 9.38163 8.61378 8.50836 8.0827 7.19789 6.90809 6.90767
threshold=1.0000000180025095e-35 0.78656609248549325 -0.37940952255126059 1.0000000180025095e-35 -0.24999999999999994 0.31500000000000006 0.91597561503675362 -0.60355339059327362 -0.98296291314453399 0.97587888928342192 0.045000000000000005 0.9919160630702849 0.115 0.68301270189221941 0.9919160630702849 0.91597561503675362 -0.6830127018922193 0.80250532449306278 1.0000000180025095e-35 0.9919160630702849 -0.91597561503675329 -0.68301270189221952 1.0000000180025095e-35 0.65000000000000002 0.95000000000000007 0.55000000000000016 -0.70710678118654757 0.6830127018922193 0.60355339059327384 0.71666666666666667 0.6830127018922193 0.37940952255126054 0.65000000000000002 -0.60355339059327362 0.93301270189221952 -0.24999999999999994 0.63500000000000012 -0.91597561503675329 0.95000000000000007 0.45000000000000007 0.015000000000000001 0.15000000000000005 -0.93301270189221908 -0.6830127018922193 -0.91597561503675329 0.95000000000000007 -0.68301270189221952 0.37003149295102605 -0.78656609248549303 -0.78656609248549303 -0.70710678118654735 0.79797750513568444 0.70439444458987499 0.8500000000000002 0.95000000000000007 0.71666666666666667 1.0000000180025095e-35 0.25000000000000006 0.6830127018922193 0.67077817246640559 0.35000000000000003 0.75000000000000011
decision_type=2 2 2 2 2 2 2 2 2 2 2 2 2 2 2 2 2 2 2 2 2 2 2 2 2 2 2 2 2 2 2 2 2 2 2 2 2 2 2 2 2 2 2 2 2 2 2 2 2 2 2 2 2 2 2 2 2 2 2 2 2 2
left_child=1 5 4 6 7 8 17 9 22 12 21 39 38 25 30 16 -5 55 -9 -20 -11 24 40 37 -8 33 -16 -28 -29 46 47 50 -30 44 35 -18 51 -15 49 -6 41 -1 -19 -27 -13 58 -22 -10 -39 -2 -32 52 -7 -43 -25 -3 -46 -48 -24 -52 -58 -45
right_child=2 3 -4 15 11 36 10 18 14 20 -12 13 -14 23 26 -17 34 42 19 -21 29 -23 45 54 -26 43 27 28 32 -31 31 -33 -34 -35 -36 -37 -38 48 -40 -41 -42 53 -44 61 56 -47 57 -49 -50 -51 59 -53 -54 -55 -56 -57 60 -59 -60 -61 -62 -63
leaf_value=0.00041326444148294953 2.8048018772533176e-05 0.0005911685075775903 -0.00043859753418732202 9.0505026575670038e-05 -0.00018506724983943573 0.0015024213922774398 5.1784917363129549e-05 -0.00022531132386588562 0.00047797277543203603 0.0015412722160847898 0.0004620888215400158 -0.00011634396115610743 0.00076050689069243841 0.00059272876510030868 0.0070766801150551539 -0.00043859753418732202 -0.00025016509601579867 0.0007888669522561879 -0.00035560525065006472 3.3119881185883456e-05 0.00024419162837869434 -0.00033822227548348694 0.0018856653129440968 -3.9363739955451393e-05 -0.0002881821484511355 -0.00010233061095656556 0.003475744976575598 0.0021709815549277958 0.00069220587222027679 2.0860569953571813e-06 0.00033337530332622884 -8.071430463169243e-05 -4.7766514365784188e-05 -0.00018000590569063038 -0.00015492661935472639 -0.00043859753418732202 0.011878047735300459 -4.3230490937618301e-05 -0.00022232743871899191 -0.00044187137259173393 0.00041174037307290824 -0.00015011503789259876 0.0013061412338738268 -0.0001406623568194762 2.9920312593725676e-05 0.00024448188227422601 1.8572644876687916e-05 0.0013637864124014395 8.3975846436718792e-05 -0.00018958169050282527 0.00058988766535208125 0.0023929867047294312 0.003566719571557441 -0.00028231068908488038 -0.00012716583842678047 -9.6210229131940908e-05 -5.0872786582677617e-05 0.00012102829703844856 0.00059062946984034053 0.0018002940479433839 -2.2419087231419567e-05 -0.00026229461517208547
leaf_weight=106 153 84 11618 126 131 419 175 242 593 424 99 218 111 102 1249 731 121 85 106 265 400 305 99 197 142 316 751 212 132 141 132 149 127 238 123 371 8208 91 185 671 160 100 477 190 174 157 125 503 191 120 92 145 983 93 130 86 158 190 91 111 127 477
leaf_count=106 153 84 11618 126 131 419 175 242 593 424 99 218 111 102 1249 731 121 85 106 265 400 305 99 197 142 316 751 212 132 141 132 149 127 238 123 371 8208 91 185 671 160 100 477 190 174 157 125 503 191 120 92 145 983 93 130 86 158 190 91 111 127 477
internal_value=-0.000745097 0.0200154 -0.0215601 -0.00925837 -0.00550051 0.0258756 0.00493122 0.00482339 0.0192734 0.0102324 -0.00918283 -0.0129513 -0.00257895 -0.00962069 0.0216412 -0.0232587 -0.0166173 0.0188267 -0.0114821 -0.00379032 0.0159251 -0.0144462 0.00736059 -0.000463483 -0.00650943 -0.013049 0.0249879 0.0218316 0.0140466 0.011762 0.0163947 0.0110103 0.00680769 -0.00894105 -0.0213799 -0.0240974 0.0291605 0.00592208 -0.00862745 -0.0237609 0.00136957 -0.0029 0.023659 -0.0168598 -0.00623894 0.0152586 0.0139525 0.0187603 0.00190813 -0.00361314 0.0170536 0.0260271 0.026814 -0.00943299 -0.00795732 0.00280702 -0.00319565 0.00920886 0.020733 0.0213235 -0.0063986 -0.0194461
internal_weight=35028 17537 17491 2925 5873 14612 1453 2462 4857 1849 721 3411 569 2609 4051 1472 741 732 613 371 1280 622 806 711 317 1898 2471 1222 471 856 1580 484 259 915 615 492 9755 384 458 802 459 299 562 983 677 347 715 1096 282 273 335 1547 1402 193 327 170 459 315 190 203 285 667
internal_count=35028 17537 17491 2925 5873 14612 1453 2462 4857 1849 721 3411 569 2609 4051 1472 741 732 613 371 1280 622 806 711 317 1898 2471 1222 471 856 1580 484 259 915 615 492 9755 384 458 802 459 299 562 983 677 347 715 1096 282 273 335 1547 1402 193 327 170 459 315 190 203 285 667
is_linear=0
shrinkage=0.03


Tree=10
num_leaves=63
num_cat=0
split_feature=0 8 0 6 1 11 0 8 0 8 0 9 0 11 4 11 1 11 11 0 11 8 5 11 8 1 6 3 4 0 6 11 8 9 0 0 8 5 6 4 4 11 6 6 6 8 11 11 8 6 3 4 0 4 5 4 3 5 6 11 3 11
split_gain=22047.5 2051.93 637.511 254.523 200.417 193.797 115.547 102.52 100.444 96.4301 96.259 88.6402 68.5352 56.5233 38.229 37.4507 32.2143 26.0528 25.1416 24.4726 20.9071 26.0929 18.0317 17.2969 16.7762 16.1381 19.286 15.5083 14.1677 14.102 15.6124 13.3993 19.1566 16.1855 13.1634 11.5975 11.4869 11.4486 10.8031 10.5722 9.88628 9.44368 8.99889 7.95962 7.26011 7.19982 7.76823 7.1163 8.84206 6.8255 6.25745 5.79836 6.43671 5.70718 6.00694 5.58448 5.39269 5.28839 5.24207 5.23864 5.22566 5.16441
threshold=0.065000000000000016 -0.37940952255126059 0.32500000000000007 0.9919160630702849 0.075000000000000025 -0.24999999999999994 1.0000000180025095e-35 0.60355339059327384 1.0000000180025095e-35 -0.60355339059327362 0.83500000000000008 -0.5 0.15500000000000003 0.6830127018922193 0.083333333333333315 -0.5 0.32500000000000007 -0.24999999999999994 -0.68301270189221952 0.042500000000000003 -0.5 0.91597561503675362 0.71666666666666667 -0.68301270189221952 -0.60355339059327362 0.015000000000000001 0.72773610537564315 0.8500000000000002 0.51666666666666683 0.14500000000000005 0.96010100249940655 1.0000000180025095e-35 -0.78656609248549303 0.78656609248549303 0.15500000000000003 0.58500000000000008 -0.60355339059327362 0.15000000000000005 0.21090423132313618 0.083333333333333315 0.083333333333333315 0.25000000000000017 0.67077817246640559 0.85657209643812438 0.70439444458987499 0.91597561503675362 1.0000000180025095e-35 -0.24999999999999994 0.60355339059327384 0.84272314683140503 0.95000000000000007 0.68285714285714294 0.22500000000000003 0.78333333333333355 0.55000000000000016 0.78333333333333355 0.083333333333333315 0.083333333333333315 0.42157096156005652 0.93301270189221952 0.8500000000000002 0.93301270189221952
decision_type=2 2 2 2 2 2 2 2 2 2 2 2 2 2 2 2 2 2 2 2 2 2 2 2 2 2 2 2 2 2 2 2 2 2 2 2 2 2 2 2 2 2 2 2 2 2 2 2 2 2 2 2 2 2 2 2 2 2 2 2 2 2
left_child=1 3 4 8 7 9 13 29 17 22 16 -3 40 27 59 18 28 24 -11 -13 21 -14 23 56 38 26 -10 31 35 30 -2 -7 57 -34 41 47 55 -8 -1 -19 -9 49 -30 -18 -36 46 -42 -4 -49 -6 -40 52 -22 54 -31 61 -5 -33 -26 -15 -48 -16
right_child=2 11 10 5 34 6 37 12 25 15 -12 19 20 14 36 -17 43 39 -20 -21 51 -23 -24 -25 58 -27 -28 -29 42 53 -32 32 33 -35 44 -37 -38 -39 50 -41 45 -43 -44 -45 -46 -47 60 48 -50 -51 -52 -53 -54 -55 -56 -57 -58 -59 -60 -61 -62 -63
leaf_value=-0.00030092778974020036 0.00010517563222538167 -0.00017980442626542345 0.00063008974443196726 0.00014003051259480119 0.00038407542703898192 -8.824675612255184e-05 0.00049932348834040379 -0.00026607864232276778 -0.00020377519172138484 -5.9205111288683252e-05 0.0112271443210866 -0.00042543960816170237 0.00086914630809924078 -3.2156400694823494e-05 -9.3821711253975321e-05 7.4337266370462352e-05 0.0017370923529403349 -0.00018505475785783016 -0.00015970971978065106 -0.00029766756636109235 -0.0001268389822752863 9.676300309094774e-05 3.3632566918367461e-05 7.8805879769647082e-05 -0.00043791840955281108 0.00014124996428210911 2.7142934115527305e-05 -9.0638938838975456e-05 0.00079443398937728094 0.0016892660079271989 0.00086145983292710757 -2.8626571873945558e-05 0.00013886294064033696 -4.3472504165893312e-05 0.00071664151263338893 0.0013002611614074933 -0.00036927975234050931 8.2488222649992952e-05 -4.5830911579151228e-06 -0.00043083887511776461 0.00010466655705549761 0.00032022018003622233 0.0022466576049286332 0.0033351294303870047 0.0016489212502049581 -0.00019789908598232878 -1.790893315258866e-05 0.0011870846934619547 0.00027512267351535952 0.00077642060121263967 -8.02351434898603e-05 0.00021076114398051524 7.7563511222220321e-05 0.00073661900914606215 0.00030165135343934604 -0.00017273087721632097 0.00026736935415346566 -7.4901330744435047e-05 -0.00022716535434205159 -0.00010447042227618934 -0.00015920741359099364 -0.00019387314859380158
leaf_weight=137 160 139 219 85 127 185 147 96 144 238 9061 13043 127 236 242 98 549 89 89 127 85 124 129 329 92 86 92 317 177 127 244 210 227 200 375 347 209 229 87 686 92 110 621 1530 644 139 94 179 229 98 86 103 127 188 93 260 261 110 108 89 85 172
leaf_count=137 160 139 219 85 127 185 147 96 144 238 9061 13043 127 236 242 98 549 89 89 127 85 124 129 329 92 86 92 317 177 127 244 210 227 200 375 347 209 229 87 686 92 110 621 1530 644 139 94 179 229 98 86 103 127 188 93 260 261 110 108 89 85 172
internal_value=-0.000869367 -0.0227936 0.0248938 -0.00767725 0.0129855 -0.00367709 -0.00799224 0.00665252 -0.0177799 0.00626829 0.0278789 -0.0292314 0.00055918 -0.0103621 -0.0149876 -0.00528169 0.0238863 -0.0215319 -0.0101524 -0.029483 0.00772487 0.0141667 0.0123727 0.0143343 -0.0162035 -0.00278638 -0.00683544 -0.00588 0.0208799 0.0146863 0.0106667 -0.00392283 -0.00212567 0.00203271 0.021786 0.0184 -0.018224 0.00748011 -0.0117685 -0.0250129 -0.00745562 0.0165179 0.0238798 0.0264375 0.0235 -0.00540146 -0.00253676 0.0159076 0.0134963 0.0200442 -0.00672414 0.00256329 -0.00028169 0.0186308 0.0152036 -0.0162667 0.0190202 -0.00766355 -0.0229851 -0.00616564 -0.00616667 -0.0140241
internal_weight=35128 18978 16150 5669 3238 4062 2833 1884 1607 1229 12912 13309 1072 2457 1208 425 3851 1285 327 13170 566 251 804 675 510 322 236 1249 1772 812 404 932 747 427 1354 974 883 376 310 775 506 335 798 2079 1019 410 271 627 408 225 173 315 212 408 220 674 346 320 200 325 179 414
internal_count=35128 18978 16150 5669 3238 4062 2833 1884 1607 1229 12912 13309 1072 2457 1208 425 3851 1285 327 13170 566 251 804 675 510 322 236 1249 1772 812 404 932 747 427 1354 974 883 376 310 775 506 335 798 2079 1019 410 271 627 408 225 173 315 212 408 220 674 346 320 200 325 179 414
is_linear=0
shrinkage=0.03


Tree=11
num_leaves=63
num_cat=0
split_feature=0 8 0 0 6 1 0 10 0 8 8 8 10 6 0 4 4 1 8 6 2 8 6 8 10 10 2 0 8 4 2 1 8 2 8 3 10 8 5 1 1 2 1 4 8 5 5 1 4 7 3 5 10 6 0 6 2 0 2 3 8 10
split_gain=21817.1 2123.96 425.51 269.048 242.575 182.936 171.384 75.3702 62.7353 61.8875 61.1822 47.1398 44.9744 40.954 40.032 36.1158 32.7516 28.3064 25.9658 22.6538 16.7107 16.4057 16.1151 19.9702 22.5513 15.5692 14.9016 14.4576 14.4227 13.6001 13.4166 15.0995 11.5561 11.5661 10.826 10.7969 10.4933 10.1594 9.75029 9.66831 8.80801 8.60443 8.37322 8.327 7.9005 7.79678 7.4861 7.47174 7.33837 7.31902 7.19942 7.19633 7.04744 6.96809 6.92725 6.69112 6.66358 6.61064 5.48043 5.31868 5.09583 4.89021
threshold=0.095000000000000015 -0.37940952255126059 0.55500000000000016 1.0000000180025095e-35 0.9919160630702849 0.075000000000000025 0.042500000000000003 1.0000000180025095e-35 0.19500000000000003 -0.60355339059327362 -0.78656609248549303 0.78656609248549325 -0.24999999999999994 0.97587888928342192 0.93500000000000016 0.78333333333333355 0.083333333333333315 0.015000000000000001 -0.91597561503675329 0.70439444458987499 0.75000000000000011 0.78656609248549325 0.69300588406246244 -0.91597561503675329 1.0000000180025095e-35 1.0000000180025095e-35 0.45000000000000007 0.35500000000000004 -0.60355339059327362 0.58333333333333337 0.75000000000000011 0.03500000000000001 0.37940952255126054 0.55000000000000016 -0.60355339059327362 0.8500000000000002 0.68301270189221941 -0.91597561503675329 0.083333333333333315 0.36500000000000005 0.58500000000000008 0.35000000000000003 0.70500000000000007 0.29285714285714293 -0.60355339059327362 0.71666666666666667 0.083333333333333315 0.53500000000000014 0.083333333333333315 0.35126095995661216 0.11666666666666667 0.35000000000000003 -0.93301270189221908 0.54269012772290737 0.37500000000000006 0.68180145234509759 0.8500000000000002 0.13500000000000004 0.8500000000000002 0.083333333333333315 -1.0000000180025095e-35 -0.24999999999999994
decision_type=2 2 2 2 2 2 2 2 2 2 2 2 2 2 2 2 2 2 2 2 2 2 2 2 2 2 2 2 2 2 2 2 2 2 2 2 2 2 2 2 2 2 2 2 2 2 2 2 2 2 2 2 2 2 2 2 2 2 2 2 2 2
left_child=1 3 5 4 26 8 17 9 11 12 20 36 18 30 19 27 44 60 -6 40 -9 -8 39 24 47 37 55 32 38 50 -5 53 -10 -34 56 -13 -2 41 -18 54 45 -15 61 -11 -12 -4 -14 49 -29 -24 -20 -27 -52 -32 -7 -1 -28 -38 -40 -46 -3 -21
right_child=2 6 14 13 7 22 21 10 15 43 16 35 46 25 -16 -17 28 -19 29 42 -22 -23 23 -25 -26 51 34 48 -30 -31 31 -33 33 -35 -36 -37 57 -39 58 -41 -42 -43 -44 -45 59 -47 -48 -49 -50 -51 52 -53 -54 -55 -56 -57 -58 -59 -60 -61 -62 -63
leaf_value=-0.00025047175194359327 0.00020475635909855298 -0.0004126764199168513 0.0012263723016496166 0.00012713809914617841 -0.00010499051837006223 0.0005004472797058724 -2.2630164912263819e-05 -2.9593281756487878e-05 0.0011817159405729809 -0.00015742019341151729 0.000190352265493986 -0.00013936463156687833 -0.00010716949716079806 0.00040575909304323133 0.01135577908622634 0.0011172971256744684 0.00015639916086448793 -0.00020601274617324566 -1.9679264902039278e-05 0.0021798864151476613 -7.5174525117639553e-05 -0.00025947845615149104 0.0011584142542736093 0.0024140287929781761 0.0019203065835329083 0.00047713387798558118 -0.00022134659729907164 0.00018718499497227071 -0.00011500147186259527 -8.1049030766513079e-05 -0.00024370068174630387 6.2221536620453991e-05 1.4195974042412254e-05 0.00029775357829091753 -0.000415690065160449 3.0134294015572159e-05 0.00040813450361512177 0.00024890229892725432 0.00012835149115584052 0.0014380434357498862 0.0021316670351662079 -4.6113148089745975e-05 0.0044575137743769946 -0.00026008924409846081 2.7054136005127614e-07 0.00076679878772410606 -0.00019701046522546122 0.0030316406806147516 0.00096298418089987901 0.001479132222863336 -1.8115637941330738e-05 0.00024277060803386762 5.1158270490158294e-05 -7.6596007159768976e-05 0.00064665537611362852 -4.9971241588813875e-05 -0.00034131013430610877 0.00083648882188651309 -9.208608382970003e-05 5.7234460735045047e-05 -0.0004126764199168513 0.0025427132859664235
leaf_weight=83 341 1468 97 91 219 414 116 297 102 320 222 152 126 98 8421 451 90 83 211 502 253 314 104 788 498 201 252 138 322 152 111 101 179 219 352 144 90 103 91 331 184 186 722 231 118 117 208 88 274 330 108 135 305 83 102 86 544 99 115 107 11572 761
leaf_count=83 341 1468 97 91 219 414 116 297 102 320 222 152 126 98 8421 451 90 83 211 502 253 314 104 788 498 201 252 138 322 152 111 101 179 219 352 144 90 103 91 331 184 186 722 231 118 117 208 88 274 330 108 135 305 83 102 86 544 99 115 107 11572 761
internal_value=-0.00108647 -0.0222809 0.0252898 -0.00728977 -0.0103594 0.0178947 -0.0288291 -0.0062214 0.0114658 -0.010303 -0.00146658 0.00493349 -0.00678947 0.00602703 0.0286034 0.0154179 0.00272983 -0.02944 -0.00358434 0.02513 -0.00958258 -0.0101624 0.023189 0.0248093 0.0219785 0.0102348 -0.0213278 0.0119606 -0.00174475 -0.00100386 -0.00186047 -0.00496622 0.00850299 0.00616541 -0.0225587 -0.00464646 0.0102825 0.00610825 0.0030303 0.0197052 0.0184962 0.00315789 0.0264502 -0.01875 0.00890625 0.0142326 -0.0162985 0.0175526 0.0161259 0.0158621 0.00096 0.0149555 0.00326087 -0.00984615 0.01706 -0.0128824 -0.0205521 0.0159474 -0.00057971 0.0049115 -0.0295514 0.0248972
internal_weight=35122 19474 15648 5921 4812 4844 13553 3495 2189 1880 1615 826 1329 1109 10804 1363 1065 13123 995 2383 550 430 2655 1808 1020 723 1317 912 618 776 386 295 500 398 1148 296 530 387 296 847 398 284 1985 551 447 214 334 522 412 434 624 336 413 194 516 169 796 189 206 225 13040 1263
internal_count=35122 19474 15648 5921 4812 4844 13553 3495 2189 1880 1615 826 1329 1109 10804 1363 1065 13123 995 2383 550 430 2655 1808 1020 723 1317 912 618 776 386 295 500 398 1148 296 530 387 296 847 398 284 1985 551 447 214 334 522 412 434 624 336 413 194 516 169 796 189 206 225 13040 1263
is_linear=0
shrinkage=0.03


Tree=12
num_leaves=63
num_cat=0
split_feature=0 8 0 0 6 1 0 0 10 9 9 4 6 10 8 0 4 10 8 10 8 8 1 0 6 6 5 0 8 0 4 10 5 6 8 10 4 1 5 8 8 4 4 0 0 9 5 5 3 3 5 4 10 5 1 0 7 1 4 4 8 10
split_gain=21338.6 2149.03 446.265 273.962 219.621 178.027 160.479 90.5734 64.055 71.0106 63.4986 53.2694 51.9198 49.5438 44.2176 43.5775 25.1914 24.4467 21.1908 20.3588 18.4953 17.345 16.8196 16.6752 16.3967 14.6471 18.0003 14.0166 13.8109 15.9022 13.3499 16.6143 12.9164 12.868 17.085 18.5568 12.2914 12.0755 11.1016 10.0789 10.1404 8.88398 8.73437 8.60056 8.57933 8.50911 13.0701 8.46021 7.90826 7.51686 7.28834 7.27483 8.16556 7.12313 7.09314 11.5943 6.13016 8.9842 6.10527 5.98742 5.63624 5.56625
threshold=0.095000000000000015 -0.37940952255126059 0.60500000000000009 1.0000000180025095e-35 0.9919160630702849 0.075000000000000025 0.042500000000000003 0.21500000000000002 1.0000000180025095e-35 0.78656609248549303 -0.5 0.083333333333333315 0.72773610537564315 -0.24999999999999994 0.60355339059327384 1.0550000000000004 0.083333333333333315 1.0000000180025095e-35 -0.78656609248549303 0.25000000000000011 -0.91597561503675329 -0.60355339059327362 0.025000000000000005 0.15500000000000003 0.85657209643812438 0.75185124348285037 0.15000000000000005 0.15500000000000003 -0.91597561503675329 0.03500000000000001 0.68285714285714294 -0.93301270189221908 0.15000000000000005 0.69300588406246244 -0.91597561503675329 1.0000000180025095e-35 0.58333333333333337 0.35500000000000004 0.71666666666666667 -0.78656609248549303 -0.60355339059327362 0.64166666666666683 0.75833333333333341 0.37500000000000006 0.32500000000000007 -0.5 0.22500000000000003 0.55000000000000016 0.95000000000000007 0.11666666666666667 0.35000000000000003 0.85833333333333339 0.68301270189221941 0.55000000000000016 0.70500000000000007 0.50500000000000012 0.34495524744685774 0.53500000000000014 0.68285714285714294 0.85833333333333339 -1.0000000180025095e-35 -0.24999999999999994
decision_type=2 2 2 2 2 2 2 2 2 2 2 2 2 2 2 2 2 2 2 2 2 2 2 2 2 2 2 2 2 2 2 2 2 2 2 2 2 2 2 2 2 2 2 2 2 2 2 2 2 2 2 2 2 2 2 2 2 2 2 2 2 2
left_child=1 3 5 4 25 7 10 14 9 13 -3 39 22 20 19 24 44 28 51 -2 -6 47 -5 -7 53 -1 -27 50 29 -14 31 -22 -15 54 35 56 -8 45 -19 -10 -41 -29 43 -18 -9 48 -47 -20 -26 -33 -16 52 -13 -4 55 -25 -35 -58 -11 -23 -12 -52
right_child=2 6 15 12 8 23 36 16 11 58 60 18 17 32 27 -17 42 38 21 -21 30 59 -24 33 37 26 -28 41 -30 -31 -32 49 -34 34 -36 -37 -38 -39 -40 40 -42 -43 -44 -45 -46 46 -48 -49 -50 -51 61 -53 -54 -55 -56 -57 57 -59 -60 -61 -62 -63
leaf_value=-0.00039941951097144856 0.00016080673758805673 -0.00015833183870168403 0.0025250418684663713 -0.00015984725590097488 -9.9779604678358499e-05 0.00055032287346375359 -0.00027638950867112609 4.6902600528234934e-05 -7.3121677015437753e-06 -0.00017284408487671949 -0.00040029612731934573 -8.362107992649258e-05 -0.00013834233534638273 -0.00011233751612419601 -0.00018719195635763706 0.01172744052532702 0.0004003529635413547 0.0004340609930709176 9.4298831011897937e-05 0.00079993920883747081 -4.4211908619775706e-05 -7.6962769579621816e-05 3.809186021353989e-05 0.00079109882150278524 0.0028749141807513688 -6.0237296471890887e-05 -0.00028293169884050613 -1.6528664174269221e-05 0.00018999632332178466 0.00040788809101150743 -7.5589558789636386e-05 -3.416103028576825e-06 -0.00020975834667329868 0.0011450226507269767 0.0025390944464672217 0.0019516545826451484 -0.00015954011682946964 0.0041973014271228177 7.968420273864154e-05 0.00016169917632287024 1.9369509077507007e-05 0.0002969372745411892 0.0012499231859381457 0.0010729311681625582 0.00020173700153553132 0.0010147626224716144 0.00053404905086320436 -7.1187416629571955e-05 0.00142531581218471 5.6320582841983474e-05 7.4930492793612641e-05 -0.00012025044589717728 -1.6886366845449695e-05 0.001423997585727576 0.0019830014473223383 0.00062388074960952262 0.0017463841423879301 0.0028952436531495688 -0.00032229315152894849 -0.00026349593601911452 -0.00040029612731934573 -5.6838077202600866e-05
leaf_weight=815 197 83 118 174 210 257 193 107 180 423 1455 121 172 145 113 7774 326 315 160 268 149 210 104 597 502 119 380 133 132 131 116 166 173 83 829 464 221 1342 93 231 218 83 399 296 187 139 85 136 114 306 82 117 130 389 133 83 315 86 119 83 11580 99
leaf_count=815 197 83 118 174 210 257 193 107 180 423 1455 121 172 145 113 7774 326 315 160 268 149 210 104 597 502 119 380 133 132 131 116 166 173 83 829 464 221 1342 93 231 218 83 399 296 187 139 85 136 114 306 82 117 130 389 133 83 315 86 119 83 11580 99
internal_value=-0.00123395 -0.0222726 0.0248753 -0.00704066 -0.0102145 0.0176275 -0.0288317 0.0113924 -0.00617855 -0.0100387 -0.0294123 -0.00177694 0.00628342 -0.00613744 0.00445697 0.0284318 0.0165274 0.00998815 -0.00623173 0.0111373 -0.00268987 -0.00269492 -0.00494624 0.0226369 0.0251041 -0.0206236 -0.0165 -0.00164384 0.00502294 0.00148026 -0.000447154 0.00130225 -0.0163636 0.0233655 0.02482 0.0220021 -0.0104096 0.0262483 0.0152567 0.005 0.0074 0.00414747 0.0187573 0.0164687 0.00874576 0.0233294 0.0181333 0.00242424 0.0251864 0.0040592 -0.00589831 -0.0118699 -0.00892857 0.0201378 0.0201597 0.0188546 0.0178144 0.016194 -0.019116 -0.00785714 -0.0295789 -0.00214286
internal_weight=34960 19360 15600 5828 4707 5137 13532 2290 3393 1807 13118 1586 1121 1265 975 10463 1315 843 957 465 947 589 278 2847 2689 1314 499 510 435 303 737 621 318 2590 1777 948 414 2182 408 629 449 216 1021 622 294 840 224 296 616 472 294 368 251 507 813 680 484 401 542 293 13035 181
internal_count=34960 19360 15600 5828 4707 5137 13532 2290 3393 1807 13118 1586 1121 1265 975 10463 1315 843 957 465 947 589 278 2847 2689 1314 499 510 435 303 737 621 318 2590 1777 948 414 2182 408 629 449 216 1021 622 294 840 224 296 616 472 294 368 251 507 813 680 484 401 542 293 13035 181
is_linear=0
shrinkage=0.03


Tree=13
num_leaves=63
num_cat=0
split_feature=0 8 0 6 0 11 8 8 9 11 0 1 10 1 9 0 2 8 11 1 5 5 10 8 0 11 8 10 6 2 2 10 8 10 0 11 1 5 2 0 8 5 1 8 9 10 8 8 11 0 2 7 9 2 2 2 2 8 5 11 2 6
split_gain=20927.2 2033.46 756.128 235.933 205.898 172.278 159.162 81.8028 81.0217 84.2963 75.5069 73.4345 70.262 66.3439 63.6458 38.4885 34.0721 24.7118 22.0464 20.7209 19.7252 19.5576 18.8618 18.8085 18.533 16.8239 16.5885 25.3792 18.4876 15.2647 13.501 16.6873 13.5906 12.4038 12.3725 11.744 11.0846 11.05 10.363 10.3281 10.2328 9.97814 13.9829 9.89666 9.8187 14.9142 9.49129 9.41718 9.36779 9.15698 12.0297 8.16601 7.21031 7.19238 7.00019 6.96551 6.85951 6.48514 6.18184 6.19669 5.79321 5.66773
threshold=0.055000000000000007 -0.37940952255126059 0.21500000000000002 0.9919160630702849 0.89500000000000013 -0.24999999999999994 0.60355339059327384 -0.60355339059327362 0.1294095225512602 0.6830127018922193 1.0000000180025095e-35 0.045000000000000005 1.0000000180025095e-35 0.20500000000000004 -0.5 0.13500000000000004 0.75000000000000011 0.91597561503675362 -0.24999999999999994 0.095000000000000015 0.15000000000000005 0.71666666666666667 0.25000000000000011 -0.60355339059327362 0.015000000000000001 0.93301270189221952 -0.91597561503675329 1.0000000180025095e-35 0.96010100249940655 0.45000000000000007 0.65000000000000002 0.68301270189221941 -0.60355339059327362 0.25000000000000011 1.175 -0.68301270189221952 0.78500000000000014 0.71666666666666667 0.95000000000000007 0.03500000000000001 -0.91597561503675329 0.63333333333333341 0.56500000000000006 -0.91597561503675329 -0.5 -0.6830127018922193 -0.60355339059327362 -1.0000000180025095e-35 -0.68301270189221952 0.55500000000000016 0.55000000000000016 0.75480947095819473 -0.12940952255126037 1.0000000180025095e-35 0.75000000000000011 0.45000000000000007 0.8500000000000002 -0.78656609248549303 1.0000000180025095e-35 0.25000000000000017 0.25000000000000006 0.94457821059868363
decision_type=2 2 2 2 2 2 2 2 2 2 2 2 2 2 2 2 2 2 2 2 2 2 2 2 2 2 2 2 2 2 2 2 2 2 2 2 2 2 2 2 2 2 2 2 2 2 2 2 2 2 2 2 2 2 2 2 2 2 2 2 2 2
left_child=1 3 6 10 13 7 19 21 20 24 18 15 -9 17 -3 33 25 44 23 22 -7 35 40 54 30 43 27 36 -28 -20 31 32 -10 -8 41 53 48 -24 -17 47 -2 -6 -43 -11 49 -46 -45 -16 -15 50 -4 52 -50 -5 -1 -14 -12 -33 -32 -60 -37 -51
right_child=2 14 4 5 34 8 11 12 9 16 56 -13 55 26 39 38 -18 -19 29 -21 -22 -23 37 -25 -26 -27 28 -29 -30 -31 58 57 -34 -35 -36 60 -38 -39 -40 -41 -42 42 -44 46 45 -47 -48 -49 51 61 -52 -53 -54 -55 -56 -57 -58 -59 59 -61 -62 -63
leaf_value=-2.1326483559518174e-05 8.8705900514949961e-05 -0.00014933380298797109 0.00019568489148946542 0.00013525157119200846 0.0043195056057541347 0.00045232784028606055 -0.00015700908141352824 -0.00016619823993098472 -1.9170726113506634e-05 -9.6214272866302901e-05 6.6223211340027611e-05 0.00027534526253958678 5.7577591088729498e-05 0.0013366903674763811 -0.00038828724349976535 -1.8949806558982601e-05 -0.00025471539033023274 9.6667946499154133e-05 -0.00017065733346669672 0.00076975061101746377 4.3056466636050353e-05 5.9804446834119459e-06 0.00091757361186341852 -0.00030032917370770035 0.00029745314496527984 -0.00014305396024250183 0.0015185614921301646 0.0022311533100751596 0.0036287166478600722 -0.00039123677787649205 -2.4796147862578346e-05 -3.287720993993534e-05 -0.00014449983980153571 -0.00024337522498296595 0.011907037123200175 3.8136831936176614e-05 0.0028463383334636923 0.00021622091848294276 0.00024812505270921549 -0.00028059098892487471 0.00029762949699331368 0.0017855090794098721 0.003474484636599438 -2.0831673120851183e-05 0.00030056908703758161 0.0007400205485083816 -0.00017446663930709586 -0.00038828724349976535 0.0024267744663895893 0.0013681112364412461 0.0011221642306806267 0.0011915180649331909 0.00090431966533080022 0.00022068942496819677 -0.0002105627211102659 1.0459754827467794e-05 -0.00010673893243262941 6.7674821578652159e-05 -4.2078157416919824e-05 -0.00013002620770384733 0.00011355626508008826 0.002420938350399715
leaf_weight=100 221 100 99 83 1000 92 275 160 347 105 95 117 99 138 1451 218 484 126 99 534 192 127 265 204 84 233 870 650 990 700 111 119 118 195 7185 121 114 132 89 144 147 174 274 220 277 485 114 11523 147 112 777 151 101 254 209 146 179 182 183 194 200 390
leaf_count=100 221 100 99 83 1000 92 275 160 347 105 95 117 99 138 1451 218 484 126 99 534 192 127 265 204 84 233 870 650 990 700 111 119 118 195 7185 121 114 132 89 144 147 174 274 220 277 485 114 11523 147 112 777 151 101 254 209 146 179 182 183 194 200 390
internal_value=-0.00127191 -0.0228488 0.0236489 -0.00761476 0.0262044 -0.0037037 0.00726071 0.00584383 -0.00779417 -0.00952305 -0.0173913 -0.00248045 -0.00509852 0.0216157 -0.0292488 -0.00582262 -0.0154538 0.0176798 -0.0203808 0.0139615 0.00736842 0.0114885 0.0107702 -0.0154669 -0.00439134 -0.011055 0.0244307 0.0217742 0.0262762 -0.0235125 -0.00530677 -0.00281617 -0.00637339 -0.0112102 0.0290862 0.013566 0.0175307 0.0153015 0.00243506 -0.0294306 0.00585366 0.0264596 0.0225835 -0.00756818 0.01844 0.0156488 -0.00501493 -0.0295214 0.0156691 0.019971 0.0180616 0.013275 0.0166265 0.0174852 -0.0107419 0.005 -0.00305455 0.00268212 -0.00920245 -0.0110317 0.00940994 0.0232604
internal_weight=35025 18772 16253 5554 14060 3968 2193 1190 2778 2494 1586 894 405 5427 13218 777 1156 2266 1312 1299 284 785 765 513 1338 672 3161 1301 1860 799 1254 766 465 470 8633 658 651 397 307 13118 368 1448 448 439 2140 762 334 12974 537 1378 876 399 248 337 309 245 274 301 488 377 321 502
internal_count=35025 18772 16253 5554 14060 3968 2193 1190 2778 2494 1586 894 405 5427 13218 777 1156 2266 1312 1299 284 785 765 513 1338 672 3161 1301 1860 799 1254 766 465 470 8633 658 651 397 307 13118 368 1448 448 439 2140 762 334 12974 537 1378 876 399 248 337 309 245 274 301 488 377 321 502
is_linear=0
shrinkage=0.03


Tree=14
num_leaves=63
num_cat=0
split_feature=0 8 0 0 1 6 11 0 1 8 0 10 8 1 11 6 6 2 2 11 8 2 0 1 10 2 10 10 1 11 2 8 11 8 8 3 6 7 8 8 11 10 5 0 0 6 11 8 1 8 0 5 5 8 11 10 8 8 6 8 10 3
split_gain=20520 2178.93 623.845 208.178 206.232 197.615 138.17 123.986 87.3142 72.0866 56.1246 49.6105 49.1452 48.2361 43.6232 39.2047 35.0857 32.4818 32.1169 24.8594 30.7195 24.4977 24.3473 20.0797 19.088 17.3169 16.9422 15.6694 15.3579 12.3052 12.2224 11.6345 11.3259 21.1635 11.0113 10.9516 10.3719 15.4403 9.86664 9.98117 9.03884 9.00582 8.61997 8.72004 8.1539 7.97883 18.1985 28.5079 8.12924 7.58041 7.47385 7.33527 7.07271 6.45967 6.38727 6.36969 9.61834 6.2965 6.14495 5.90003 6.33873 5.71021
threshold=0.075000000000000025 -0.37940952255126059 0.60500000000000009 1.0000000180025095e-35 0.075000000000000025 0.9919160630702849 0.6830127018922193 0.21500000000000002 0.025000000000000005 0.60355339059327384 0.03500000000000001 1.0000000180025095e-35 -0.60355339059327362 0.9850000000000001 1.0000000180025095e-35 0.9919160630702849 0.96010100249940655 0.55000000000000016 0.75000000000000011 -0.24999999999999994 -0.60355339059327362 0.65000000000000002 0.12500000000000003 0.52333333350000011 1.0000000180025095e-35 0.75000000000000011 0.25000000000000011 0.25000000000000011 0.025000000000000005 -0.24999999999999994 0.45000000000000007 0.78656609248549325 1.0000000180025095e-35 0.91597561503675362 -1.0000000180025095e-35 0.8500000000000002 0.9919160630702849 0.18876327391878686 -0.78656609248549303 -0.60355339059327362 0.93301270189221952 0.25000000000000011 0.55000000000000016 1.4450000000000001 1.385 0.56067335994511591 -0.68301270189221952 -0.91597561503675329 0.18500000000000003 -0.91597561503675329 0.27500000000000008 0.55000000000000016 0.55000000000000016 -0.60355339059327362 0.25000000000000017 -0.24999999999999994 -0.98296291314453399 0.78656609248549325 0.9919160630702849 -0.78656609248549303 0.93301270189221952 0.62500000000000011
decision_type=2 2 2 2 2 2 2 2 2 2 2 2 2 2 2 2 2 2 2 2 2 2 2 2 2 2 2 2 2 2 2 2 2 2 2 2 2 2 2 2 2 2 2 2 2 2 2 2 2 2 2 2 2 2 2 2 2 2 2 2 2 2
left_child=1 3 4 5 7 19 11 9 10 41 34 12 29 16 27 25 42 50 40 20 35 -16 61 26 51 -5 31 -13 -27 -7 -21 45 33 -24 -3 -1 37 -28 -29 -40 49 -2 -4 -44 55 48 -47 -48 -6 -8 -9 -17 -43 -51 -14 56 -18 -58 -49 -23 -61 -11
right_child=2 8 13 15 23 6 18 17 -10 22 -12 14 54 -15 21 24 44 -19 -20 30 -22 59 32 -25 -26 28 36 38 -30 -31 -32 -33 -34 -35 -36 -37 -38 -39 39 -41 -42 52 43 -45 -46 46 47 58 -50 53 -52 -53 -54 -55 -56 -57 57 -59 -60 60 -62 -63
leaf_value=1.4303206142588301e-06 0.00022549587297641173 -0.00037663862619477241 0.0024521314711303233 0.00014858593434465393 0.00014840253681165679 4.9761753058299231e-05 -8.8261644777386323e-05 2.6048798706921668e-05 3.7240048760556545e-06 -0.00024524491591925476 -0.00027976264661490948 2.9929663731120306e-06 -0.00016931868811398079 0.011818041546575397 2.4820000792730027e-05 0.00025844069549809409 0.00081919986726182643 0.00090666929952537307 -0.00020687132161565871 -0.00019201898193899208 -0.00027850534287660115 -5.6917193745375772e-05 0.00044038712037284243 0.0024845265285063376 0.00034041133312189318 -0.00015620588595053478 0.0009062959964152976 1.3611603658823072e-05 3.9031416782300024e-05 -2.4626188874642893e-05 -0.0003793751615480777 0.00063398537411887119 -8.3600482695977507e-05 -7.0468858270752202e-05 -0.00037663862619477241 -0.00017039826321996448 0.0018503813376074157 0.0005829731641146936 0.00020212601007163659 5.5850263356067608e-05 -0.00013044358138504907 0.0012572176515259579 0.0012624585164678675 0.0030172106846493188 0.0084871058035868464 0.0011403807510676556 0.0011411962083211625 0.00085301510502015147 0.0005439104017130594 -2.2491003360028681e-05 0.00021401911519149493 -6.0398381485896028e-05 0.00028130267825622276 -0.00014587971611555834 -6.9470138143434826e-05 0.003439229542270448 0.0030870580342931375 0.0011187305273350236 0.0024109046373770701 -0.00023983323183443328 7.5615516457968111e-06 -0.00013155681558120762
leaf_weight=84 252 1493 210 93 118 193 116 98 91 84 304 158 237 6721 305 255 87 921 509 93 200 126 96 742 296 180 336 106 82 494 683 113 156 102 11477 242 469 95 184 185 217 150 480 111 817 206 392 86 237 220 300 96 155 118 101 1253 669 95 163 84 83 202
leaf_count=84 252 1493 210 93 118 193 116 98 91 84 304 158 237 6721 305 255 87 921 509 93 200 126 96 742 296 180 336 106 82 494 683 113 156 102 11477 242 469 95 184 185 217 150 480 111 817 206 392 86 237 220 300 96 155 118 101 1253 669 95 163 84 83 202
internal_value=-0.00135772 -0.0223171 0.023801 -0.00685595 0.0155919 -0.00948301 -0.00570847 0.00927294 -0.0289563 0.0022788 -0.0291571 -0.00135578 -0.00622807 0.0281013 0.00270292 0.00556331 0.0253344 0.0156136 -0.014022 -0.0194321 -0.0143454 -0.00310518 -0.00458658 0.0209635 0.0099537 -0.00244382 0.0195081 0.00818612 -0.00638783 -0.00161337 -0.0228571 0.0173024 0.000676056 0.00542714 -0.0294565 -0.00862385 0.0227081 0.0192361 0.0109034 0.0132162 -0.0096875 0.0101613 0.0197132 0.0177872 0.0268686 0.016409 0.0180071 0.0154673 0.0125562 -0.00725275 0.00842105 0.00519886 0.0136275 -0.00495575 -0.0155752 0.0258242 0.0236972 0.0247843 0.0234 -0.00928571 -0.00553571 -0.0110801
internal_weight=35021 19105 15916 5740 5473 4738 3436 2516 13365 1197 13274 2256 1025 10443 1231 1002 3722 1319 1180 1302 526 598 640 2957 647 355 2215 633 262 687 776 1315 354 198 12970 326 900 431 475 369 671 557 801 591 2921 1202 847 641 355 454 398 351 305 338 338 2104 851 764 249 293 167 286
internal_count=35021 19105 15916 5740 5473 4738 3436 2516 13365 1197 13274 2256 1025 10443 1231 1002 3722 1319 1180 1302 526 598 640 2957 647 355 2215 633 262 687 776 1315 354 198 12970 326 900 431 475 369 671 557 801 591 2921 1202 847 641 355 454 398 351 305 338 338 2104 851 764 249 293 167 286
is_linear=0
shrinkage=0.03


Tree=15
num_leaves=63
num_cat=0
split_feature=0 0 0 9 9 9 1 6 1 0 0 1 4 6 9 9 11 11 6 1 4 9 9 4 0 11 9 1 5 6 7 5 9 3 9 11 9 5 2 2 2 4 11 1 11 11 3 3 2 4 0 2 0 0 11 1 0 0 9 11 0 1
split_gain=20274.3 740.187 462.452 163.467 177.529 141.332 134.604 108.037 69.9416 62.5981 56.6665 45.0025 43.4948 41.3818 31.9905 28.3808 53.2605 27.4535 25.3252 19.3087 19.287 18.6018 105.912 18.5567 16.8455 15.4603 14.6253 17.1654 16.4955 13.9504 15.6175 13.8932 13.3851 17.7689 20.6089 13.184 12.6651 12.6625 11.6762 11.4294 10.9635 10.3079 10.2718 9.98935 9.11926 9.33388 11.0923 9.02361 8.90501 8.7898 8.59038 8.50779 7.65597 7.35041 7.04136 6.98908 6.3692 6.27155 6.2625 5.79885 5.7763 5.72259
threshold=0.10500000000000002 0.015000000000000001 0.60500000000000009 0.91597561503675351 0.37940952255126048 -0.12940952255126037 0.085000000000000006 0.96010100249940655 0.03500000000000001 1.2650000000000003 0.21500000000000002 1.0000000180025095e-35 0.083333333333333315 0.70439444458987499 -0.5 0.1294095225512602 -0.68301270189221952 0.6830127018922193 0.71597015982097678 0.53500000000000014 0.48333333333333339 0.25881904510252057 0.1294095225512602 0.85833333333333339 0.042500000000000003 0.6830127018922193 -0.5 0.76500000000000012 0.15000000000000005 0.9919160630702849 0.40214806217774318 0.71666666666666667 0.78656609248549303 0.95000000000000007 0.60355339059327384 -0.68301270189221952 -0.12940952255126037 0.15000000000000005 0.45000000000000007 0.55000000000000016 0.75000000000000011 0.85833333333333339 0.6830127018922193 0.25500000000000006 -0.24999999999999994 -0.5 0.083333333333333315 0.95000000000000007 0.95000000000000007 0.083333333333333315 0.15500000000000003 0.8500000000000002 0.20500000000000004 0.025000000000000005 1.0000000180025095e-35 0.57500000000000007 0.13500000000000004 0.38500000000000006 0.78656609248549303 -0.68301270189221952 0.03500000000000001 0.92500000000000016
decision_type=2 2 2 2 2 2 2 2 2 2 2 2 2 2 2 2 2 2 2 2 2 2 2 2 2 2 2 2 2 2 2 2 2 2 2 2 2 2 2 2 2 2 2 2 2 2 2 2 2 2 2 2 2 2 2 2 2 2 2 2 2 2
left_child=1 3 6 4 11 8 10 39 14 13 23 21 44 31 -3 16 -7 32 -17 29 51 22 -1 36 -16 48 -15 28 -28 42 -31 -4 33 34 -14 -32 38 -18 -2 -6 -19 -26 52 -30 45 46 -9 -11 -24 -27 -25 -12 -8 -20 -41 -33 -40 -22 -46 -48 -39 -49
right_child=2 5 9 -5 7 15 19 12 -10 47 20 -13 17 26 24 18 37 40 53 -21 57 -23 25 50 41 49 27 -29 43 30 35 55 -34 -35 -36 -37 -38 60 56 54 -42 -43 -44 -45 58 -47 59 61 -50 -51 -52 -53 -54 -55 -56 -57 -58 -59 -60 -61 -62 -63
leaf_value=-0.00036533946740892928 -0.00016107279149103141 -8.7534820717193363e-05 0.0018450274393443744 -0.00036533946740892928 -0.00036533946740892928 -0.00036533946740892928 0.00033317535894047398 -0.00036533946740892928 8.5336717061756365e-05 0.012215225139388644 0.00022409644933321391 -0.00022758723940624595 -0.00036533946740892928 0.0039205529733507003 -0.00036686438500893966 -5.0865643253975369e-05 0.00055432455435511729 -0.00036533946740892928 0.00011743539116193434 0.0024893417929963517 0.00061108570354153333 -0.00036533946740892928 -6.0162895559071357e-05 0.00018821085132286628 -0.00024850332284365883 -6.7665568214743402e-05 0.0017342945035173094 0.0036719790979046906 0.0003290617751586776 0.0018842018496608339 0.0012890554864143093 0.00059488164567437476 -0.00036533946740892928 -0.00036533946740892928 -0.00025549456645782329 0.0016450834474505461 0.00092441226591568888 -0.00021517069197570722 -0.00010189686579462276 -0.00036533946740892928 -0.00036533946740892928 -0.00013891441049761744 0.00053424835016890263 0.0015716417177452592 -0.0002474973059094164 -0.00018341651610526963 -0.00024246585115841171 0.0023615022226098985 -0.00014935865978842514 -0.00014762614644635703 0.00046097480855625955 0.00074230760576025196 0.00085245385601656588 0.00043935977953260042 -0.00036533946740892928 0.0015802352384317222 0.00011192579066593286 0.0014395927352501686 -0.00036533946740892928 -0.00024210601200506062 0.00024337820803310847 0.0049847184406014346
leaf_weight=2561 97 156 266 4392 347 82 173 294 170 6343 506 101 599 2154 273 123 93 559 105 695 399 1464 184 133 249 86 246 511 80 504 206 134 940 456 677 439 171 96 96 1010 810 89 172 176 906 295 329 156 93 272 126 135 591 313 715 115 254 306 472 129 132 354
leaf_count=2561 97 156 266 4392 347 82 173 294 170 6343 506 101 599 2154 273 123 93 559 105 695 399 1464 184 133 249 86 246 511 80 504 206 134 940 456 677 439 171 96 96 1010 810 89 172 176 906 295 329 156 93 272 126 135 591 313 715 115 254 306 472 129 132 354
internal_value=-0.00145595 -0.0217677 0.024129 -0.02367 -0.0220083 -0.00387354 0.0166127 -0.0194145 -0.0121215 0.0276965 0.0111016 -0.0266548 -0.0174981 0.0245181 -0.0159766 0.00431746 -0.00170792 -0.0194087 0.00880074 0.021014 0.0149666 -0.0270843 -0.0257679 0.00515945 -0.0190686 -0.0147642 0.0258049 0.0227515 0.0187276 0.0195446 0.0217826 0.0165698 -0.0176207 -0.01603 -0.0141895 0.0186223 0.00232633 0.00381988 -0.000334821 -0.0253835 -0.0228832 -0.0145133 0.0167769 0.0133074 -0.0143075 -0.012166 -0.0139442 0.0294004 -0.00938849 -0.0188858 0.0118846 0.0111682 0.0182745 0.012315 -0.0264021 0.0114 0.00222222 0.0183994 -0.0159246 -0.0109804 0 0.025362
internal_weight=35110 19572 15538 17691 13299 1881 5003 8538 937 10535 2223 4761 6466 3682 767 944 403 4041 541 2780 1346 4660 3196 877 611 635 3167 1013 502 2085 1149 515 2672 1732 1276 645 618 321 447 2072 1369 338 936 256 2425 1047 752 6853 277 358 259 641 764 418 1725 249 350 705 1378 458 228 510
internal_count=35110 19572 15538 17691 13299 1881 5003 8538 937 10535 2223 4761 6466 3682 767 944 403 4041 541 2780 1346 4660 3196 877 611 635 3167 1013 502 2085 1149 515 2672 1732 1276 645 618 321 447 2072 1369 338 936 256 2425 1047 752 6853 277 358 259 641 764 418 1725 249 350 705 1378 458 228 510
is_linear=0
shrinkage=0.03


Tree=16
num_leaves=63
num_cat=0
split_feature=0 8 0 6 1 11 9 0 0 0 8 0 8 11 6 0 4 2 1 0 11 8 4 11 1 5 1 9 11 8 0 11 9 8 11 11 6 4 5 5 8 5 8 2 5 2 8 6 2 2 8 7 1 7 11 8 8 5 2 0 6 2
split_gain=19752 2309.83 669.173 214.758 206.435 153.58 90.8885 86.3065 85.9566 74.7901 69.904 63.3579 58.0983 55.7375 46.1941 36.6711 36.036 28.7071 25.7717 24.5545 24.4973 22.2819 21.3009 20.4065 20.2375 18.0698 16.5299 21.5445 15.754 14.4918 14.0375 12.7109 12.3101 24.788 13.2149 12.2523 12.1955 11.5972 11.4558 11.3322 11.0269 10.2014 10.1053 9.59725 9.17094 10.0473 8.99873 11.5842 8.97308 8.3766 7.63511 9.33712 7.57429 8.79653 7.52819 23.4576 7.52631 7.11589 6.90262 6.6467 6.68267 7.04181
threshold=0.065000000000000016 -0.37940952255126059 0.56500000000000006 0.9919160630702849 0.075000000000000025 -0.24999999999999994 -0.5 1.425 0.21500000000000002 1.0000000180025095e-35 0.37940952255126054 1.0000000180025095e-35 -0.60355339059327362 0.6830127018922193 0.96010100249940655 0.03500000000000001 0.083333333333333315 0.45000000000000007 0.32500000000000007 0.13500000000000004 -0.24999999999999994 -0.60355339059327362 0.41666666666666669 -0.5 1.2250000000000003 0.71666666666666667 0.78500000000000014 -0.5 -0.68301270189221952 -1.0000000180025095e-35 0.10500000000000002 -0.5 0.78656609248549303 -0.78656609248549303 1.0000000180025095e-35 0.25000000000000017 0.41134755504551518 0.68285714285714294 0.22500000000000003 0.45000000000000007 -0.60355339059327362 0.15000000000000005 0.60355339059327384 1.0000000180025095e-35 0.55000000000000016 0.25000000000000006 -0.98296291314453399 0.69300588406246244 0.75000000000000011 0.65000000000000002 -0.91597561503675329 0.79172134733158372 0.34500000000000003 0.0833175564811309 1.0000000180025095e-35 0.91597561503675362 -0.91597561503675329 0.63333333333333341 0.35000000000000003 0.38500000000000006 0.67077817246640559 0.8500000000000002
decision_type=2 2 2 2 2 2 2 2 2 2 2 2 2 2 2 2 2 2 2 2 2 2 2 2 2 2 2 2 2 2 2 2 2 2 2 2 2 2 2 2 2 2 2 2 2 2 2 2 2 2 2 2 2 2 2 2 2 2 2 2 2 2
left_child=1 3 4 9 8 12 -3 14 10 17 44 13 25 32 24 29 -15 41 30 37 21 36 42 -14 39 28 27 -16 43 -8 -6 -11 33 49 -34 -36 -19 -12 -29 -4 -18 -1 -10 -5 45 -2 -32 -48 -40 -7 51 -20 53 -41 55 -21 -46 -52 -49 60 -24 -62
right_child=2 6 7 5 18 11 15 -9 22 31 19 -13 23 16 26 -17 40 20 50 54 -22 -23 59 -25 -26 -27 -28 38 -30 -31 46 -33 34 -35 35 -37 -38 -39 48 52 -42 -43 -44 -45 56 -47 47 58 -50 -51 57 -53 -54 -55 -56 -57 -58 -59 -60 -61 61 -63
leaf_value=2.9010488125874066e-06 0.00089024895074738463 -0.0001023998628248835 0.0023740288432321224 0.00013315131664979156 8.8895156736796903e-05 -2.1099998895277287e-05 -0.0003543792833866614 0.011955912842637461 0.0013389322899456323 2.0345325573849821e-05 -0.00020395233458116041 0.00024696196033737773 -7.9386184895106863e-05 -3.5312467429099716e-05 0.0032305054884989573 -0.0002621392515986732 -0.00011241524034446517 -0.0002570788461745009 0.001915154455483686 0.00041855997317409734 -0.00035827005752337842 -0.00033314945846967599 0.0002418125674049712 5.182184187171127e-05 0.0040101222325142367 5.6425987870157081e-06 0.0051149168232038113 0.0017085866257935732 7.8998454924699316e-05 -0.0003543792833866614 0.00069394520757695807 -0.00013013953752344064 -0.00016622796113821252 7.1032274263798392e-05 3.5886771615762992e-05 -0.00012100457141770261 -3.0990152861163777e-05 -2.1917091093042896e-05 0.00057763039307588302 0.0011494246487702929 -0.00040397471920770433 -0.0001833507611245609 0.00016034343653223933 0.00022940580576486452 0.00013896677891957836 0.00099435394561430508 0.00046201506611734524 0.00060068495333431132 0.0012629035290320409 -4.8480012476758047e-05 0.0025131164711972983 0.0019302254056507925 0.0013165247602698671 0.00014968250981783267 -2.5161707669110745e-05 -3.3346798276374462e-05 0.00043800263793883137 0.0015938921337515951 0.0012560532978128493 0.001462334113850386 0.00033833132108131522 0.0011039381990439706
leaf_weight=85 115 120 176 85 108 306 1449 6172 111 144 238 361 302 313 1378 198 676 134 355 92 680 170 83 96 235 123 1579 327 326 11537 184 186 88 370 85 177 132 204 143 159 215 85 475 266 164 174 409 116 95 219 337 265 443 80 189 94 91 436 596 258 112 186
leaf_count=85 115 120 176 85 108 306 1449 6172 111 144 238 361 302 313 1378 198 676 134 355 92 680 170 83 96 235 123 1579 327 326 11537 184 186 88 370 85 177 132 204 143 159 215 85 475 266 164 174 409 116 95 219 337 265 443 80 189 94 91 436 596 258 112 186
internal_value=-0.0013749 -0.0221787 0.0229635 -0.00605867 0.0143297 -0.00233475 -0.0289921 0.0272775 0.00821028 -0.0152876 0.00301762 -0.00616862 0.00665555 -0.00789796 0.0241573 -0.0292287 -0.0124979 -0.0185548 0.0199644 -0.00253056 -0.0203044 -0.0146911 0.0139723 -0.00270677 0.0187294 0.0113109 0.0258359 0.0239352 0.0132301 -0.0294248 0.0170792 -0.00253776 -0.00344302 -0.00157366 -0.00820513 -0.00479087 -0.00921348 -0.00731377 0.0189223 0.0165541 -0.0155717 -0.00701754 0.00981261 0.017642 0.0113394 0.015 0.0179403 0.0189572 0.0138075 -0.00576046 0.0228766 0.0202899 0.0147584 0.010375 0.0031117 0.00737968 0.00714844 0.0249225 0.0212903 0.0177656 0.0151571 0.0172575
internal_weight=35107 18928 16179 5624 5392 4008 13304 10787 2586 1616 1361 2810 1198 2449 4615 13184 1204 1286 2806 817 1116 436 1225 398 1093 800 3522 1943 677 12986 1413 330 1245 895 350 262 266 442 565 858 891 170 586 351 544 289 1305 1121 238 525 1393 620 682 239 375 186 255 773 712 639 381 298
internal_count=35107 18928 16179 5624 5392 4008 13304 10787 2586 1616 1361 2810 1198 2449 4615 13184 1204 1286 2806 817 1116 436 1225 398 1093 800 3522 1943 677 12986 1413 330 1245 895 350 262 266 442 565 858 891 170 586 351 544 289 1305 1121 238 525 1393 620 682 239 375 186 255 773 712 639 381 298
is_linear=0
shrinkage=0.03


Tree=17
num_leaves=63
num_cat=0
split_feature=0 8 0 6 7 11 9 0 0 0 9 0 10 9 4 8 6 11 8 0 11 8 11 6 5 10 9 0 8 6 8 6 8 8 5 5 3 10 5 5 9 3 5 7 11 4 10 0 10 9 10 8 10 11 7 11 5 8 0 10 4 10
split_gain=19368 2363.45 669.47 215.33 175.367 163.725 104.525 83.2676 80.2991 69.7378 68.0715 58.3447 56.3541 72.0049 55.777 49.6618 31.81 30.335 29.1397 28.8383 25.7544 43.4638 22.609 35.9273 19.5728 19.087 27.8322 16.8192 26.267 16.5111 16.0292 15.6248 15.5553 15.2236 14.2478 13.9376 13.7074 13.9322 12.9544 12.7571 13.47 12.6044 12.2055 12.0452 11.1598 10.6286 12.5467 10.4242 10.7555 10.3405 14.4901 10.2493 10.0053 9.97855 9.43981 9.4199 9.34539 9.3423 9.30752 9.24782 8.51244 7.88201
threshold=0.075000000000000025 -0.37940952255126059 0.60500000000000009 0.9919160630702849 0.023553699522338052 0.25000000000000017 -0.5 0.15500000000000003 1.2650000000000003 1.0000000180025095e-35 0.1294095225512602 0.042500000000000003 1.0000000180025095e-35 0.78656609248549303 0.083333333333333315 0.60355339059327384 0.97587888928342192 0.6830127018922193 0.60355339059327384 0.17500000000000002 -0.24999999999999994 0.91597561503675362 0.6830127018922193 0.56988722470830055 0.55000000000000016 -0.24999999999999994 -0.12940952255126037 1.0000000180025095e-35 -0.78656609248549303 0.9919160630702849 -0.60355339059327362 0.22141493827114764 -1.0000000180025095e-35 0.78656609248549325 0.083333333333333315 0.45000000000000007 0.11666666666666667 -0.93301270189221908 0.63333333333333341 0.45000000000000007 -0.5 0.95000000000000007 0.15000000000000005 0.3386707526514135 -0.5 0.68285714285714294 -0.24999999999999994 0.38500000000000006 -0.24999999999999994 -0.12940952255126037 -0.5 -0.60355339059327362 -0.5 1.0000000180025095e-35 0.12012012012012027 0.6830127018922193 0.15000000000000005 -0.60355339059327362 0.115 0.68301270189221941 0.37222222222222229 0.68301270189221941
decision_type=2 2 2 2 2 2 2 2 2 2 2 2 2 2 2 2 2 2 2 2 2 2 2 2 2 2 2 2 2 2 2 2 2 2 2 2 2 2 2 2 2 2 2 2 2 2 2 2 2 2 2 2 2 2 2 2 2 2 2 2 2 2
left_child=1 3 4 9 7 12 -3 15 16 22 42 32 13 36 -12 -2 39 34 31 38 21 -20 23 51 27 26 54 28 -14 55 35 -9 59 49 -16 -25 -5 -38 -6 -4 43 -10 -7 -41 -11 46 -19 48 -22 -18 -51 53 -28 -1 -21 -27 -35 -30 -17 -8 -39 -33
right_child=2 6 8 5 19 10 11 18 41 44 14 -13 24 -15 17 58 33 45 20 25 47 -23 -24 30 -26 29 52 -29 57 -31 -32 61 -34 56 -36 -37 37 60 -40 40 -42 -43 -44 -45 -46 -47 -48 -49 -50 50 -52 -53 -54 -55 -56 -57 -58 -59 -60 -61 -62 -63
leaf_value=-0.00020185640308357429 0.00043234283542896185 -8.978411383193664e-05 0.0028555658427661269 -4.4914133784904173e-05 0.00073100037418142108 0.00039674661423971873 -0.00034374790488506156 0.00014229111158281806 0.011439751301136359 1.9794559776565112e-05 -2.1034989248252774e-05 -0.00024104277448622614 -1.7540357099272934e-05 -0.0001454079886871215 4.5093983784525937e-06 -0.00017161740146334493 0.0040534908620743259 -7.7440843175055442e-05 0.00081662949664117386 0.00054826561915878775 0.00012426946899053484 3.1337931766678653e-05 -0.00035445412670443783 1.6847117787625146e-05 2.4382988298957183e-05 0.00097807760439873196 0.00062954967939311758 0.00041290204155225961 0.00021168758682301529 0.0021574888777375059 -0.00020030639172242376 0.0011734743659721357 -0.00034374790488506156 0.0011046705230457815 -0.00010013892703654053 -0.00010385233406387837 7.7811970473212755e-07 0.0001527388614233246 0.00028656231753674627 0.001266084324645694 0.00046363548747121948 0.0036711553779659113 2.9893792001238067e-05 0.0028417838582514149 -0.00014656349286494317 -0.00024986030883390151 -0.00016293597384560527 0.00030241627551821996 -6.9282496956147313e-05 0.0008943104757538011 0.0032819053742253576 -0.0003488832550133914 0.0010641635238418732 -0.00035377269836105678 0.0016277783006455788 0.00059054395228099214 0.0006265802600757699 5.0537356649571273e-05 -2.5469156182974448e-05 -0.00034374790488506156 4.905156328733909e-05 0.0015510801676778293
leaf_weight=230 308 136 206 86 199 102 1106 84 6306 154 639 195 150 228 142 235 2175 138 342 152 160 182 343 111 304 566 222 145 266 867 161 285 11598 174 279 193 201 166 321 429 104 480 196 199 194 377 314 197 210 95 276 183 128 103 545 147 88 252 180 350 95 165
leaf_count=230 308 136 206 86 199 102 1106 84 6306 154 639 195 150 228 142 235 2175 138 342 152 160 182 343 111 304 566 222 145 266 867 161 285 11598 174 279 193 201 166 321 429 104 480 196 199 194 377 314 197 210 95 276 183 128 103 545 147 88 252 180 350 95 165
internal_value=-0.00152879 -0.0219035 0.0227995 -0.00581957 0.0143068 -0.00210243 -0.0288144 0.00809706 0.0272287 -0.0148834 -0.00769196 -0.029083 0.00435586 -0.00185328 -0.00979365 -0.000372928 0.0236829 -0.0134772 0.0118635 0.0189358 0.00903846 0.0138286 -0.0180226 -0.0156721 0.00866726 0.0202169 0.0170324 0.0110934 0.0090583 0.022315 -0.00959227 0.0176075 -0.0293267 0.0252901 -0.00689573 -0.0055082 0.00404372 0.00609071 0.0124376 0.0188498 0.0169441 0.0291823 0.00561873 0.018601 -0.00292264 -0.0168072 -0.0136424 0.00459507 0.00161725 0.0260071 0.0212097 -0.0211219 0.0100855 -0.0178743 0.0205014 0.0188655 0.018251 0.0122543 -0.00713942 -0.0263143 0.0106489 0.0198226
internal_weight=35164 19137 16027 5752 5495 4080 13385 2348 10532 1672 2187 13249 1893 776 1889 723 3746 1250 1625 3147 1091 524 1324 981 1117 2627 1047 813 668 1580 465 534 13054 2808 421 304 548 462 520 938 732 6786 298 628 348 829 452 567 370 2546 371 516 350 333 697 713 262 518 415 1456 261 450
internal_count=35164 19137 16027 5752 5495 4080 13385 2348 10532 1672 2187 13249 1893 776 1889 723 3746 1250 1625 3147 1091 524 1324 981 1117 2627 1047 813 668 1580 465 534 13054 2808 421 304 548 462 520 938 732 6786 298 628 348 829 452 567 370 2546 371 516 350 333 697 713 262 518 415 1456 261 450
is_linear=0
shrinkage=0.03


Tree=18
num_leaves=63
num_cat=0
split_feature=9 8 8 11 1 11 8 8 2 1 6 6 8 9 7 1 11 6 6 1 6 11 11 11 11 11 5 1 6 3 2 9 8 11 5 3 8 5 1 6 8 8 3 2 8 7 8 1 3 11 11 8 1 5 11 8 8 6 4 2 4 2
split_gain=14686.9 3007.74 2746.58 509.784 501.507 297.623 186.702 160.731 128.225 119.496 114.435 90.8641 83.2162 76.5205 63.6389 62.1746 58.5737 57.6569 52.3003 51.8756 44.2023 54.6215 42.6583 42.268 32.412 31.3322 28.5303 26.8071 25.9193 22.576 22.3822 21.8132 21.6173 21.4989 21.4322 20.6176 20.258 18.5647 17.2083 16.7619 15.5661 15.0411 13.4891 13.4062 12.9031 12.4897 12.102 12.0315 11.5829 11.4452 11.3176 11.0678 10.9856 10.5352 10.1502 9.92525 10.0531 9.63957 9.28347 9.22526 10.0632 9.1642
threshold=1.0000000180025095e-35 0.78656609248549325 -0.37940952255126059 1.0000000180025095e-35 0.74500000000000011 -0.24999999999999994 0.91597561503675362 -0.60355339059327362 0.75000000000000011 0.045000000000000005 0.9919160630702849 0.85657209643812438 0.91597561503675362 -0.70710678118654757 0.10942519046433065 0.085000000000000006 0.6830127018922193 0.9919160630702849 0.80250532449306278 1.0000000180025095e-35 0.78953051963513776 0.6830127018922193 0.6830127018922193 0.6830127018922193 0.6830127018922193 -0.68301270189221952 0.45000000000000007 1.3050000000000004 0.97587888928342192 0.95000000000000007 0.8500000000000002 -0.70710678118654757 -1.0000000180025095e-35 -0.5 0.71666666666666667 0.95000000000000007 -0.60355339059327362 0.71666666666666667 0.075000000000000025 0.9919160630702849 -0.98296291314453399 -0.98296291314453399 0.8500000000000002 0.25000000000000006 -0.91597561503675329 0.36201440249848377 -0.91597561503675329 0.30300000000000005 0.75000000000000011 0.93301270189221952 0.93301270189221952 -0.98296291314453399 0.20500000000000004 0.35000000000000003 -0.5 -0.91597561503675329 -0.60355339059327362 0.46864169028679781 0.17499999999999996 0.95000000000000007 0.48333333333333339 0.45000000000000007
decision_type=2 2 2 2 2 2 2 2 2 2 2 2 2 2 2 2 2 2 2 2 2 2 2 2 2 2 2 2 2 2 2 2 2 2 2 2 2 2 2 2 2 2 2 2 2 2 2 2 2 2 2 2 2 2 2 2 2 2 2 2 2 2
left_child=1 4 5 6 10 7 18 11 22 25 15 14 23 48 59 24 40 -9 -3 30 -10 -22 36 26 35 29 58 39 -24 -8 -18 -26 -4 -19 43 -1 42 45 54 -6 47 -37 -7 -13 50 -17 -39 -15 -12 55 -21 -41 -45 -42 -20 -30 -57 -43 -5 60 -2 -25
right_child=2 3 32 12 27 8 9 17 20 -11 13 34 -14 16 -16 37 19 33 38 44 21 -23 28 61 31 -27 -28 -29 49 -31 -32 -33 -34 -35 -36 41 -38 46 -40 51 53 57 -44 52 -46 -47 -48 -49 -50 -51 -52 -53 -54 -55 -56 56 -58 -59 -60 -61 -62 -63
leaf_value=0.0017166181833929497 1.1359462341896838e-05 -1.5244303304422068e-05 -0.00033343546773850969 8.1874441597446363e-05 0.0019509838200615125 1.5847316142671499e-05 3.2649798094423058e-06 -0.00026117362939618124 -0.00034040094219411297 0.00027551116974342037 0.0067291348945802514 0.00016599488602332362 -0.00033343546773850969 0.00087741636873615142 0.00044527256247292769 0.0011275314642135207 0.00030622675062072258 -6.0899710820402533e-05 0.00070144133919502127 0.0024986612493599959 -7.2126548501900522e-05 -0.00024148389239386509 -0.00034931616028728704 -0.0002977085411923483 0.00042787745581502549 -0.00026625735287807067 -0.00033498822695508248 0.011394530725984713 -7.3375301753523923e-05 -0.00022167322052465496 -5.3087046218677264e-05 -0.0001026053750810356 -0.00033343546773850969 6.0163954064471665e-05 7.8219351273894972e-05 -8.5726618671426344e-05 -9.7591632529384035e-05 0.00031473122162575036 0.0025101053334829651 0.0030355059145934422 0.0026831406280688158 0.00017810781052739587 -0.00010485559088043293 0.00018138758099648758 0.0025462039927561611 0.00059437481450197623 0.00070954099907331479 0.0024715414311060526 0.0023348029987573246 -0.00012397536679025205 0.00074109454661971854 0.0052173358895940113 0.0016750616166391029 0.0016303976774920093 0.00026184572425360498 1.1644999274967628e-05 -0.00015449468781807225 0.00075681628114973836 -0.00020044143723992633 -0.00019109046295075292 -0.00016265461119730509 -0.00033343546773850969
leaf_weight=144 91 174 1485 129 549 777 179 207 353 110 977 391 734 239 94 615 373 312 291 182 557 614 82 97 182 316 142 5945 106 129 180 234 10300 86 242 87 279 178 100 258 546 295 87 586 188 83 709 263 661 229 90 1104 161 433 158 231 118 167 90 152 109 268
leaf_count=144 91 174 1485 129 549 777 179 207 353 110 977 391 734 239 94 615 373 312 291 182 557 614 82 97 182 316 142 5945 106 129 180 234 10300 86 242 87 279 178 100 258 546 295 87 586 188 83 709 263 661 229 90 1104 161 433 158 231 118 167 90 152 109 268
internal_value=-0.00163579 0.0177563 -0.0209728 -0.0100651 0.0232841 -0.00419437 0.00248971 0.00383635 -0.00988061 -0.00816327 0.0173312 0.00827586 -0.0225873 0.0204694 -0.00348993 0.0125121 0.0171463 -0.00955446 0.0133011 0.011568 -0.0163672 -0.013541 -0.00469634 -0.0153508 0.00705405 -0.013248 -0.00803867 0.0284536 -0.0101695 -0.00640777 0.00536101 0.000431655 -0.0293204 -0.00285714 0.0120782 0.0110231 -0.00102273 0.0163241 0.0178364 0.0253086 0.0209514 0.00834545 0.00124855 0.0138016 0.0190022 0.02 0.0134122 0.0165805 0.0255156 -0.00823358 0.0147253 0.0271167 0.0161631 0.0231735 0.0152667 -0.00546053 -0.003 0.0104968 -0.00122727 -0.00934844 -0.00507463 -0.022541
internal_weight=35248 17599 17649 2917 14682 5864 1457 2431 3433 734 6826 1826 1460 4132 446 2694 2494 605 723 1013 1524 1171 1909 726 1109 624 361 7856 766 308 553 416 11785 398 1380 693 1143 1585 549 1911 1481 549 864 1138 460 698 887 502 1638 684 272 1362 747 979 449 455 349 462 219 352 200 365
internal_count=35248 17599 17649 2917 14682 5864 1457 2431 3433 734 6826 1826 1460 4132 446 2694 2494 605 723 1013 1524 1171 1909 726 1109 624 361 7856 766 308 553 416 11785 398 1380 693 1143 1585 549 1911 1481 549 864 1138 460 698 887 502 1638 684 272 1362 747 979 449 455 349 462 219 352 200 365
is_linear=0
shrinkage=0.03


Tree=19
num_leaves=63
num_cat=0
split_feature=0 0 0 9 9 1 9 6 0 1 3 1 4 11 1 11 9 4 0 6 1 9 9 9 9 10 6 9 10 9 0 2 3 1 5 10 9 2 5 11 10 11 6 10 4 6 2 5 0 9 10 11 2 2 9 9 0 1 0 4 4 0
split_gain=18645.6 663.291 534.015 172.653 192.215 156.197 120.301 94.9648 62.4997 61.2501 51.4767 46.6089 45.1845 41.8277 40.8409 34.2054 30.4591 29.4913 28.6905 27.6363 25.2917 24.9113 137.049 23.1735 18.7387 38.6449 23.4017 15.8639 21.3134 19.1193 15.2607 14.1665 13.606 13.289 12.3791 12.1545 11.5738 15.9837 10.4885 10.3037 10.1168 9.68412 10.4878 11.0101 9.61488 9.29054 9.06302 14.2733 12.0233 8.77194 12.2181 13.8557 8.45918 8.2901 8.09674 99.5405 8.0213 7.68127 10.4183 7.66742 7.35255 7.23229
threshold=0.10500000000000002 0.015000000000000001 0.91500000000000015 0.91597561503675351 0.37940952255126048 0.27333333350000005 0.1294095225512602 0.96010100249940655 0.21500000000000002 0.03500000000000001 0.95000000000000007 1.0000000180025095e-35 0.11666666666666667 0.6830127018922193 1.0000000180025095e-35 0.6830127018922193 -0.12940952255126037 0.41666666666666669 0.03500000000000001 0.71597015982097678 0.57500000000000007 0.25881904510252057 0.1294095225512602 -0.37940952255126015 -0.12940952255126037 -0.5 0.70439444458987499 0.78656609248549303 1.0000000180025095e-35 0.60355339059327384 0.042500000000000003 0.55000000000000016 0.95000000000000007 0.76500000000000012 0.35000000000000003 1.0000000180025095e-35 -0.12940952255126037 0.45000000000000007 0.71666666666666667 1.0000000180025095e-35 1.0000000180025095e-35 0.93301270189221952 0.85657209643812438 0.68301270189221941 0.48333333333333339 0.20408539105479609 0.8500000000000002 0.15000000000000005 0.65500000000000014 -0.37940952255126015 1.0000000180025095e-35 0.6830127018922193 0.75000000000000011 1.0000000180025095e-35 1.0000000180025095e-35 -0.12940952255126037 0.042500000000000003 0.92500000000000016 0.52500000000000013 0.48333333333333339 0.85833333333333339 0.15500000000000003
decision_type=2 2 2 2 2 2 2 2 2 2 2 2 2 2 2 2 2 2 2 2 2 2 2 2 2 2 2 2 2 2 2 2 2 2 2 2 2 2 2 2 2 2 2 2 2 2 2 2 2 2 2 2 2 2 2 2 2 2 2 2 2 2
left_child=1 3 5 4 11 8 9 31 14 13 16 21 27 18 36 -14 33 46 -3 -8 59 22 54 30 26 -26 38 29 -29 -9 -15 -6 -16 34 -4 -18 37 -2 -7 -33 -31 42 -24 -44 -20 -19 47 48 -10 -28 51 -51 -17 -27 55 -1 -25 58 -40 -12 -47 -39
right_child=2 6 10 -5 7 24 19 12 17 -11 20 -13 15 23 32 52 35 45 44 -21 -22 -23 41 56 25 53 49 28 -30 40 -32 39 -34 -35 -36 -37 -38 61 57 -41 -42 -43 43 -45 -46 60 -48 -49 -50 50 -52 -53 -54 -55 -56 -57 -58 -59 -60 -61 -62 -63
leaf_value=-0.00032343240370635444 -0.00014930449032284055 -0.00032343240370635444 0.0061650751152854018 -0.00032343240370635444 -0.00032343240370635444 0.0014094266301421369 -7.0982838942501805e-05 -0.00032343240370635444 0.00022899153816960144 0.00010856891386729203 0.0008763109349318787 -0.00019197580899498335 -0.00032343240370635444 -0.00032328522541722902 0.00080597715098355447 -0.00032343240370635444 0.00075953495607285172 0.00038693403836806488 -0.00022761862831374857 0.00033216843337117768 0.0029993344723406377 -0.00032343240370635444 -0.00020869063462830001 -4.377999179309807e-05 0.00078121356190135466 0.0019051080932021287 0.002811856302308088 -0.0003099982691513327 -0.00032343240370635444 -0.00018719964931173826 -0.00010993945858983626 -0.00032343240370635444 0.00021112170985923814 0.010974247343076938 0.0034002680631792085 0.0030656398905559447 0.00082755650344483553 -1.8679368486391525e-05 0.00072043027021496476 -0.00032343240370635444 -0.0002153805490806336 -0.00014646148635282297 -8.1031596452526899e-05 7.5904474971827395e-07 -0.00015218538829012024 0.0010401205413900175 0.00071373596821258103 0.0002684471790822944 0.00088456802416072135 0.0024458032867709328 0.0026742467456253635 0.0023954334892532458 -0.00032343240370635444 0.0018110827062079026 -0.00032343240370635444 -3.7261317194361164e-05 0.00037036360820520388 0.0016804390916299007 0.00049100861925600891 0.0013130260082097386 0.0014974481287622955 0.00011542904192375377
leaf_weight=1043 86 237 955 4394 355 280 115 883 358 230 117 108 2246 98 218 447 91 178 197 426 692 1465 97 147 194 110 1214 519 515 534 99 1006 326 5991 500 122 147 229 201 726 503 135 332 96 254 669 335 455 145 162 207 97 788 406 1374 140 88 82 112 115 517 224
leaf_count=1043 86 237 955 4394 355 280 115 883 358 230 117 108 2246 98 218 447 91 178 197 426 692 1465 97 147 194 110 1214 519 515 534 99 1006 326 5991 500 122 147 229 201 726 503 135 332 96 254 669 335 455 145 162 207 97 788 406 1374 140 88 82 112 115 517 224
internal_value=-0.00179319 -0.0212517 0.022753 -0.0230553 -0.0213491 0.0165684 -0.00436047 -0.0186413 0.0125694 -0.00914878 0.0277598 -0.0261616 -0.0168319 -0.0120428 0.00696994 -0.0191528 0.0285705 0.015158 -0.0166328 0.00758303 0.0210162 -0.0266111 -0.0251057 -0.00471132 0.0216341 0.0172996 0.0229329 -0.0140914 -0.0171014 -0.0124623 -0.0122727 -0.0242098 0.0131009 0.0288922 0.0262294 0.017243 0.00209607 5.55556e-05 0.0181509 -0.0253433 -0.00968208 -0.0128896 -0.0110076 -0.00895105 -0.012146 0.0182418 0.0118934 0.0103858 0.013869 0.0248424 0.0211991 0.0167308 -0.0231796 0.0215861 -0.0282525 -0.026326 0.00165254 0.0149242 0.012707 0.0123605 0.0192081 0.00231278
internal_weight=35132 19597 15535 17706 13312 6952 1891 8522 3887 1350 8583 4790 6435 1120 1230 3481 7659 2657 688 541 924 4682 3217 432 3065 710 2355 2954 1034 1920 197 2087 544 7446 1455 213 686 539 675 1732 1037 660 525 428 451 1364 1293 958 503 1680 466 259 1235 516 2557 1183 235 395 313 232 1186 453
internal_count=35132 19597 15535 17706 13312 6952 1891 8522 3887 1350 8583 4790 6435 1120 1230 3481 7659 2657 688 541 924 4682 3217 432 3065 710 2355 2954 1034 1920 197 2087 544 7446 1455 213 686 539 675 1732 1037 660 525 428 451 1364 1293 958 503 1680 466 259 1235 516 2557 1183 235 395 313 232 1186 453
is_linear=0
shrinkage=0.03


Tree=20
num_leaves=63
num_cat=0
split_feature=9 8 8 1 1 8 1 6 5 9 10 10 4 6 8 1 5 1 2 2 8 8 10 8 6 10 10 10 8 8 1 2 10 5 7 10 8 3 8 10 6 2 8 10 10 4 10 10 6 5 1 3 2 10 3 10 5 10 2 1 10 10
split_gain=13995.5 2885.15 2800.54 561.369 363.103 225.713 216.066 232.728 122.791 107.492 82.324 73.603 72.6404 57.8734 53.6848 52.0269 51.1251 38.4804 36.4367 34.7297 33.9675 31.8011 35.5073 28.9346 21.9386 21.194 29.8684 50.5614 20.5311 20.0497 19.0889 17.6238 17.069 21.7296 21.3052 15.5351 15.2759 13.9237 13.8775 12.8384 12.8353 12.0134 11.9868 11.5607 21.0829 17.485 11.4383 11.3105 10.6161 10.3466 10.3098 10.2955 9.74253 9.29927 14.7321 9.17524 9.0154 8.89878 8.873 7.97177 7.82356 14.695
threshold=1.0000000180025095e-35 0.78656609248549325 -0.37940952255126059 0.7350000000000001 0.095000000000000015 0.91597561503675362 0.03500000000000001 0.96010100249940655 0.22500000000000003 -0.70710678118654757 1.0000000180025095e-35 -0.24999999999999994 0.083333333333333315 0.22141493827114764 -0.60355339059327362 0.095000000000000015 0.15000000000000005 1.3650000000000004 0.55000000000000016 0.8500000000000002 -0.91597561503675329 -0.91597561503675329 1.0000000180025095e-35 -1.0000000180025095e-35 0.9919160630702849 -0.24999999999999994 1.0000000180025095e-35 0.25000000000000011 -0.60355339059327362 -0.98296291314453399 1.0000000180025095e-35 0.75000000000000011 1.0000000180025095e-35 0.71666666666666667 0.38867049132506354 -0.6830127018922193 -0.98296291314453399 0.95000000000000007 0.60355339059327384 -0.93301270189221908 0.97587888928342192 0.35000000000000003 -0.60355339059327362 0.68301270189221941 1.0000000180025095e-35 0.78333333333333355 -0.24999999999999994 0.25000000000000011 0.97587888928342192 0.083333333333333315 0.28500000000000009 0.11666666666666667 1.0000000180025095e-35 -0.5 0.95000000000000007 -0.93301270189221908 0.083333333333333315 -0.24999999999999994 0.8500000000000002 0.40500000000000008 -0.24999999999999994 -0.5
decision_type=2 2 2 2 2 2 2 2 2 2 2 2 2 2 2 2 2 2 2 2 2 2 2 2 2 2 2 2 2 2 2 2 2 2 2 2 2 2 2 2 2 2 2 2 2 2 2 2 2 2 2 2 2 2 2 2 2 2 2 2 2 2
left_child=1 3 6 8 5 16 7 18 21 13 11 14 -12 50 20 19 35 24 42 -11 39 22 -1 47 -5 53 -27 -28 58 30 -21 -14 34 -34 59 -3 -26 55 -23 -9 -15 -8 -2 44 60 -46 -31 -4 -49 -13 -10 52 -37 54 -18 -22 -33 -40 -20 -17 61 -7
right_child=2 4 23 17 -6 43 41 10 9 15 12 49 31 40 -16 32 25 -19 28 29 37 38 -24 -25 36 26 27 -29 -30 46 -32 56 33 -35 -36 51 -38 -39 57 -41 -42 -43 -44 -45 45 -47 -48 48 -50 -51 -52 -53 -54 -55 -56 -57 -58 -59 -60 -61 -62 -63
leaf_value=0.00081241854648422991 -1.4455894922089218e-05 0.00023302005943763921 -0.0003137294315951638 0.0018606552296528908 0.00091606933664499328 -0.0003137294315951638 0.00116417673629034 3.1951191993972898e-05 0.00017838157130578778 0.00056916814172039269 9.9735967774148342e-05 -0.00011495443438812504 2.8915425497394263e-05 0.0010657293185472509 -0.00012030224806541923 0.00056725181142602702 -7.3647195950231333e-06 0.010901228104165855 -0.00015014860174445509 -0.00018831739028975342 -8.3427171165938163e-06 0.0062412353590109203 0.0027846985466092409 -0.0003137294315951638 0.0027771146305837139 -0.0003137294315951638 0.00064346686638422053 -0.0003137294315951638 -0.00032018651503042665 0.0003870950891278112 0.00014157449003624742 2.2470559294938789e-05 0.0015597798428371196 0.0006841221245265372 0.00033839715368184751 6.9560819940091143e-05 0.0050001211362518429 -4.6606244926986943e-05 0.0023574780587283287 -8.9088469507210791e-05 0.0027594433399002337 0.00077822867570955781 -0.00022591963514973539 -0.0003137294315951638 -0.00013295556534186377 -0.0003137294315951638 7.0997181724825913e-05 -0.0003137294315951638 -0.00016357673064197823 -0.00021629296961741363 0.00058065714939608962 0.00025393207184509954 -0.00017835290448373265 0.00025321007679286419 -0.00022648208222578927 5.4563689825890026e-05 -6.3936874973875735e-05 0.0015762380145195921 -0.00023800691077500793 0.0013816216235708863 -0.0003137294315951638 -0.0001774872648865645
leaf_weight=367 170 104 858 581 230 465 162 91 318 566 786 162 470 700 455 271 169 5794 242 163 147 814 276 10209 263 91 82 371 287 192 81 93 302 236 245 98 1242 120 194 219 1034 317 81 335 210 116 387 158 438 250 243 113 103 91 96 625 625 331 501 113 134 106
leaf_count=367 170 104 858 581 230 465 162 91 318 566 786 162 470 700 455 271 169 5794 242 163 147 814 276 10209 263 91 82 371 287 192 81 93 302 236 245 98 1242 120 194 219 1034 317 81 335 210 116 387 158 438 250 243 113 103 91 96 625 625 331 501 113 134 106
internal_value=-0.00171568 0.0171426 -0.0207477 0.0225438 -0.0101269 -0.0132291 -0.0037164 -0.00545352 0.0162467 0.0136707 -0.00192136 -0.00610145 0.00246076 0.0183841 -0.00327503 0.00943293 -0.00436694 0.0280015 -0.0165913 0.0055036 4.98753e-05 0.0225416 0.0170031 -0.0292207 0.0244657 -0.00839068 -0.0121101 -0.0089207 -0.0190883 0.00156553 -0.00563265 -0.00222035 0.014101 0.0180334 0.0107143 0.00429594 0.0263944 0.00302352 0.0251866 -0.00848875 0.0210951 0.0155625 -0.00630952 -0.0217703 -0.0201453 -0.0137615 0.00460345 -0.0251959 -0.0219095 -0.0174334 0.00998221 0.000952381 -0.00311881 -0.00268908 -0.00552632 0.00450194 -0.00517385 0.0212738 -0.0164113 0.0151169 -0.0230737 -0.021451
internal_weight=35093 17627 17466 14713 2914 2684 5803 5324 6833 4851 4043 2069 1974 2295 1657 2556 1318 7880 1281 1389 1202 1982 643 11663 2086 900 544 453 1030 823 244 1188 1167 538 629 418 1505 892 1339 310 1734 479 251 1366 1031 326 579 1454 596 412 561 314 201 356 265 772 718 525 743 384 705 571
internal_count=35093 17627 17466 14713 2914 2684 5803 5324 6833 4851 4043 2069 1974 2295 1657 2556 1318 7880 1281 1389 1202 1982 643 11663 2086 900 544 453 1030 823 244 1188 1167 538 629 418 1505 892 1339 310 1734 479 251 1366 1031 326 579 1454 596 412 561 314 201 356 265 772 718 525 743 384 705 571
is_linear=0
shrinkage=0.03


Tree=21
num_leaves=63
num_cat=0
split_feature=9 8 8 11 7 11 8 9 6 6 8 11 8 7 10 8 6 11 3 7 3 10 7 3 10 8 10 6 5 2 11 5 3 8 5 10 3 5 8 11 8 7 2 11 3 7 6 5 10 2 10 5 5 6 11 6 3 8 8 5 2 10
split_gain=13663.1 2845.49 2811.79 503.248 395.071 290.237 194.371 139.563 124.264 123.354 113.942 97.6231 94.3691 88.423 85.1734 81.3868 72.1044 70.3288 63.7822 62.6935 47.6754 47.5068 46.9533 43.6596 42.5121 40.6052 39.7088 38.5952 36.2503 28.6531 26.5387 23.9713 23.1261 22.9477 21.9257 21.7014 21.2364 20.2671 19.9806 19.7847 32.5387 15.6854 14.8455 15.5601 14.7972 14.1402 13.719 13.0396 12.8843 12.7204 12.429 15.484 12.1545 12.0623 11.7503 12.7073 11.6737 11.0264 20.6336 10.9086 10.8096 10.589
threshold=1.0000000180025095e-35 0.78656609248549325 -0.37940952255126059 1.0000000180025095e-35 0.3386707526514135 -0.24999999999999994 0.91597561503675362 -0.70710678118654757 0.96010100249940655 0.84272314683140503 -0.91597561503675329 0.25000000000000017 0.91597561503675362 0.54769487412799533 -0.24999999999999994 -0.60355339059327362 0.67077817246640559 0.6830127018922193 0.95000000000000007 0.17768266152567258 0.95000000000000007 1.0000000180025095e-35 1.0000000180025095e-35 0.95000000000000007 1.0000000180025095e-35 -1.0000000180025095e-35 0.93301270189221952 0.87064863372406032 0.15000000000000005 0.8500000000000002 -0.68301270189221952 0.15000000000000005 0.75000000000000011 -0.60355339059327362 0.71666666666666667 0.93301270189221952 0.95000000000000007 0.083333333333333315 -0.60355339059327362 0.6830127018922193 -0.98296291314453399 0.12012012012012027 1.0000000180025095e-35 -0.68301270189221952 0.95000000000000007 1.0000000180025095e-35 0.46864169028679781 0.15000000000000005 -0.24999999999999994 0.8500000000000002 0.68301270189221941 0.63333333333333341 0.15000000000000005 0.9919160630702849 0.6830127018922193 0.9919160630702849 0.8500000000000002 -0.91597561503675329 -0.78656609248549303 0.083333333333333315 0.95000000000000007 0.68301270189221941
decision_type=2 2 2 2 2 2 2 2 2 2 2 2 2 2 2 2 2 2 2 2 2 2 2 2 2 2 2 2 2 2 2 2 2 2 2 2 2 2 2 2 2 2 2 2 2 2 2 2 2 2 2 2 2 2 2 2 2 2 2 2 2 2
left_child=1 4 5 6 7 9 27 16 37 19 21 20 14 30 31 34 50 35 22 33 -9 39 28 -12 -17 53 -16 -3 48 59 36 -5 -18 49 42 38 -8 -7 44 40 -6 -29 -11 47 -10 -20 60 -44 -13 -2 51 -1 -26 -4 -34 -56 -23 -37 -59 -19 -22 -55
right_child=2 3 25 12 10 8 13 11 17 15 23 18 -14 -15 26 24 32 29 45 -21 46 56 -24 -25 52 -27 -28 41 -30 -31 -32 -33 54 -35 -36 57 -38 -39 -40 -41 -42 -43 43 -45 -46 -47 -48 -49 -50 -51 -52 -53 -54 61 55 -57 -58 58 -60 -61 -62 -63
leaf_value=0.0011054487319264196 -1.6143691627096053e-05 2.5176040278520466e-05 -0.00030431754864730887 0.00016763940923235609 0.00089071903554964764 -0.00012079910505958716 8.6883095307805662e-06 0.0022419514493799892 2.9380608365289773e-06 0.00012511690657355498 0.010492595911273543 0.0010326537920426911 -0.00030431754864730887 0.00028695987485471747 -0.00030431754864730887 -0.00013120644048202336 0.0061550715335139542 -4.4683531880035788e-05 -0.00016946479210754099 0.00043556895261598658 0.00060037514981501727 0.0043502033923897452 0.0016720334961269625 0.0025675769049556948 6.7501249337015569e-05 -0.00030431754864730887 -0.00014410545601733886 0.00047304022794586144 4.1233228884893152e-05 -0.00022574284934213863 -0.00024341377397133141 -0.00017277213736463935 0.0020092378244091105 -0.00032439759261399204 3.7199627756240891e-05 0.00070852399272206988 -0.00020619540448265717 -0.00030777103648676769 -0.00012875391754141817 0.0017639439721248886 0.0029327384659283921 0.0022988629590267214 0.00043758497382166955 0.00013500480330892463 -9.4117796044352079e-05 6.4403105685835734e-05 0.00085737538033686829 0.00019504377099370217 0.00027478094868283663 -0.00016681254725765704 0.00057050498259908955 0.00046662317854796249 -2.7169728174525679e-05 -0.00018171336945124915 0.0004744606721398619 0.00197480415373522 0.0016999576283167645 -2.4004611153637215e-05 8.4485333187841116e-05 -0.0001078831007082525 0.00014976372783980299 -0.00014629030768738144
leaf_weight=169 150 188 401 107 339 97 176 618 680 241 5978 163 744 91 363 173 1039 441 213 82 95 659 276 760 157 10208 132 460 493 416 334 147 761 141 237 91 144 598 290 155 361 95 255 388 119 205 392 244 183 210 249 561 132 800 161 311 175 98 192 342 287 259
leaf_count=169 150 188 401 107 339 97 176 618 680 241 5978 163 744 91 363 173 1039 441 213 82 95 659 276 760 157 10208 132 460 493 416 334 147 761 141 237 91 144 598 290 155 361 95 255 388 119 205 392 244 183 210 249 561 132 800 161 311 175 98 192 342 287 259
internal_value=-0.00180204 0.0168587 -0.0206146 -0.00984909 0.022311 -0.00349091 0.00249832 0.016542 -0.00918276 0.00445458 0.0265365 0.0117806 -0.0221486 -0.0083244 -0.0146 0.00828775 0.020821 -0.00623596 0.0065515 -0.00755137 0.0175305 0.0195444 0.0102957 0.0282861 -0.00259179 -0.0290873 -0.0218347 0.0133468 0.00675 -0.011625 -0.0121832 -0.000470588 0.0237571 -0.0115339 0.0119693 -0.00183549 -0.00598131 -0.0204741 -0.00399083 0.0145444 0.0166904 0.0173201 0.0137112 0.0155068 -0.0015375 -0.00343675 0.0125419 0.01902 0.0141787 -0.00747922 0.0139898 0.0119836 0.00444828 -0.0243532 0.0209319 0.0171247 0.0246467 0.00431937 0.0014433 -0.00822704 0.00845953 -0.0226132
internal_weight=35026 17584 17442 2981 14603 5774 1488 6176 3364 2410 8427 2925 1493 745 749 1827 3251 2669 1533 583 1392 1689 1115 6738 462 11668 495 743 839 1199 654 254 2272 501 1365 1470 320 695 1089 855 700 555 1128 887 799 418 774 499 346 360 979 730 289 1460 1233 472 834 381 290 783 382 1059
internal_count=35026 17584 17442 2981 14603 5774 1488 6176 3364 2410 8427 2925 1493 745 749 1827 3251 2669 1533 583 1392 1689 1115 6738 462 11668 495 743 839 1199 654 254 2272 501 1365 1470 320 695 1089 855 700 555 1128 887 799 418 774 499 346 360 979 730 289 1460 1233 472 834 381 290 783 382 1059
is_linear=0
shrinkage=0.03


Tree=22
num_leaves=63
num_cat=0
split_feature=0 8 0 0 6 1 11 0 9 9 0 5 0 10 9 8 5 8 10 6 11 8 10 8 11 3 1 10 8 8 3 3 9 11 6 5 8 1 5 8 11 10 0 8 5 6 6 10 11 3 11 6 0 8 10 8 11 11 0 1 1 6
split_gain=17556.5 2599.99 613.172 204.067 200.116 157.697 124.778 79.4086 67.465 61.1826 60.9179 56.5214 51.3928 51.037 57.9091 48.0179 34.6006 31.5644 31.054 29.475 29.0565 27.1753 27.5699 23.9342 23.394 19.7096 19.2347 18.3147 17.9142 22.847 17.6886 17.2522 17.1787 17.064 16.4046 16.3219 16.117 13.4398 13.0373 12.7457 11.7444 11.6642 11.6186 12.9025 11.4219 9.31978 8.68068 8.62025 8.61178 8.44272 10.8782 8.01959 7.99911 7.57567 7.38491 7.33208 7.2457 7.18343 7.11268 6.82423 6.80259 6.68727
threshold=0.10500000000000002 -0.37940952255126059 0.97500000000000009 0.042500000000000003 0.9919160630702849 0.17500000000000002 0.25000000000000017 1.0000000180025095e-35 -0.5 0.1294095225512602 0.26500000000000007 0.083333333333333315 1.6250000000000002 1.0000000180025095e-35 0.78656609248549303 -1.0000000180025095e-35 0.45000000000000007 0.37940952255126054 -0.24999999999999994 0.69300588406246244 -0.24999999999999994 -0.91597561503675329 1.0000000180025095e-35 -0.78656609248549303 0.93301270189221952 0.8500000000000002 0.03500000000000001 0.25000000000000011 -0.60355339059327362 -0.91597561503675329 0.95000000000000007 0.11666666666666667 -0.5 0.6830127018922193 0.9919160630702849 0.083333333333333315 0.78656609248549325 0.42500000000000004 0.55000000000000016 -0.98296291314453399 -0.24999999999999994 -0.24999999999999994 1.0000000180025095e-35 -0.78656609248549303 0.71666666666666667 0.21090423132313618 0.9919160630702849 0.25000000000000011 -0.5 0.45000000000000007 1.0000000180025095e-35 0.69300588406246244 0.015000000000000001 0.78656609248549325 -0.93301270189221908 -0.60355339059327362 0.6830127018922193 -0.24999999999999994 0.14500000000000005 1.7650000000000003 0.72500000000000009 0.78953051963513776
decision_type=2 2 2 2 2 2 2 2 2 2 2 2 2 2 2 2 2 2 2 2 2 2 2 2 2 2 2 2 2 2 2 2 2 2 2 2 2 2 2 2 2 2 2 2 2 2 2 2 2 2 2 2 2 2 2 2 2 2 2 2 2 2
left_child=1 4 5 8 7 10 13 20 -3 27 17 28 16 14 31 56 39 18 -2 44 23 22 33 -1 -13 42 53 -8 29 -11 -23 -6 37 -21 -20 -22 51 -18 -9 -4 -38 -31 43 -15 -7 -25 59 58 -40 -49 -51 57 -17 -5 -33 -45 -10 -12 -19 -39 -46 -37
right_child=2 3 12 26 6 19 9 38 15 11 36 24 -14 25 -16 52 32 47 34 21 35 30 -24 45 -26 -27 -28 -29 -30 41 -32 54 -34 -35 -36 61 40 46 48 -41 -42 -43 -44 55 60 -47 -48 49 -50 50 -52 -53 -54 -55 -56 -57 -58 -59 -60 -61 -62 -63
leaf_value=1.5873555607272984e-05 6.1151715357255499e-05 -0.00011043092807031613 0.0028482485982258723 -8.4167188833855896e-05 -4.7701696719301131e-05 0.00089655694506439692 3.6915092359089406e-05 0.00010384090025834855 -0.00029518802218788959 -5.8102502925142762e-05 0.00076962852788485818 -7.8670705443208247e-05 0.01068229760954801 1.1504440453661523e-05 -0.00012618717401518089 -0.00029518802218788959 0.0019763469218310918 -8.1916888552576934e-06 0.00022542972508551439 0.0014818229354959128 -0.00014051152920253936 0.0032246571968699372 0.0019312687384584648 -0.00031466566483557228 -0.00022150102928155302 3.3332237474445014e-05 9.8512144003392023e-05 0.00043411709800557499 -0.00011596208401794391 5.9770081854955897e-05 0.0014302739558957785 1.382057342201138e-05 0.0010358978564807273 0.001755960952738234 0.0013652014905070236 -0.00029924642692590541 0.00033559522063945842 0.0016281368364599502 1.8112592225703535e-06 0.0053227742098161191 2.218584588671371e-05 -7.4455321925187204e-06 0.00041952236896420134 0.00017279650786398664 0.00046985697707849217 -9.5557783392367611e-05 0.0042599336064976226 -0.00010867716011294546 -0.00015245962462990222 0.00024576859841322863 -8.2888318722648015e-05 0.0012792739365417485 -0.00029518802218788959 -0.00020587823117157526 0.00010640389774974816 5.4268076209511727e-05 -0.00029886614756377138 0.00033231368842310432 0.00013180535123110716 0.0041167559517287997 0.0011620850175252438 -0.00029986578172401052
leaf_weight=111 228 83 134 105 90 380 255 124 1109 226 103 769 5325 148 240 11301 248 134 227 529 111 988 683 171 231 360 83 105 226 203 587 201 157 134 230 417 416 221 137 1588 147 219 170 257 417 240 440 88 196 98 159 1133 338 312 281 236 362 174 303 94 145 267
leaf_count=111 228 83 134 105 90 380 255 124 1109 226 103 769 5325 148 240 11301 248 134 227 529 111 988 683 171 231 360 83 105 226 203 587 201 157 134 230 417 416 221 137 1588 147 219 170 257 417 240 440 88 196 98 159 1133 338 312 281 236 362 174 303 94 145 267
internal_value=-0.00203722 -0.0208453 0.0218322 -0.0280568 -0.00436081 0.0155052 -0.000803698 -0.0128113 -0.0287699 -0.00566443 0.0108282 -0.00784 0.0274598 0.00467238 -0.00110701 -0.0289406 0.024204 0.0061921 0.0108892 0.0196661 -0.0165478 0.0211602 0.0179955 -0.0110134 -0.0127073 0.00867747 -0.00922156 0.00565097 -0.00226286 0.00027735 0.0238515 0.00408377 0.020155 0.0135994 0.015393 -0.0201633 0.0142705 0.0216036 -0.00203057 0.0269182 0.00994681 0.00439716 0.0112685 0.00939252 0.0150159 -0.0143447 0.0236111 0.00206897 -0.00511976 -0.00147399 0.00127907 0.0159887 -0.0295902 -0.0118421 0.0063354 0.0117206 -0.023784 0.0113309 0.00486301 0.0196519 0.0122558 -0.0218978
internal_weight=35194 19684 15510 13693 5991 7303 4217 1774 13193 2234 3440 1874 8207 1983 812 13110 2882 1467 685 3863 1317 2921 1346 522 1000 1171 500 360 874 648 1575 572 1160 663 457 795 1973 1003 457 1722 563 422 811 641 942 411 755 782 333 345 257 1410 11639 417 482 493 1471 277 437 315 562 684
internal_count=35194 19684 15510 13693 5991 7303 4217 1774 13193 2234 3440 1874 8207 1983 812 13110 2882 1467 685 3863 1317 2921 1346 522 1000 1171 500 360 874 648 1575 572 1160 663 457 795 1973 1003 457 1722 563 422 811 641 942 411 755 782 333 345 257 1410 11639 417 482 493 1471 277 437 315 562 684
is_linear=0
shrinkage=0.03


Tree=23
num_leaves=63
num_cat=0
split_feature=0 8 0 0 2 1 0 8 11 3 11 8 9 8 9 4 0 11 5 1 9 5 1 8 3 1 5 2 2 5 8 8 5 0 8 2 1 4 11 5 4 1 3 0 11 9 8 11 3 2 4 11 2 1 7 11 5 2 4 8 1 5
split_gain=17304.4 2516.17 716.976 227.942 169.063 80.4087 76.3644 67.2691 65.0874 64.7491 64.2026 52.0551 47.3441 45.7086 39.4012 38.6181 31.136 30.5231 26.2464 25.1418 21.0308 19.1084 18.0509 17.938 17.7062 17.6928 16.6471 16.6009 16.5249 15.299 14.3398 14.821 13.0078 12.7311 12.6125 12.2897 11.9995 11.4114 11.0808 10.9856 10.5154 9.90337 12.1816 9.57234 9.41153 9.38823 9.31238 9.10455 8.53647 8.4651 7.96043 7.80514 7.65579 7.59137 9.89606 7.53699 8.48266 7.07786 8.47238 6.87964 6.87904 6.71616
threshold=0.075000000000000025 -0.37940952255126059 0.97500000000000009 0.21500000000000002 0.8500000000000002 0.32500000000000007 0.03500000000000001 0.37940952255126054 0.6830127018922193 0.95000000000000007 0.25000000000000017 -1.0000000180025095e-35 0.78656609248549303 -0.98296291314453399 0.1294095225512602 0.48333333333333339 0.015000000000000001 -0.24999999999999994 0.71666666666666667 0.025000000000000005 0.78656609248549303 0.083333333333333315 1.4650000000000001 0.78656609248549325 0.95000000000000007 0.7350000000000001 0.45000000000000007 0.55000000000000016 0.45000000000000007 0.71666666666666667 -0.60355339059327362 -0.91597561503675329 0.15000000000000005 0.13500000000000004 -0.91597561503675329 1.0000000180025095e-35 1.0000000180025095e-35 0.78333333333333355 -0.68301270189221952 0.15000000000000005 0.058333333333333307 0.28500000000000009 0.8500000000000002 0.30500000000000005 -0.68301270189221952 0.60355339059327384 -0.60355339059327362 1.0000000180025095e-35 0.95000000000000007 0.35000000000000003 0.81666666666666676 0.93301270189221952 0.95000000000000007 0.78500000000000014 0.86021275809054465 -0.24999999999999994 0.63333333333333341 1.0000000180025095e-35 0.48333333333333339 -0.70710678118654735 2.0950000000000002 0.15000000000000005
decision_type=2 2 2 2 2 2 2 2 2 2 2 2 2 2 2 2 2 2 2 2 2 2 2 2 2 2 2 2 2 2 2 2 2 2 2 2 2 2 2 2 2 2 2 2 2 2 2 2 2 2 2 2 2 2 2 2 2 2 2 2 2 2
left_child=1 4 3 7 8 15 11 41 12 13 18 -3 17 -4 39 23 46 24 20 28 52 30 26 -5 44 -11 -15 -19 -9 34 31 -16 -25 37 35 -7 -13 -30 -37 -10 -14 42 49 -17 57 -20 -12 -35 -36 -2 55 -23 -6 54 -40 -45 -57 -1 -59 -44 -27 -42
right_child=2 6 9 5 10 29 -8 19 14 25 16 36 40 22 21 43 -18 27 45 -21 -22 51 -24 32 -26 60 -28 -29 33 -31 -32 -33 -34 47 48 38 -38 -39 53 -41 61 -43 59 50 -46 -47 -48 -49 -50 -51 -52 -53 -54 -55 -56 56 -58 58 -60 -61 -62 -63
leaf_value=8.2170902963486122e-05 0.0010717506589083315 -0.0002863323815222529 0.0016620365300893144 0.00073566402970002664 9.5532712498563437e-05 0.0017704514062565362 -0.00020584220563549523 -0.00014200514059799647 0.00036320900159720525 0.0010619555568274458 -0.0001758627800481782 -0.0002863323815222529 -4.3737712035917671e-06 0.0056445741793175351 -7.5182735418492582e-05 0.00051305668287858887 -0.00010584006254004918 3.0189556655236952e-05 -6.8508031210057666e-05 0.00015681245654101714 -0.0001608157304651976 -0.00010221818710557542 0.010926172610552339 0.00020462351743059947 -2.1331868088964918e-05 0.0025015720670563159 0.0033879916928335322 -4.3526190340844956e-05 -0.00014783736808321799 0.001222918458148992 -0.00015712363751350269 1.8345215394186185e-05 1.7233138272128091e-05 0.00023070957866162426 0.0037177504643616196 0.0017633350429035971 -0.00019149375368134698 2.1110945945134278e-05 0.0024006284218567237 -2.1729017828497706e-05 -6.4633868286766667e-05 0.0011171879033907426 0.00010961557384131764 0.0010900766987515277 5.4771536359787504e-05 -0.00014417020228064023 -0.00029086980827229021 -4.8837921810747153e-05 0.0013765366670841057 0.0009242174318507912 0.001375121969356085 -0.00019222905815980887 -1.4512042165804387e-06 0.0032917237016503583 0.0022400464656304789 0.0014856447836886718 0.00060689124333585778 0.00022723435123547033 9.6124043432910741e-05 0.00022629562309234047 0.0052874089014507365 -0.00013481825850337713
leaf_weight=102 121 1446 175 990 120 143 331 133 86 263 762 11482 373 1647 125 477 118 601 267 135 129 280 4875 284 119 431 682 361 146 814 129 232 221 148 701 246 107 122 262 114 119 147 380 223 337 245 213 154 432 260 465 141 231 125 106 251 160 212 86 134 129 255
leaf_count=102 121 1446 175 990 120 143 331 133 86 263 762 11482 373 1647 125 477 118 601 267 135 129 280 4875 284 119 431 682 361 146 814 129 232 221 148 701 246 107 122 262 114 119 147 380 223 337 245 213 154 432 260 465 141 231 125 106 251 160 212 86 134 129 255
internal_value=-0.00208426 -0.0213392 0.0209548 0.0144275 -0.00475686 0.0173259 -0.0284806 0.00532695 -0.000882113 0.0271437 -0.0115772 -0.0288424 0.00174201 0.0280366 -0.00695848 0.0139551 -0.0165905 0.00435404 -0.0060423 -0.00100119 -0.000997921 -0.00961454 0.0284053 0.010488 0.00847141 0.0191141 0.026176 0.000685358 -0.00328125 0.0209788 -0.00554415 -0.00243017 0.00586957 -0.00105079 0.0223958 0.0196376 -0.029516 -0.00579926 0.0212027 0.00507463 -0.0046123 0.0104123 0.00920759 0.0172353 0.0102033 -0.0107602 -0.0183504 0.00316832 0.0245238 0.0132723 0.0187909 -0.0142891 0.0028125 0.0185223 0.0162602 0.0165354 0.0140534 0.0133167 0.0156522 0.00617476 0.022139 -0.00816
internal_weight=35105 19123 15982 7780 5757 5900 13366 1880 3672 8202 2085 13035 2565 7379 1107 3071 1093 1818 992 838 480 907 7204 1495 856 823 2329 962 703 2829 486 357 505 570 2015 882 11589 268 739 200 747 1042 895 1576 737 512 975 302 1133 381 1099 421 351 493 368 634 411 400 298 514 560 374
internal_count=35105 19123 15982 7780 5757 5900 13366 1880 3672 8202 2085 13035 2565 7379 1107 3071 1093 1818 992 838 480 907 7204 1495 856 823 2329 962 703 2829 486 357 505 570 2015 882 11589 268 739 200 747 1042 895 1576 737 512 975 302 1133 381 1099 421 351 493 368 634 411 400 298 514 560 374
is_linear=0
shrinkage=0.03


Tree=24
num_leaves=63
num_cat=0
split_feature=0 0 0 9 9 0 9 4 3 1 1 1 1 9 4 1 9 9 4 5 0 0 5 2 11 10 9 9 5 0 2 10 10 3 11 9 10 9 2 0 9 5 2 0 5 1 9 9 1 10 3 10 7 0 1 0 4 9 9 10 10 10
split_gain=16882.9 658.139 623.224 144.441 202.709 133.855 118.546 80.4622 76.1092 56.1081 53.6057 45.8366 39.8007 39.4102 36.5795 35.8444 27.8341 154.539 23.0355 22.3618 21.0563 19.0756 18.2215 16.035 15.4311 13.8656 13.8395 13.8358 13.2908 12.7914 12.753 11.4969 11.0478 10.7211 10.3553 10.3412 15.4738 10.1363 10.1114 9.76678 9.62259 9.37304 19.7535 9.1687 11.4301 9.0741 8.9539 88.7016 8.87104 8.86205 9.35389 8.65765 8.4863 8.37242 10.3586 8.67228 8.27999 8.16226 7.74804 7.73902 7.59284 7.37898
threshold=0.10500000000000002 0.97500000000000009 0.015000000000000001 0.91597561503675351 0.37940952255126048 0.21500000000000002 -0.12940952255126037 0.11666666666666667 0.8500000000000002 0.44166666650000003 1.0000000180025095e-35 0.03500000000000001 1.1250000000000002 -0.12940952255126037 0.37222222222222229 1.0000000180025095e-35 0.25881904510252057 0.1294095225512602 0.48333333333333339 0.55000000000000016 0.03500000000000001 0.025000000000000005 0.55000000000000016 1.0000000180025095e-35 0.6830127018922193 0.68301270189221941 -0.12940952255126037 0.1294095225512602 0.55000000000000016 1.6250000000000002 0.95000000000000007 -0.6830127018922193 -0.24999999999999994 0.95000000000000007 0.25000000000000017 0.78656609248549303 1.0000000180025095e-35 0.60355339059327384 0.55000000000000016 0.51500000000000012 -0.70710678118654757 0.15000000000000005 0.95000000000000007 0.37500000000000006 0.55000000000000016 0.085000000000000006 1.0000000180025095e-35 -0.12940952255126037 2.2150000000000003 0.25000000000000011 0.95000000000000007 0.25000000000000011 0.033451032562071846 0.64500000000000013 0.20500000000000004 0.38500000000000006 0.68285714285714294 -0.37940952255126015 -0.60355339059327384 0.25000000000000011 0.25000000000000011 0.25000000000000011
decision_type=2 2 2 2 2 2 2 2 2 2 2 2 2 2 2 2 2 2 2 2 2 2 2 2 2 2 2 2 2 2 2 2 2 2 2 2 2 2 2 2 2 2 2 2 2 2 2 2 2 2 2 2 2 2 2 2 2 2 2 2 2 2
left_child=2 5 3 4 10 15 11 30 13 14 16 18 40 29 41 26 17 46 -4 24 -20 27 23 -11 -9 -19 38 -8 61 -3 35 39 57 -17 -21 37 -37 -6 -2 -16 -10 53 52 45 -45 -33 47 -1 -14 50 -24 -5 58 54 -7 -56 -26 -25 -43 -35 -22 -23
right_child=1 8 6 51 7 9 21 19 12 22 -12 -13 48 -15 31 33 -18 25 20 34 60 28 49 32 56 -27 -28 -29 -30 -31 -32 43 -34 59 -36 36 -38 -39 -40 -41 -42 42 -44 44 -46 -47 -48 -49 -50 -51 -52 -53 -54 -55 55 -57 -58 -59 -60 -61 -62 -63
leaf_value=-0.0002777424100765853 -9.8039146851851522e-05 0.0047543303481053234 -0.00023995105280688088 -0.0002777424100765853 -0.0002777424100765853 0.0001625787830628632 -0.00025127447458007761 -0.0002777424100765853 0.0018674904675352732 0.0017593264548995094 -0.00011347199556912662 4.2132770960530262e-05 0.003457073361404417 0.0019459304486693402 0.00039410595356249482 0.00077054660099676233 -0.0002777424100765853 -8.6202725187000699e-05 -0.00027838732225411592 -0.0002777424100765853 -7.4266036815957994e-05 0.00022740122522750392 0.0023166484508438906 0.0022020001755718032 -0.0002777424100765853 -2.7387642402997189e-05 0.0008517379616286222 3.5474064827160194e-05 2.2833999457578592e-05 0.01091679961695104 -0.0002777424100765853 0.00041384829386868505 0.00321627326553064 0.00010894495816528251 -0.0002777424100765853 -0.0002777424100765853 -0.0002777424100765853 -0.00018022616731505801 1.9179713395780435e-05 0.0014119887628910701 0.00081263230883612842 0.00055970948284711551 0.00061941672211189992 0.0021125959492547522 0.0011756681928782918 0.00087749896967776483 -0.0002777424100765853 -4.6796946932056087e-05 0.0075448891641083284 0.0017213418694872651 0.00080159129654189558 -0.0002777424100765853 0.00068021572518498115 0.00078068543571875636 0.0016385180294100775 0.001750386341852244 -0.0002777424100765853 0.0020407286793175656 -1.9245815612819043e-05 0.00030996584942173991 -0.00017259102371166204 0.00055098745251198379
leaf_weight=1050 120 1825 326 2575 949 306 113 1542 499 128 100 172 664 160 206 273 1472 531 120 1674 176 253 260 236 434 126 157 121 299 4669 177 370 604 231 1141 567 540 1074 440 116 162 206 264 419 562 391 1355 143 327 372 436 1797 244 197 93 91 387 226 197 192 156 159
leaf_count=1050 120 1825 326 2575 949 306 113 1542 499 128 100 172 664 160 206 273 1472 531 120 1674 176 253 260 236 434 126 157 121 299 4669 177 370 604 231 1141 567 540 1074 440 116 162 206 264 419 562 391 1355 143 327 372 436 1797 244 197 93 91 387 226 197 192 156 159
internal_value=-0.00219543 0.0210272 -0.0207972 -0.022554 -0.0209907 0.0144767 -0.0044462 -0.0182029 0.0268111 0.0164557 -0.0259376 -0.0119243 0.0210163 0.0282464 0.0141523 0.00617397 -0.0264023 -0.0248066 -0.0150193 -0.0205406 -0.010596 0.00307611 0.0201768 0.0227448 -0.0183629 -0.0118085 0.0014624 -0.00434043 0.00551966 0.0286097 -0.0145375 0.0167942 0.023955 0.0110187 -0.0223615 -0.014085 -0.016435 -0.0127915 -0.000748663 0.011517 0.0152719 0.0107317 0.00871711 0.0177625 0.0197047 0.0152362 -0.0281522 -0.0261558 0.0248286 0.0172872 0.0152367 -0.0272902 0.00587963 0.0133866 0.0112424 0.0168649 -0.0217153 0.0203456 0.00319307 0.00799528 -0.00666667 0.00900726
internal_weight=35172 15643 19529 17634 13262 7337 1895 8485 8306 5924 4777 950 1652 6654 3662 1413 4677 3205 778 5178 452 945 2262 1194 2363 657 717 234 711 6494 3307 2064 1066 696 2815 3130 1107 2023 560 322 661 1598 911 1742 981 761 2548 1193 991 1068 696 4372 647 687 490 184 821 462 403 423 332 412
internal_count=35172 15643 19529 17634 13262 7337 1895 8485 8306 5924 4777 950 1652 6654 3662 1413 4677 3205 778 5178 452 945 2262 1194 2363 657 717 234 711 6494 3307 2064 1066 696 2815 3130 1107 2023 560 322 661 1598 911 1742 981 761 2548 1193 991 1068 696 4372 647 687 490 184 821 462 403 423 332 412
is_linear=0
shrinkage=0.03


Tree=25
num_leaves=63
num_cat=0
split_feature=0 8 0 6 1 0 11 0 8 0 9 6 10 9 9 6 11 8 2 10 8 1 8 4 10 0 10 5 5 1 0 11 1 6 11 2 5 6 8 0 1 11 9 5 2 6 10 8 8 6 8 11 11 1 6 5 5 1 11 10 2 5
split_gain=16298.5 2682.09 739.919 229.069 224.153 129.851 119.686 78.1657 75.2797 54.9999 54.4735 54.4067 44.4484 48.4251 37.6212 37.4901 33.6181 31.9619 30.6468 29.9953 29.824 26.6692 24.728 24.0209 22.6849 21.5799 21.0623 20.0315 19.3692 17.1568 16.9108 19.166 13.3546 13.1503 12.9423 12.7073 12.6305 12.5683 17.6475 23.3843 12.4295 11.5976 11.4838 11.4023 11.2107 10.7811 10.7075 10.7072 15.1952 10.3218 9.50152 9.47852 9.44 9.34638 9.11926 9.03102 8.87658 8.82768 8.7892 8.54449 8.32561 8.1396
threshold=0.085000000000000006 -0.37940952255126059 1.1450000000000002 0.9919160630702849 0.33500000000000008 0.03500000000000001 0.6830127018922193 0.21500000000000002 -1.0000000180025095e-35 1.0000000180025095e-35 0.1294095225512602 0.81569335171151025 1.0000000180025095e-35 0.78656609248549303 -0.5 0.9919160630702849 -0.24999999999999994 0.37940952255126054 0.95000000000000007 -0.24999999999999994 -0.91597561503675329 1.6450000000000002 -0.60355339059327362 0.29285714285714293 1.0000000180025095e-35 1.8650000000000004 0.68301270189221941 0.45000000000000007 0.083333333333333315 0.045000000000000005 1.0000000180025095e-35 1.0000000180025095e-35 1.0000000180025095e-35 0.21090423132313618 0.93301270189221952 0.45000000000000007 0.55000000000000016 0.67077817246640559 0.37940952255126054 0.41500000000000004 0.80500000000000016 -0.24999999999999994 -0.70710678118654757 0.55000000000000016 1.0000000180025095e-35 0.9919160630702849 0.93301270189221952 -0.60355339059327362 -0.91597561503675329 0.84272314683140503 0.78656609248549325 0.6830127018922193 1.0000000180025095e-35 0.025000000000000005 0.9919160630702849 0.083333333333333315 0.15000000000000005 1.3050000000000004 0.6830127018922193 -0.6830127018922193 0.65000000000000002 0.45000000000000007
decision_type=2 2 2 2 2 2 2 2 2 2 2 2 2 2 2 2 2 2 2 2 2 2 2 2 2 2 2 2 2 2 2 2 2 2 2 2 2 2 2 2 2 2 2 2 2 2 2 2 2 2 2 2 2 2 2 2 2 2 2 2 2 2
left_child=1 3 4 9 7 8 12 17 26 16 -8 25 13 41 37 57 22 36 30 -16 24 27 33 47 40 -4 54 -13 -18 35 31 -14 -10 -1 -25 -19 59 -9 -39 51 55 56 -29 -11 -26 -28 -21 48 -12 -30 -7 -40 -20 -45 -3 -17 -5 -6 -51 -2 -33 -41
right_child=2 5 11 6 15 50 10 14 32 43 23 21 18 -15 19 20 28 29 52 46 -22 -23 -24 34 44 -27 45 42 49 -31 -32 60 -34 -35 -36 -37 -38 38 39 61 -42 -43 -44 53 -46 -47 -48 -49 -50 58 -52 -53 -54 -55 -56 -57 -58 -59 -60 -61 -62 -63
leaf_value=-0.0002043567464378478 0.0004529342852174703 -0.00026941013777428773 0.0016805174681648748 7.6982658124702402e-06 0.00089764089768265424 -9.0628503752189594e-05 0.00011573258802315826 0.00046692321244979452 -0.00026941013777428773 6.3712188882868902e-05 -6.2001425853296831e-05 0.0058153255925141988 9.8844660708643644e-05 -9.6741124281559193e-05 0.00014656622398617416 0.0024053402020765805 -0.00011876371446697335 -0.00012640880025654918 3.7547803340387821e-05 0.00053765906657948933 0.0031310138916201971 0.010665656330957158 -0.00017383983638099369 -8.4047731874350339e-05 0.0024876443206452502 0.0049558920639934346 -0.00026941013777428773 0.0039417183381463263 -0.00028097157776166889 0.00016892854606247301 0.00032601085134976987 6.4159117252462236e-05 -0.00017721597050939159 2.472634705123454e-06 -0.00020431116564212376 2.1717180755595476e-07 0.00017235535325399237 0.0017965649353506342 0.0007462589676088951 0.0014786423743690254 0.002262739871217083 7.8989895583997383e-06 0.0015700713726848018 -0.00014379452946735428 0.002386069123910419 -0.00010615041575055115 5.6949681149661109e-05 -0.00012324092463351861 2.0097922584080567e-05 -0.00010466936451319496 -0.00019057977330978697 5.941446331670031e-05 -7.2847527077268863e-05 2.5489344366329373e-05 -0.00015301958172382323 0.00093446795363832718 0.00013136150782506166 0.002492439699268966 -0.00028998968213051108 0.00088188069406010163 -1.2074124039059031e-05 0.0010510560711989997
leaf_weight=143 106 310 312 123 1046 110 280 458 11477 101 113 1617 522 340 600 111 106 109 150 643 1255 4430 191 423 121 274 94 508 459 98 208 291 116 189 261 511 459 550 121 471 153 583 200 189 421 272 92 119 230 96 331 158 147 95 801 221 185 193 123 251 160 280
leaf_count=143 106 310 312 123 1046 110 280 458 11477 101 113 1617 522 340 600 111 106 109 150 643 1255 4430 191 423 121 274 94 508 459 98 208 291 116 189 261 511 459 550 121 471 153 583 200 189 421 272 92 119 230 96 331 158 147 95 801 221 185 193 123 251 160 280
internal_value=-0.002267 -0.020725 0.0203684 -0.00371139 0.0143006 -0.0280617 9.4294e-05 0.0101528 -0.0286022 -0.0130065 -0.00693763 0.0273318 0.00379705 -0.000413961 0.012706 0.0200767 -0.0159404 0.0045342 0.00730223 0.00877994 0.0223653 0.028095 -0.0100191 -0.00983435 0.0185311 0.0185009 -0.0221854 0.0254471 -0.0198726 -8.34492e-05 0.00946701 0.00779261 -0.0294178 -0.00504505 -0.0134015 -0.00193237 0.00859241 0.0152722 0.0165465 0.0141998 0.0137654 0.00326233 0.0211566 -0.00303109 0.0227624 -0.0158583 0.0128397 -0.00453564 -0.0018314 -0.0217378 -0.0120136 0.00675 -0.00130872 -0.00610526 -0.0242536 0.0104505 0.00796117 0.0158468 -0.0162273 0.0128212 0.00325221 0.0169548
internal_weight=35107 19338 15769 5827 8428 13511 4135 4907 13070 1692 1426 7341 2709 1231 3373 3521 1307 1534 1478 1335 2282 6755 523 1146 1027 586 1477 2325 784 718 1181 973 11593 332 684 620 816 2038 1580 1030 485 891 708 385 542 366 735 462 343 678 441 279 297 284 1111 332 308 1239 219 357 451 751
internal_count=35107 19338 15769 5827 8428 13511 4135 4907 13070 1692 1426 7341 2709 1231 3373 3521 1307 1534 1478 1335 2282 6755 523 1146 1027 586 1477 2325 784 718 1181 973 11593 332 684 620 816 2038 1580 1030 485 891 708 385 542 366 735 462 343 678 441 279 297 284 1111 332 308 1239 219 357 451 751
is_linear=0
shrinkage=0.03


Tree=26
num_leaves=63
num_cat=0
split_feature=0 8 0 0 2 1 8 0 5 0 11 1 11 8 8 0 10 9 1 1 5 8 10 1 9 0 8 10 3 11 3 8 3 0 8 1 10 10 9 10 3 8 2 5 5 5 2 11 11 0 3 3 1 0 11 2 8 11 0 5 7 8
split_gain=16110.6 2625.85 666.851 202.024 162.549 151.632 86.2619 76.0831 69.8411 53.7049 51.7763 50.5295 49.1779 47.5094 35.9458 32.1825 29.2838 29.7167 27.0488 22.7296 21.6737 23.2057 30.6766 21.3555 21.2154 20.6033 19.7315 32.6974 40.2792 25.9481 19.4092 19.2717 19.196 18.8738 18.7443 17.616 17.3512 16.9115 17.8848 15.307 13.6011 12.5388 12.4771 16.915 12.3759 12.1406 11.9709 11.8314 11.6408 11.5628 10.95 10.8853 10.6835 11.3549 10.5322 10.2061 9.33749 9.24459 8.80855 8.46456 8.3837 8.33411
threshold=0.10500000000000002 -0.37940952255126059 1.0650000000000002 0.025000000000000005 0.65000000000000002 0.32500000000000007 -1.0000000180025095e-35 1.0000000180025095e-35 0.45000000000000007 1.0000000180025095e-35 0.6830127018922193 1.9450000000000001 0.25000000000000017 0.78656609248549325 -0.98296291314453399 0.55500000000000016 0.25000000000000011 0.78656609248549303 0.055000000000000007 0.03500000000000001 0.71666666666666667 -0.91597561503675329 1.0000000180025095e-35 1.0000000180025095e-35 0.78656609248549303 0.19500000000000003 0.37940952255126054 -0.24999999999999994 0.95000000000000007 0.25000000000000017 0.95000000000000007 -0.91597561503675329 0.95000000000000007 1.9350000000000003 0.78656609248549325 0.82500000000000007 0.68301270189221941 0.25000000000000011 -0.5 0.25000000000000011 0.8500000000000002 -0.91597561503675329 0.55000000000000016 0.63333333333333341 0.22500000000000003 0.083333333333333315 0.8500000000000002 1.0000000180025095e-35 -0.68301270189221952 0.33500000000000008 0.8500000000000002 0.8500000000000002 0.15500000000000003 0.31500000000000006 -0.9330127018922193 0.55000000000000016 -0.60355339059327362 -0.24999999999999994 1.5750000000000004 0.083333333333333315 0.54198918257745177 -0.60355339059327362
decision_type=2 2 2 2 2 2 2 2 2 2 2 2 2 2 2 2 2 2 2 2 2 2 2 2 2 2 2 2 2 2 2 2 2 2 2 2 2 2 2 2 2 2 2 2 2 2 2 2 2 2 2 2 2 2 2 2 2 2 2 2 2 2
left_child=1 4 5 6 9 13 36 12 14 10 16 33 24 15 -4 26 17 31 25 34 21 22 35 -8 30 51 27 41 -29 -28 48 -1 -17 37 -5 45 -3 38 40 -26 -10 52 -27 -44 -9 -7 -14 -18 -6 -31 -23 -15 -2 -54 -22 -38 59 -34 -16 -12 -47 -48
right_child=2 3 8 19 7 20 23 44 11 -11 56 -13 46 18 58 32 47 -19 -20 -21 54 50 -24 -25 39 42 29 28 -30 49 -32 -33 57 -35 -36 -37 55 -39 -40 -41 -42 -43 43 -45 -46 60 61 -49 -50 -51 -52 -53 53 -55 -56 -57 -58 -59 -60 -61 -62 -63
leaf_value=-8.7354270858332607e-05 -2.6317576828598991e-05 -0.00026132783364105912 0.0020435215484032473 -8.8428028273223187e-05 0.00010963215461194628 0.0021444118669133971 -0.00026132783364105912 0.00023895230768154158 0.0042462654099668833 0.00028917859259429597 -1.8017162967982544e-05 0.0071303494867592243 -0.00010174311704568803 -0.00010516603412210175 0.0047579363900492333 0.001665086837397629 8.9094680378775236e-05 -8.7114451986733922e-05 0.00031906072520024808 4.9320907776997414e-05 0.00065934108667845925 0.0037289542270313551 0.0023661618826529042 -0.00016843231242666512 -0.00015236345654957991 6.9618856354780595e-05 0.00044963759952229652 0.0014584924507807095 0.0002974971429943235 -3.8583039966081124e-05 -9.5511922373826976e-05 3.466942040798861e-05 0.00093754719624660192 0.0040479725268392957 -0.00020307822690798267 0.002395735132231222 -6.591092052463621e-05 0.0030689667139263037 0.00023990668634423575 -7.1704737870822538e-05 0.0013275418509471439 0.00056001221800774492 0.00049336998549942915 7.6513650458303963e-05 -3.4289087150445663e-05 0.00091627930379390961 -0.00015662895635041251 3.3212362310651166e-05 -1.3858591499607813e-05 0.00034910244502966227 0.0015289774784348828 2.2264906844509657e-05 0.00082811578547698742 -1.8409325190520199e-05 0.0012462186620094476 -0.00026132783364105912 -0.00012904742408561404 0.00032360733692626652 0.010655721392920533 -7.1536232972952833e-05 0.00039254999932513774 -0.00026511175125790864
leaf_weight=87 177 1118 105 126 126 119 11284 111 213 500 311 878 410 115 1248 627 318 341 102 97 157 676 534 99 244 398 289 557 580 288 400 513 106 323 475 131 136 350 98 181 359 182 195 134 610 85 697 341 234 220 627 125 129 80 798 214 169 137 4219 177 179 218
leaf_count=87 177 1118 105 126 126 119 11284 111 213 500 311 878 410 115 1248 627 318 341 102 97 157 676 534 99 244 398 289 557 580 288 400 513 106 323 475 131 136 350 98 181 359 182 195 134 610 85 697 341 234 220 627 125 129 80 798 214 169 137 4219 177 179 218
internal_value=-0.0022296 -0.0203619 0.0205662 -0.0276731 -0.003817 0.0143301 -0.0285271 -0.00838181 0.0267629 0.00153372 -0.000438441 0.0222367 -0.0108483 0.0107046 0.0285627 0.0124518 0.00247345 -0.000923567 0.00518692 -0.0119313 0.0191956 0.0207526 0.017388 -0.0294123 -0.00639966 0.00362603 0.0107151 0.0125381 0.0154745 0.00680451 -0.00339028 0.00309484 0.0174282 0.0185491 -0.014103 0.0121165 -0.0216474 0.0165132 0.0136811 -0.0117606 0.0157068 0.00664323 0.00614011 0.0104545 0.000207756 0.00882812 -0.014819 0.00731818 0.00166205 0.0027112 0.0234433 -0.0039834 0.00356589 0.00814286 0.0153452 -0.0157265 -0.0075228 0.0102049 0.0288972 -0.00539877 0.00520755 -0.0167358
internal_weight=35077 19537 15540 13549 5988 7747 12851 3231 7793 2757 2257 2221 2510 4441 5572 3372 1600 941 1069 698 3306 2351 1048 11383 1185 967 2502 1705 1137 797 760 600 870 1343 601 514 1468 1020 670 425 572 568 727 329 721 383 1325 659 360 508 1303 240 386 209 955 350 657 243 5467 488 264 915
internal_count=35077 19537 15540 13549 5988 7747 12851 3231 7793 2757 2257 2221 2510 4441 5572 3372 1600 941 1069 698 3306 2351 1048 11383 1185 967 2502 1705 1137 797 760 600 870 1343 601 514 1468 1020 670 425 572 568 727 329 721 383 1325 659 360 508 1303 240 386 209 955 350 657 243 5467 488 264 915
is_linear=0
shrinkage=0.03


Tree=27
num_leaves=63
num_cat=0
split_feature=0 0 0 1 9 9 1 9 6 0 5 1 11 11 9 9 1 11 1 2 2 9 10 7 3 3 9 9 0 5 6 0 10 11 9 6 6 11 5 10 9 3 2 9 11 6 10 9 3 10 0 11 10 9 6 10 6 5 5 10 9 9
split_gain=15664 814.238 362.532 173.937 134.902 240.657 122.075 104.32 87.4944 76.8397 65.0322 38.8295 29.6508 28.448 27.8958 171.988 26.4195 24.8519 24.7444 23.5122 23.2373 22.6276 21.4493 21.8937 21.1943 20.575 18.8777 23.4822 18.8066 17.7244 15.4677 15.4048 14.6911 14.5878 23.6634 14.8396 14.3951 19.1027 13.7282 13.1729 18.1068 16.169 16.7643 14.8485 14.8473 12.0207 11.624 11.7778 12.8368 11.3979 11.1296 10.8991 10.5945 10.4474 12.13 12.8695 10.4323 9.69183 9.57457 8.98195 8.80819 8.52236
threshold=0.065000000000000016 0.88500000000000012 0.015000000000000001 0.17500000000000002 0.91597561503675351 0.37940952255126048 1.6050000000000002 0.1294095225512602 0.9919160630702849 0.24500000000000002 0.45000000000000007 1.0000000180025095e-35 0.93301270189221952 1.0000000180025095e-35 0.25881904510252057 0.1294095225512602 0.53500000000000014 0.6830127018922193 0.025000000000000005 0.55000000000000016 0.55000000000000016 -0.37940952255126015 1.0000000180025095e-35 0.32835779377566127 0.95000000000000007 0.95000000000000007 -0.12940952255126037 -0.37940952255126015 1.9150000000000003 0.15000000000000005 0.9919160630702849 1.3050000000000004 0.25000000000000011 1.0000000180025095e-35 -0.70710678118654757 0.24817607891553481 0.9919160630702849 1.0000000180025095e-35 0.15000000000000005 1.0000000180025095e-35 0.78656609248549303 0.083333333333333315 0.65000000000000002 0.60355339059327384 0.6830127018922193 0.78953051963513776 0.25000000000000011 -0.37940952255126015 0.95000000000000007 0.68301270189221941 0.03500000000000001 -0.24999999999999994 1.0000000180025095e-35 0.98296291314453421 0.9919160630702849 1.0000000180025095e-35 0.21090423132313618 0.083333333333333315 0.71666666666666667 0.68301270189221941 0.78656609248549303 -0.9159756150367534
decision_type=2 2 2 2 2 2 2 2 2 2 2 2 2 2 2 2 2 2 2 2 2 2 2 2 2 2 2 2 2 2 2 2 2 2 2 2 2 2 2 2 2 2 2 2 2 2 2 2 2 2 2 2 2 2 2 2 2 2 2 2 2 2
left_child=2 3 4 9 5 11 10 17 19 18 13 14 29 31 15 -1 22 50 26 59 -11 -19 23 25 -24 -5 27 33 36 39 -9 -3 -28 35 -35 -2 -12 -38 -33 40 41 -10 -43 -41 -45 -8 47 48 -18 -17 -4 58 -32 54 -6 -56 -22 -14 -31 -7 -21 -58
right_child=1 6 7 16 53 8 45 30 12 20 28 -13 57 -15 -16 49 46 21 -20 60 56 -23 24 -25 -26 -27 32 -29 -30 51 52 38 -34 34 -36 -37 37 -39 -40 43 -42 42 -44 44 -46 -47 -48 -49 -50 -51 -52 -53 -54 -55 55 -57 61 -59 -60 -61 -62 -63
leaf_value=-0.00025348799863182734 -4.4617495874887943e-06 0.0019479932871546619 -0.00025428203669672253 0.0021550315162515211 -0.00025348799863182734 -0.00025348799863182734 0.0048949624063510397 -1.7846706658728537e-05 -0.00025348799863182734 0.00019793185435098301 0.0010033289306010729 -0.00015290423988664284 -0.00025348799863182734 0.0059888242121136992 -0.00025348799863182734 -8.0771362858898503e-05 0.0029523718329884075 -0.00023508100378010608 0.00020522856462233742 -0.00025348799863182734 0.0003144092994306956 2.9051863908459083e-05 0.0015566166950755364 0.00060525032420426336 0.00052608340284636325 0.00055478407754444385 -1.7562515637015163e-06 -0.00011787400741307022 0.0032853941518934107 -0.00025348799863182734 8.8056277877441121e-05 0.0041104744876999822 0.00078627415006155238 0.00017665541902922604 -6.9876907843480072e-05 0.00044221399133292146 0.0014261978033084154 0.0041861120801276758 0.0026052140361339771 -0.00025348799863182734 -0.00025348799863182734 -5.425294828836257e-05 -0.000260632804588285 -0.00025378532664629646 -0.00025348799863182734 0.0099249404228629583 0.0024833839743170012 0.0014526008969859758 0.0010858285394320932 -2.231051258818747e-05 -0.00015864338511710781 -0.00025348799863182734 0.00035005333964478161 -0.00025348799863182734 -0.00025348799863182734 -0.00025348799863182734 0.0014885578564727035 -0.00025348799863182734 -0.00025348799863182734 -0.00020605486091596439 -0.00025348799863182734 0.00076748757309092906
leaf_weight=2566 95 462 258 164 823 335 280 148 416 570 481 107 213 1328 1488 516 371 148 557 1263 180 204 484 507 487 277 127 292 232 656 120 302 186 137 339 111 351 354 276 503 452 266 130 986 148 4581 552 352 348 120 249 1553 167 1477 1038 1057 198 398 426 88 658 985
leaf_count=2566 95 462 258 164 823 335 280 148 416 570 481 107 213 1328 1488 516 371 148 557 1263 180 204 484 507 487 277 127 292 232 656 120 302 186 137 339 111 351 354 276 503 452 266 130 986 148 4581 552 352 348 120 249 1553 167 1477 1038 1057 198 398 426 88 658 985
internal_value=-0.00260903 0.0192885 -0.0210322 0.0119221 -0.0221539 -0.0206426 0.0255215 -0.00569884 -0.0176036 0.00744044 0.0214682 -0.0260171 -0.0157173 0.0245167 -0.0264251 -0.0248205 0.0166977 -0.0117558 0.00305691 -0.0225416 0.0116184 -0.00560907 0.0142969 0.0110643 0.0174383 0.0159502 0.000768634 -0.00129231 0.0163636 -0.015019 0.00626147 0.0207493 0.00716561 0.00175695 -0.00113208 0.0084058 0.0148104 0.0175496 0.0240415 -0.0133873 -0.0156996 -0.0129889 -0.00861461 -0.0115934 -0.00967401 0.0286734 0.0195259 0.0176586 0.019875 -0.010832 -0.0160039 -0.0168096 0.0103125 -0.0267175 -0.0256321 -0.024375 0.0137463 -0.0220098 -0.0144598 -0.0160613 -0.0239594 0.014772
internal_weight=34943 15966 18977 7319 17683 13288 8647 1294 8491 3777 3786 4797 6147 2368 4690 3202 3542 859 1844 2344 1933 352 1919 948 971 441 1287 974 1418 5536 435 1040 313 682 476 206 1186 705 578 2901 1264 812 396 1637 1134 4861 1623 1071 719 636 507 2635 287 4395 2918 2095 1363 611 1082 423 1921 1183
internal_count=34943 15966 18977 7319 17683 13288 8647 1294 8491 3777 3786 4797 6147 2368 4690 3202 3542 859 1844 2344 1933 352 1919 948 971 441 1287 974 1418 5536 435 1040 313 682 476 206 1186 705 578 2901 1264 812 396 1637 1134 4861 1623 1071 719 636 507 2635 287 4395 2918 2095 1363 611 1082 423 1921 1183
is_linear=0
shrinkage=0.03


Tree=28
num_leaves=63
num_cat=0
split_feature=0 8 0 0 6 0 11 8 3 0 9 7 10 9 6 9 4 10 8 11 8 10 7 0 6 8 11 8 6 11 3 5 0 3 0 5 6 8 8 4 11 10 7 0 9 7 7 7 3 7 3 9 8 4 4 3 6 7 10 9 5 10
split_gain=15296.3 2779.8 702.568 196.564 183.952 140.131 103.838 102.854 65.4654 59.9308 52.5662 48.0456 43.8066 52.1134 43.1865 56.6896 42.8597 32.118 31.3483 29.7348 25.5738 23.8626 22.5265 21.7394 20.1577 19.6242 27.3708 28.3294 24.5031 19.4938 18.305 17.6894 17.5393 18.2211 16.9851 15.9823 15.3061 14.3401 14.7534 14.2117 14.138 14.5289 14.3787 13.8579 13.6869 13.6331 13.6153 13.5976 13.4844 12.5575 12.1218 11.2506 10.7527 10.6366 10.2034 10.1444 9.84591 9.64781 9.50137 8.76889 9.11169 8.66453
threshold=0.10500000000000002 -0.37940952255126059 1.2850000000000004 0.042500000000000003 0.9919160630702849 0.31500000000000006 0.25000000000000017 -1.0000000180025095e-35 0.8500000000000002 1.0000000180025095e-35 0.1294095225512602 0.063144603934077628 1.0000000180025095e-35 0.78656609248549303 0.97587888928342192 -0.5 0.29285714285714293 1.0000000180025095e-35 0.37940952255126054 -0.24999999999999994 -0.60355339059327362 0.68301270189221941 0.25016914749661712 0.015000000000000001 0.91428148076137306 0.91597561503675362 -0.24999999999999994 0.60355339059327384 0.40469693966315429 0.93301270189221952 0.35000000000000003 0.35000000000000003 0.53500000000000014 0.95000000000000007 1.8050000000000004 0.083333333333333315 0.21090423132313618 -0.91597561503675329 -0.60355339059327362 0.58333333333333337 0.6830127018922193 1.0000000180025095e-35 0.17198025676601025 2.0050000000000003 -0.12940952255126037 0.60007501875468883 1.0000000180025095e-35 0.6190949540850138 0.11666666666666667 0.041863990362370977 0.95000000000000007 -0.9159756150367534 -0.60355339059327362 0.17499999999999996 0.68285714285714294 0.62500000000000011 0.9919160630702849 0.62500000000000033 -0.24999999999999994 -0.12940952255126037 0.083333333333333315 0.25000000000000011
decision_type=2 2 2 2 2 2 2 2 2 2 2 2 2 2 2 2 2 2 2 2 2 2 2 2 2 2 2 2 2 2 2 2 2 2 2 2 2 2 2 2 2 2 2 2 2 2 2 2 2 2 2 2 2 2 2 2 2 2 2 2 2 2
left_child=1 4 5 7 9 11 12 21 34 19 61 25 13 48 40 18 37 45 50 20 36 -3 -19 -9 -10 26 28 51 -2 35 -21 -14 39 -34 55 -18 -1 58 -39 -20 41 44 -42 57 47 53 -5 -7 -6 54 -16 -28 -32 -17 -11 -4 -13 -26 -12 60 -47 -8
right_child=2 3 8 46 6 14 10 23 24 49 16 56 31 -15 15 17 29 22 32 30 -22 -23 -24 -25 43 -27 27 -29 -30 -31 52 -33 33 -35 -36 -37 -38 38 -40 -41 42 -43 -44 -45 -46 59 -48 -49 -50 -51 -52 -53 -54 -55 -56 -57 -58 -59 -60 -61 -62 -63
leaf_value=-0.00018716427869493903 9.1528389174937904e-05 -0.00024588335867287251 0.0057228749732137832 -0.00015458780537742445 -3.4162893417714371e-05 0.00063899806747233728 0.00010035983014091408 -0.00024588335867287251 0.0019756051691891528 4.0475950677337431e-06 -7.8462304462167671e-05 0.00031853061337641685 0.00012517208734197895 -9.9533845785410076e-05 0.0042371250258684129 2.8712025150025992e-05 -2.8227943609792584e-06 0.00028584052107866274 6.9549014583396645e-05 -8.6829546047080848e-05 -0.00018189517567877167 -0.00024588335867287251 0.0022009421784709425 -0.0002466535755958209 0.0021900915219895617 -9.8474832876046592e-05 0.00055302738225106618 -5.4310238836382773e-05 0.0007890931968242979 -0.0001569527033804961 -0.00026277541192590184 4.355402084215018e-05 0.0017308060743567728 0.00061699677546159151 0.010346566032389289 -8.4563389083802676e-05 1.2635438896706876e-05 2.5818391613324775e-05 -6.5297065654818532e-05 0.001183302003407096 2.6748419157983508e-05 0.0010535754772521017 0.00076049599436836556 0.0062924678357057021 -3.4747367103987038e-05 0.0021842869635076393 4.1543861124928876e-05 0.0022298366586706942 5.818939536488581e-05 0.00012053904662778068 0.001479305464843178 0.00023169287926968644 -0.00025737020876643061 0.00054025632480888901 -0.00013957560890592442 0.0038979359038458258 0.00095724664163967729 0.0039063550558412277 -1.0144619040437785e-06 0.0010908122952195992 0.0015741668561848937 0.000365798802211753
leaf_weight=131 148 1110 1158 428 93 538 270 11337 313 156 129 533 739 237 1172 183 188 314 138 102 199 345 703 379 274 191 87 368 216 252 486 409 644 108 4063 547 174 458 225 129 153 810 151 308 89 86 83 94 478 134 394 379 179 192 165 456 596 179 87 185 155 98
leaf_count=131 148 1110 1158 428 93 538 270 11337 313 156 129 533 739 237 1172 183 188 314 138 102 199 345 703 379 274 191 87 368 216 252 486 409 644 108 4063 547 174 458 225 129 153 810 151 308 89 86 83 94 478 134 394 379 179 192 165 456 596 179 87 185 155 98
internal_value=-0.00255623 -0.020157 0.0197105 -0.0275948 -0.00301162 0.0141007 0.000370458 -0.0283032 0.0269831 -0.0112565 -0.00401774 0.00812227 0.00542667 7.41656e-05 0.0165123 0.0181267 -0.00604134 0.0140517 0.0209861 -0.0145991 -0.00891089 -0.0207486 0.0175933 -0.0292396 0.0201488 0.00438129 0.00580484 0.0028024 0.0126575 -0.0103543 -0.0183203 0.0091906 0.0168529 0.0192032 0.0282723 -0.00786685 -0.00343137 -0.0013 0.000833333 0.0101866 0.0126307 0.0138055 0.00668852 0.0227953 0.0106787 0.00953865 -0.00931641 0.0122275 0.00498252 -0.00190789 0.0236631 0.00770878 -0.0201351 0.00534574 -0.00512422 0.0255975 0.0127168 0.0193612 -0.00801843 0.0132084 0.0169835 0.00634146
internal_weight=35125 19618 15507 13682 5936 8756 4210 13171 6751 1726 2254 2518 1956 808 6238 4403 1886 1818 2585 1271 504 1455 1017 11716 1074 1389 1198 834 364 987 767 1148 1019 752 5677 735 305 899 683 267 1835 1531 304 761 721 801 511 632 571 455 1566 466 665 375 321 1614 1129 453 216 426 241 368
internal_count=35125 19618 15507 13682 5936 8756 4210 13171 6751 1726 2254 2518 1956 808 6238 4403 1886 1818 2585 1271 504 1455 1017 11716 1074 1389 1198 834 364 987 767 1148 1019 752 5677 735 305 899 683 267 1835 1531 304 761 721 801 511 632 571 455 1566 466 665 375 321 1614 1129 453 216 426 241 368
is_linear=0
shrinkage=0.03


Tree=29
num_leaves=63
num_cat=0
split_feature=0 8 0 0 6 1 8 11 8 0 6 2 6 0 2 9 10 9 11 10 1 9 9 2 1 6 11 10 4 0 1 8 1 11 0 11 11 8 10 10 9 7 8 11 8 6 1 10 11 0 0 8 0 8 4 6 11 11 9 10 8 8
split_gain=14971 2782.99 699.629 209.169 169.987 164.132 111.256 102.933 72.4897 63.2464 58.0593 52.399 40.8438 38.0071 36.8577 31.8725 53.0704 30.8413 29.3766 29.0207 28.2386 26.1535 25.3563 25.201 24.4765 24.1641 22.1608 20.8089 20.3856 24.7961 18.3933 16.9989 16.8392 16.1689 14.8953 14.834 14.3194 16.0825 18.3375 17.6627 15.1237 14.2825 14.0098 13.7877 13.707 13.5933 12.7015 12.5319 11.3756 10.5559 9.85608 9.73592 9.59849 8.61096 8.60695 8.39201 8.37484 8.01041 7.98862 7.96259 17.608 12.1705
threshold=0.10500000000000002 -0.37940952255126059 1.2850000000000004 0.025000000000000005 0.96010100249940655 0.44166666650000003 -1.0000000180025095e-35 0.25000000000000017 0.78656609248549325 0.015000000000000001 0.94457821059868363 0.8500000000000002 0.9919160630702849 0.21500000000000002 0.55000000000000016 0.78656609248549303 0.25000000000000011 0.1294095225512602 0.93301270189221952 1.0000000180025095e-35 1.5050000000000001 0.1294095225512602 -0.37940952255126015 0.55000000000000016 2.0450000000000004 0.40469693966315429 1.0000000180025095e-35 0.25000000000000011 0.85833333333333339 0.64500000000000013 0.045000000000000005 0.37940952255126054 1.0000000180025095e-35 0.6830127018922193 0.23500000000000001 -0.24999999999999994 -0.68301270189221952 0.60355339059327384 -0.24999999999999994 0.68301270189221941 -0.12940952255126037 1.0149612868436317 -0.60355339059327362 -0.24999999999999994 -0.60355339059327362 0.9919160630702849 1.9450000000000001 1.0000000180025095e-35 1.0000000180025095e-35 0.18500000000000003 0.68500000000000016 0.78656609248549325 1.9650000000000001 -0.98296291314453399 0.17499999999999996 0.70439444458987499 0.93301270189221952 0.93301270189221952 0.37940952255126048 0.68301270189221941 -0.91597561503675329 -0.60355339059327362
decision_type=2 2 2 2 2 2 2 2 2 2 2 2 2 2 2 2 2 2 2 2 2 2 2 2 2 2 2 2 2 2 2 2 2 2 2 2 2 2 2 2 2 2 2 2 2 2 2 2 2 2 2 2 2 2 2 2 2 2 2 2 2 2
left_child=1 4 5 6 9 8 19 15 13 14 24 17 46 31 42 35 -17 57 59 -3 48 -13 -14 34 -4 50 44 41 29 36 51 47 -8 -21 -10 -6 -27 39 -39 40 -38 -24 -1 49 -16 -31 53 -2 52 -25 -15 -5 -12 -7 -20 -28 -23 -9 -37 60 -19 -62
right_child=2 3 10 30 7 12 32 11 23 -11 20 21 22 25 26 16 -18 18 54 33 -22 56 27 43 -26 28 55 -29 -30 45 -32 -33 -34 -35 -36 58 37 38 -40 -41 -42 -43 -44 -45 -46 -47 -48 -49 -50 -51 -52 -53 -54 -55 -56 -57 -58 -59 -60 -61 61 -63
leaf_value=2.5502948583374285e-05 0.00023407161996747208 -0.00023850685791268632 0.001992589317030685 -8.8671163878644614e-05 0.00012878400664227577 0.00036325498861724403 -0.00023850685791268632 0.00049235399170842985 -8.3183215094450558e-05 5.8658664935661021e-06 0.0021715978946783353 -1.0942009586461485e-05 0.003199488715490458 0.00042029631889378395 -0.00014127901570055629 -8.8355521879236349e-05 6.2102547800391511e-05 -5.0646161169165954e-05 -5.8484766317981569e-05 -0.00011654586106555226 0.0094201121323197086 -0.00010276043925946424 0.001672717087926026 4.0112247484135918e-05 0.0066453917651697674 0.00089084223199732595 -0.00025491259241842621 0.003037225657166596 0.0013812581961840961 0.00058424553372914199 5.9736047758383347e-05 3.0485631422898922e-06 -0.00015460693788826751 -0.00025007093723740121 5.869043749083827e-05 0.00029186104948695964 0.0010154984391988328 0.00040745843762758594 -5.7967892508483313e-05 0.0010070647722594788 0.00014135034639407206 0.00023596678375165548 -0.00017481478687074182 1.7015812481982127e-05 -0.00025726729961394047 0.0016764807870140739 0.0040618111351317541 0.00043364526297135674 0.0062530673613202985 0.00043312085898360798 -6.3623073086995071e-05 -0.00017679065321555935 0.005258343115100492 0.00097804992426476188 -0.00013967392269787111 -0.00024183265249822368 -0.00025963157669199951 3.82437385497515e-05 4.9825097116084139e-06 4.6414151526239804e-05 2.0518139419526368e-05 -7.1003432075223904e-05
leaf_weight=137 311 721 443 142 901 104 11280 150 165 335 537 165 1336 450 321 317 296 211 117 590 4489 422 463 118 289 237 302 381 621 160 83 233 94 125 396 161 438 99 197 198 136 91 80 151 163 703 97 405 818 300 82 471 188 919 157 198 154 82 365 244 443 219
leaf_count=137 311 721 443 142 901 104 11280 150 165 335 537 165 1336 450 321 317 296 211 117 590 4489 422 463 118 289 237 302 381 621 160 83 233 94 125 396 161 438 99 197 198 136 91 80 151 163 703 97 405 818 300 82 471 188 919 157 198 154 82 365 244 443 219
internal_value=-0.00241443 -0.0199619 0.0195224 -0.027488 -0.00284801 0.0139388 -0.0283584 0.00014983 0.0106869 -0.0114379 0.0267761 -0.00410994 0.0191126 0.0124748 -0.0146506 0.00508574 -0.000635179 -0.0010899 -0.00278017 -0.0204593 0.0277474 -0.0107143 0.0214305 0.00392573 0.0187449 0.0139886 -0.0171168 0.0175962 0.0151075 0.0137206 -0.0114491 0.00716842 -0.0293538 -0.0161313 -0.000587189 0.00754202 0.0110949 0.00959775 0.00363636 0.0118758 0.00918261 0.0138378 -0.00344037 0.00836842 -0.0124948 0.0176736 0.0143979 0.00945607 0.0241904 0.0111695 0.00810507 -0.013241 0.0213636 0.0133887 -0.0115636 -0.0215569 -0.0137262 0.00901288 0.00352941 -0.000617174 -0.00195652 0.000452489
internal_weight=35001 19446 15555 13506 5940 8791 12810 4404 5400 1536 6764 2364 3391 4270 1201 2040 613 1623 1391 1436 6032 741 2271 1130 732 3321 984 935 2789 2168 696 949 11374 715 561 1427 1305 1068 296 772 574 554 217 569 484 863 1120 716 1543 418 532 613 725 1023 274 500 576 232 526 1117 873 662
internal_count=35001 19446 15555 13506 5940 8791 12810 4404 5400 1536 6764 2364 3391 4270 1201 2040 613 1623 1391 1436 6032 741 2271 1130 732 3321 984 935 2789 2168 696 949 11374 715 561 1427 1305 1068 296 772 574 554 217 569 484 863 1120 716 1543 418 532 613 725 1023 274 500 576 232 526 1117 873 662
is_linear=0
shrinkage=0.03


Tree=30
num_leaves=63
num_cat=0
split_feature=1 9 8 1 9 6 11 5 8 11 9 11 6 3 9 10 10 9 2 10 9 11 4 2 6 6 8 6 5 10 3 10 8 1 11 11 11 10 5 8 10 8 11 8 9 10 1 8 4 4 8 6 8 5 2 9 5 3 11 11 8 8
split_gain=11251.5 2915.24 2483.49 545.713 535.048 222.719 212.297 107.245 107.032 99.3577 88.4254 119.824 83.5733 62.8994 61.2073 58.3259 58.1689 47.7509 45.2609 42.7605 42.6404 64.5284 32.9517 32.1866 30.8348 30.5787 29.6485 28.4516 27.5242 26.9356 26.187 24.9771 22.5041 22.1753 21.3477 19.082 18.4498 18.2856 17.5011 17.3944 16.8641 16.3931 18.016 16.2601 15.7957 15.2826 15.2009 14.9968 14.2344 14.024 14.014 14.0128 12.8772 12.6743 12.4461 11.6285 11.6053 11.3512 10.964 10.7977 10.4307 13.421
threshold=0.045000000000000005 -0.5 -0.37940952255126059 1.3050000000000004 -0.37940952255126015 0.9919160630702849 1.0000000180025095e-35 0.15000000000000005 -1.0000000180025095e-35 0.6830127018922193 1.0000000180025095e-35 -0.5 0.9919160630702849 0.95000000000000007 -0.37940952255126015 1.0000000180025095e-35 1.0000000180025095e-35 0.1294095225512602 0.75000000000000011 -0.6830127018922193 -0.78656609248549325 0.25000000000000017 0.17499999999999996 0.75000000000000011 0.73969540741716389 0.9919160630702849 -0.60355339059327362 0.9919160630702849 0.083333333333333315 1.0000000180025095e-35 0.8500000000000002 0.25000000000000011 -0.60355339059327362 0.29500000000000004 0.6830127018922193 1.0000000180025095e-35 -0.5 0.25000000000000011 0.35000000000000003 -0.91597561503675329 0.93301270189221952 0.60355339059327384 0.6830127018922193 -0.60355339059327362 0.1294095225512602 0.25000000000000011 0.80500000000000016 -0.60355339059327362 0.17499999999999996 0.48333333333333339 -0.91597561503675329 0.80250532449306278 -0.98296291314453399 0.63333333333333341 0.65000000000000002 -0.9159756150367534 0.63333333333333341 0.8500000000000002 1.0000000180025095e-35 0.25000000000000017 -0.91597561503675329 -0.60355339059327362
decision_type=2 2 2 2 2 2 2 2 2 2 2 2 2 2 2 2 2 2 2 2 2 2 2 2 2 2 2 2 2 2 2 2 2 2 2 2 2 2 2 2 2 2 2 2 2 2 2 2 2 2 2 2 2 2 2 2 2 2 2 2 2 2
left_child=1 7 5 12 6 18 24 41 25 15 11 28 33 51 30 26 46 37 43 -8 27 -22 60 50 -4 -6 39 53 -10 -27 -14 57 36 45 -31 -13 -20 48 58 -7 -21 -1 -43 -3 -38 -2 -16 -24 -11 -26 -17 -5 -35 -9 -29 -56 -54 -23 -25 -52 -19 -62
right_child=3 2 4 13 8 9 19 20 10 17 -12 35 14 -15 16 23 -18 22 32 40 21 31 47 38 49 29 -28 54 -30 34 -32 -33 -34 52 -36 -37 44 -39 -40 -41 -42 42 -44 -45 -46 -47 -48 -49 -50 -51 59 -53 56 -55 55 -57 -58 -59 -60 -61 61 -63
leaf_value=0.0057326475934394343 8.6930496152545707e-05 -2.0113234729503947e-05 -0.00010567440828987773 0.0042777493621900444 -0.00023135165217530573 -7.5102765622153363e-05 -4.5413804246757091e-06 0.0010421382333791788 8.0008555939779506e-05 0.00024409487602309796 -0.00023135165217530573 -0.00023045178316007589 0.0035911352261622283 0.002183029802713299 0.00063207240037962606 0.00069513521186049122 0.0015704395666282249 -4.1624406386493935e-05 -6.4062186384256334e-05 -0.00023135165217530573 0.00068915834836591103 0.00051385298301855553 -8.0197898105670675e-05 0.00014427779266227105 0.00028086590181639233 -0.00023841115047142501 -6.9086832785989605e-05 0.0043762392741936449 -0.00014931329836804678 -5.6526392063680187e-05 0.0015825856844223051 -0.00018689616017210839 -0.00024200172473088486 0.00024174745011054752 -0.00024256880912027916 -0.00023135165217530573 -0.00013136066917715465 0.00040565591474104343 -1.1885557531646773e-05 2.9170251453242353e-05 -0.0001282347699553891 0.0017058059533761156 0.00020963331176827326 -0.00017372041128448467 -0.00024802233399119069 0.00039235966573116036 0.0016532219102293273 -0.0002962628516176194 -0.00012144171041590569 0.00052075654291301818 0.00010565120623120469 0.0086449970124813265 0.0013487507674714619 9.0796865560845006e-05 0.0028942946507730227 0.0011773952761195306 0.00065757831709491003 -7.3639882208601857e-05 3.4184141576720606e-05 3.3154948178450782e-05 4.0349676025374924e-05 -6.8853977024495175e-05
leaf_weight=453 560 389 150 266 410 242 99 110 105 83 10196 218 1048 497 669 183 906 101 251 475 509 113 578 104 296 532 343 195 313 436 772 199 251 132 99 739 177 105 353 682 120 298 102 161 485 434 176 179 140 154 687 5140 473 237 158 238 909 88 89 144 206 106
leaf_count=453 560 389 150 266 410 242 99 110 105 83 10196 218 1048 497 669 183 906 101 251 475 509 113 578 104 296 532 343 195 313 436 772 199 251 132 99 739 177 105 353 682 120 298 102 161 485 434 176 179 140 154 687 5140 473 237 158 238 909 88 89 144 206 106
internal_value=-0.00276095 -0.0150052 -0.0188858 0.0208245 -0.0256808 -0.00274669 -0.00727413 0.0142836 -0.0275056 0.000880721 -0.0284782 -0.0213009 0.0145115 0.0273222 0.0174608 0.00419024 0.0134418 -0.00536358 -0.011895 -0.0185612 0.010211 0.00557143 -0.00819812 0.00807175 0.00579035 -0.0198714 -0.000591483 0.0146965 -0.00787589 -0.0171629 0.021318 -0.0034414 -0.0152446 0.0103069 -0.0123694 -0.0271503 -0.0130306 0.00474164 0.00219378 0.00220541 -0.021594 0.0230796 0.0185536 -0.00479129 -0.0156561 0.00681407 0.00776596 -0.0119129 -0.000133929 0.00971175 0.0112315 0.0282634 0.0125941 0.00784483 0.0186993 0.0155668 0.013449 0.0040099 0.00943299 0.00955529 -0.00137681 0.00134185
internal_weight=35063 23081 20381 11982 14342 6039 1294 2700 13048 4325 11571 1375 6079 5903 3571 2827 1751 1498 1714 694 1847 909 1170 1560 600 1477 1267 938 418 1067 1820 400 1164 2508 535 957 913 328 546 924 595 853 400 550 662 994 845 757 223 450 1014 5406 1514 347 591 396 1382 201 193 831 413 312
internal_count=35063 23081 20381 11982 14342 6039 1294 2700 13048 4325 11571 1375 6079 5903 3571 2827 1751 1498 1714 694 1847 909 1170 1560 600 1477 1267 938 418 1067 1820 400 1164 2508 535 957 913 328 546 924 595 853 400 550 662 994 845 757 223 450 1014 5406 1514 347 591 396 1382 201 193 831 413 312
is_linear=0
shrinkage=0.03


Tree=31
num_leaves=63
num_cat=0
split_feature=0 8 0 0 6 3 8 11 8 8 9 2 8 6 0 0 2 6 9 7 11 5 8 4 11 5 11 11 0 0 8 3 0 11 5 3 0 8 9 7 8 6 8 3 11 8 5 0 0 8 5 9 5 0 6 0 8 8 4 7 4 4
split_gain=14350.7 2550.15 951.73 224.595 165.958 124.648 124.067 119.798 97.0611 60.6835 57.4058 51.319 49.8424 46.1338 34.7387 32.9462 32.4767 29.7968 28.8599 27.4654 27.3733 26.7468 26.6946 25.8211 24.4029 23.6954 22.8265 22.1579 20.8094 20.768 20.2228 26.1365 16.5875 16.1368 13.6804 13.3508 12.5843 14.1329 14.0759 12.5365 19.4141 11.5812 13.0067 10.66 15.5237 10.6545 10.4049 10.4499 10.3397 10.0376 9.97015 9.92118 9.89085 9.51815 9.39899 9.12162 8.70608 8.38672 8.27473 8.14883 8.1381 7.64797
threshold=0.042500000000000003 -0.37940952255126059 1.0350000000000004 0.21500000000000002 0.96010100249940655 0.8500000000000002 -1.0000000180025095e-35 0.25000000000000017 0.60355339059327384 -0.98296291314453399 -0.5 0.8500000000000002 0.37940952255126054 0.69300588406246244 0.48500000000000004 1.8430000000000002 0.55000000000000016 0.9919160630702849 0.78656609248549303 0.15309904689519735 -0.24999999999999994 0.15000000000000005 -0.60355339059327362 0.083333333333333315 1.0000000180025095e-35 0.55000000000000016 -0.24999999999999994 0.6830127018922193 0.015000000000000001 0.115 -0.91597561503675329 0.75000000000000011 1.9350000000000003 0.93301270189221952 0.083333333333333315 0.95000000000000007 0.015000000000000001 -0.91597561503675329 0.78656609248549303 0.85160455906621191 0.78656609248549325 0.82909810529501271 0.60355339059327384 0.8500000000000002 1.0000000180025095e-35 -0.60355339059327362 0.45000000000000007 0.64500000000000013 0.13500000000000004 -0.78656609248549303 0.35000000000000003 0.1294095225512602 0.71666666666666667 0.71500000000000008 0.70439444458987499 0.37500000000000006 0.60355339059327384 -0.91597561503675329 0.58333333333333337 0.17198025676601025 0.17499999999999996 0.58333333333333337
decision_type=2 2 2 2 2 2 2 2 2 2 2 2 2 2 2 2 2 2 2 2 2 2 2 2 2 2 2 2 2 2 2 2 2 2 2 2 2 2 2 2 2 2 2 2 2 2 2 2 2 2 2 2 2 2 2 2 2 2 2 2 2 2
left_child=1 4 3 8 16 9 17 18 25 -4 -8 33 13 52 20 21 49 -3 26 -7 23 -11 24 -14 -18 59 35 -19 -12 -10 34 -32 50 36 51 -6 37 -9 58 40 46 -23 57 -31 -45 -13 47 -16 -27 -1 -21 -15 -5 -48 -26 -53 -22 -43 -39 -2 -35 -20
right_child=2 6 5 12 7 19 10 11 29 15 28 45 14 30 39 -17 22 27 61 32 56 41 -24 -25 54 48 -28 -29 -30 43 31 -33 -34 60 -36 -37 -38 38 -40 -41 -42 42 -44 44 -46 -47 53 -49 -50 -51 -52 55 -54 -55 -56 -57 -58 -59 -60 -61 -62 -63
leaf_value=4.7111190098980194e-05 0.00048503146488839256 -0.00022441110261004656 0.0015322383030476107 0.00069023541950529517 0.00013038081550547531 0.00097459915795657364 -0.00011389262122542855 -4.5808176999273805e-05 -0.00012713271827081131 0.0051280069382127706 -0.00022441110261004656 -8.9337287617301803e-05 -1.182507997345799e-05 0.0029134141512355636 0.00066300472926854532 0.0096056123878104256 -0.00011776427113673677 -8.3902411697015696e-05 1.2348575027975906e-05 0.0031240264759819325 0.00036778183797107813 0.0016665164868554714 -0.00023479467233847656 0.0005190970984189189 -0.00024176619242066748 2.6275225314314788e-05 2.0678079867358262e-05 -0.00023125881595728226 -0.00022515821302530653 -6.2960068370715089e-05 0.0040559434610008367 0.001428713215345341 0.0048092512152913642 -2.1830365941572088e-05 0.0011565596732801568 7.6236172668395214e-06 0.00032197820471441258 3.3731505889668629e-05 -6.33982906369287e-05 0.0013919473094478102 0.00023248448089186204 0.0017726298648774953 0.0014584232892761995 0.00017714609248374336 -7.8390085748239618e-05 -0.00026536831639789604 0.00078372719483969029 0.0013122384392772865 0.00022538460132395802 -9.5749995608180081e-05 0.0016853061900196631 0.0011270832031222819 0.00040394416489733428 0.00061010200089797815 -0.00014084803364467058 0.00060863865143639506 -2.2878880055760308e-05 0.0050703586194153702 -2.9537767765448943e-05 0.00099985193997919491 -0.00014076882394466322 -5.2870749154279634e-05
leaf_weight=87 449 404 146 394 658 194 84 275 494 1128 11201 527 104 349 115 3924 425 771 457 152 141 102 286 348 271 434 452 290 332 217 548 1100 441 141 919 126 84 457 295 115 280 151 135 174 82 158 174 284 382 137 728 88 552 171 163 87 407 874 101 152 204 157
leaf_count=87 449 404 146 394 658 194 84 275 494 1128 11201 527 104 349 115 3924 425 771 457 152 141 102 286 348 271 434 452 290 332 217 548 1100 441 141 919 126 84 457 295 115 280 151 135 174 82 158 174 284 382 137 728 88 552 171 163 87 407 874 101 152 204 157
internal_value=-0.00265458 -0.0207738 0.0176651 0.010716 -0.00355364 0.0251216 -0.0279615 -0.00052773 0.00289308 0.0269401 -0.0290007 -0.00518948 0.0137348 0.0156984 0.0100234 0.0273824 -0.0125912 -0.0197067 0.00512156 0.0173549 0.00593407 0.0245671 -0.0146335 0.0113907 -0.0119651 0.0078914 0.00776071 -0.0170339 -0.0291807 -0.00443182 0.0174741 0.0197574 0.0189032 -0.00217587 0.0148546 0.0108535 -0.000544106 -0.00138175 0.000526932 0.0136053 0.0125268 0.0215202 0.0223773 6.32911e-05 0.00420233 -0.0120262 0.0150604 0.018375 0.00455324 -0.00213333 0.0164813 0.0187429 0.00988384 0.011185 -0.0169655 0.0127841 0.00142077 0.023538 0.00332737 0.0124086 -0.00789017 -0.000195122
internal_weight=35078 18543 16535 8560 5461 7975 13082 4092 2384 6460 11617 2242 6176 4037 2139 6314 1369 1465 1850 1515 1000 2390 1145 452 859 1417 1236 1061 11533 967 3091 1648 1321 1557 1443 784 1212 1128 853 1139 1024 1262 1160 473 256 685 744 399 816 224 880 524 946 345 434 175 548 1025 558 601 345 614
internal_count=35078 18543 16535 8560 5461 7975 13082 4092 2384 6460 11617 2242 6176 4037 2139 6314 1369 1465 1850 1515 1000 2390 1145 452 859 1417 1236 1061 11533 967 3091 1648 1321 1557 1443 784 1212 1128 853 1139 1024 1262 1160 473 256 685 744 399 816 224 880 524 946 345 434 175 548 1025 558 601 345 614
is_linear=0
shrinkage=0.03


Tree=32
num_leaves=63
num_cat=0
split_feature=9 8 9 7 7 11 3 6 8 9 11 11 8 7 10 11 10 10 9 5 7 7 10 2 4 8 2 6 8 8 6 10 11 2 5 10 6 11 11 5 11 9 10 11 8 5 11 11 8 6 8 10 5 9 3 10 9 5 5 11 2 4
split_gain=10841.4 4467.89 805.487 516.192 456.91 254.791 142.9 136.158 113.288 126.608 152.086 99.5848 78.9837 78.6592 76.0089 62.8361 59.1945 58.8531 52.2509 50.4288 39.4068 37.508 37.3537 33.2029 32.7176 31.8478 31.6726 31.1701 29.7879 28.876 26.6246 23.4398 23.0373 22.9502 20.265 20.0796 19.6675 18.8499 18.5445 18.4004 20.1771 18.3928 17.6645 16.4906 16.2787 15.4951 15.0867 14.9937 17.9568 14.6664 14.288 13.3633 15.1573 12.9477 12.8221 12.8102 12.0546 11.6922 11.0077 10.8899 16.241 15.6868
threshold=-0.5 -0.37940952255126059 -0.37940952255126015 0.25631702858079525 0.61193346825060269 1.0000000180025095e-35 0.95000000000000007 0.96010100249940655 -1.0000000180025095e-35 1.0000000180025095e-35 1.0000000180025095e-35 0.6830127018922193 0.60355339059327384 1.0000000180025095e-35 0.25000000000000011 0.25000000000000017 -0.24999999999999994 -0.24999999999999994 0.1294095225512602 0.45000000000000007 0.10503346858308692 0.53651425727085267 1.0000000180025095e-35 0.75000000000000011 0.68285714285714294 -0.60355339059327362 0.75000000000000011 0.9919160630702849 0.37940952255126054 -0.60355339059327362 0.40469693966315429 1.0000000180025095e-35 -0.9330127018922193 0.45000000000000007 0.45000000000000007 0.93301270189221952 0.70439444458987499 0.25000000000000017 -0.5 0.22500000000000003 0.25000000000000017 -0.12940952255126037 -0.5 1.0000000180025095e-35 -0.91597561503675329 0.35000000000000003 0.25000000000000017 0.6830127018922193 0.37940952255126054 0.67077817246640559 0.37940952255126054 0.25000000000000011 0.15000000000000005 -0.12940952255126037 0.95000000000000007 -0.24999999999999994 -0.12940952255126037 0.95000000000000007 0.63333333333333341 -0.24999999999999994 0.25000000000000006 0.37222222222222229
decision_type=2 2 2 2 2 2 2 2 2 2 2 2 2 2 2 2 2 2 2 2 2 2 2 2 2 2 2 2 2 2 2 2 2 2 2 2 2 2 2 2 2 2 2 2 2 2 2 2 2 2 2 2 2 2 2 2 2 2 2 2 2 2
left_child=4 3 5 7 6 21 12 13 27 10 32 22 19 25 39 -14 -17 45 51 -1 47 30 29 44 55 26 -2 -4 34 59 -3 -29 -10 -30 -6 -19 -21 -33 -32 41 56 -5 -43 -28 -24 -7 -25 57 -49 -45 -38 52 -13 -16 -34 -20 58 -8 -41 60 -9 -62
right_child=1 2 8 14 28 17 20 11 9 -11 -12 18 15 -15 53 16 -18 35 24 36 -22 -23 23 46 -26 -27 43 31 33 -31 38 37 54 -35 -36 -37 50 -39 -40 40 -42 42 -44 49 -46 -47 -48 48 -50 -51 -52 -53 -54 -55 -56 -57 -58 -59 -60 -61 61 -63
leaf_value=0.0045051296325806225 -2.5007986390238409e-05 -0.00013382980610453658 -0.0002176787695317452 0.0025441456667406703 0.0096324033038195454 8.3414201278547213e-05 0.00025461039808672591 -6.0664429980436734e-05 9.0588223325813701e-06 -0.0002176787695317452 -0.0002176787695317452 0.00024209747208730283 0.0014281765583364868 0.00010007421520645619 0.0037361330448844542 0.0011315635448593488 -0.00011011388742384764 -0.0002176787695317452 3.7321407293424562e-07 0.0010058034068094904 0.00085940864403704742 0.0015215150436880709 0.00072652584595090026 3.6121036773964003e-05 -0.00018559385980103238 -0.00022769783281880403 -0.00012637874411090155 -0.0002243210514785638 0.0041151022575498242 -6.9557549705497333e-05 0.00046340498456860942 -4.8532328317760981e-05 -0.00012439220241220375 0.0015596005323854545 0.0051576135552502808 -0.00012205922156583521 0.0027681001773232502 -0.00022835398036795228 3.0057462044916908e-05 0.0014340011191639275 -0.00037452643552876607 0.0004050051125461426 0.0013601820598904536 -0.00023451320664804749 7.6953757803262449e-05 -0.00017296921084545799 -5.3377601275699844e-05 0.00028211347200488956 -0.00020823926549996973 -0.00015808790391431447 0.00086366289815187521 0.00038291283866832387 -0.00010569111232936807 0.0014653502340047871 -0.00023068361090321547 -6.8344565872713049e-05 0.00030156019705791429 0.0011601355732352458 0.00054746347333101814 2.0615235418070325e-06 0.00020672256737114183 3.8872364232845968e-05
leaf_weight=1541 309 104 397 296 3632 139 831 98 126 10222 734 84 470 351 429 164 259 371 297 155 1499 109 193 514 435 359 343 540 235 351 346 348 435 265 1145 116 847 180 183 132 134 174 172 205 882 100 178 170 117 181 229 128 170 459 178 497 381 92 112 643 146 115
leaf_count=1541 309 104 397 296 3632 139 831 98 126 10222 734 84 470 351 429 164 259 371 297 155 1499 109 193 514 435 359 343 540 235 351 346 348 435 265 1145 116 847 180 183 132 134 174 172 205 882 100 178 170 117 181 229 128 170 459 178 497 381 92 112 643 146 115
internal_value=-0.00287349 -0.014648 -0.0247973 0.00228532 0.0207698 -0.00371681 0.01536 -0.00204167 -0.0271484 -0.0281353 -0.0198847 0.000602282 0.0192226 -0.00919383 0.0145284 0.011443 0.00304245 -0.0163411 -0.00545285 0.0217238 0.0101292 0.00864065 0.00372957 0.00660068 -0.00846341 -0.012382 -0.00970164 -0.0192565 0.0273001 -2.21566e-05 0.00582019 -0.0165575 -0.0102568 0.0202395 0.0280347 -0.0223156 0.0171672 -0.0120227 0.00854717 0.0101641 0.00698684 0.0139036 0.00916427 -0.0131096 0.00989777 -0.004125 0.00147186 0.00609414 0.000104167 -0.0173643 0.0186072 0.00422977 0.000235294 0.0213948 -0.0126547 -0.00483019 0.0092492 0.00795455 0.014449 0.00257228 0.00675 0.0106489
internal_weight=35047 23396 14628 8768 11651 1468 6374 6479 13160 11695 1473 4731 3665 1748 2289 893 423 726 1611 2772 2709 742 3120 1767 1229 1397 1038 1465 5277 1353 633 1068 739 500 4777 487 1231 528 529 1401 759 642 346 729 1075 239 692 1210 287 386 1076 382 254 888 613 794 625 923 244 1002 359 261
internal_count=35047 23396 14628 8768 11651 1468 6374 6479 13160 11695 1473 4731 3665 1748 2289 893 423 726 1611 2772 2709 742 3120 1767 1229 1397 1038 1465 5277 1353 633 1068 739 500 4777 487 1231 528 529 1401 759 642 346 729 1075 239 692 1210 287 386 1076 382 254 888 613 794 625 923 244 1002 359 261
is_linear=0
shrinkage=0.03


Tree=33
num_leaves=63
num_cat=0
split_feature=1 9 1 9 9 11 3 5 3 6 10 6 9 10 7 9 1 11 9 9 9 9 9 9 11 10 9 9 9 9 9 11 11 3 11 10 10 1 11 5 10 9 6 10 3 7 11 10 6 9 6 11 5 4 4 3 11 9 11 3 7 3
split_gain=10689.7 2768.84 584.975 276.648 170.689 210.608 111.271 103.983 74.5702 65.2487 62.1626 46.5479 42.1756 42.7058 37.8614 34.7564 34.6509 32.6911 44.5922 30.1763 117.347 110.231 105.028 125.406 79.8041 64.1482 28.8767 62.4012 82.1766 90.3202 93.8427 58.1525 35.8586 26.8594 25.0121 23.5007 23.3024 22.4521 22.4478 21.8144 20.9191 20.5443 19.9228 18.8613 18.2182 17.1275 16.0324 15.47 15.2995 18.4438 14.6901 13.3073 12.5059 12.2904 12.1919 12.1694 11.5788 16.664 11.5604 11.5601 11.1223 11.0768
threshold=0.03500000000000001 -0.5 1.1250000000000002 0.91597561503675351 -0.37940952255126015 -0.24999999999999994 0.45000000000000007 0.15000000000000005 0.95000000000000007 0.9919160630702849 -0.24999999999999994 0.9919160630702849 -0.37940952255126015 0.25000000000000011 1.0000000180025095e-35 -0.70710678118654757 1.7250000000000003 0.6830127018922193 -0.9159756150367534 0.37940952255126048 0.25881904510252057 0.1294095225512602 1.0000000180025095e-35 -0.12940952255126037 -0.5 0.68301270189221941 0.37940952255126048 0.25881904510252057 0.1294095225512602 1.0000000180025095e-35 -0.12940952255126037 -0.68301270189221952 0.25000000000000017 0.95000000000000007 0.6830127018922193 0.25000000000000011 0.93301270189221952 0.29500000000000004 0.25000000000000017 0.45000000000000007 -0.24999999999999994 0.78656609248549303 0.94457821059868363 1.0000000180025095e-35 0.57500000000000007 1.0172029338051012 -0.68301270189221952 0.25000000000000011 0.9919160630702849 0.98296291314453421 0.81569335171151025 0.6830127018922193 0.55000000000000016 0.29285714285714293 0.96250000000000002 0.8500000000000002 0.25000000000000017 -0.78656609248549325 1.0000000180025095e-35 0.083333333333333315 0.28409573147784878 0.75000000000000011
decision_type=2 2 2 2 2 2 2 2 2 2 2 2 2 2 2 2 2 2 2 2 2 2 2 2 2 2 2 2 2 2 2 2 2 2 2 2 2 2 2 2 2 2 2 2 2 2 2 2 2 2 2 2 2 2 2 2 2 2 2 2 2 2
left_child=1 6 9 4 5 50 15 19 16 37 39 14 44 45 55 -1 42 33 -19 20 21 22 23 24 -6 -23 27 28 29 30 31 -13 54 56 -17 -32 -12 47 -30 -7 -20 46 -4 -43 -11 -14 59 -2 -5 51 -3 -50 -18 -34 -28 -9 -8 -58 -44 -21 -39 -61
right_child=2 3 8 48 7 10 17 11 -10 12 36 26 13 -15 -16 34 52 18 40 41 -22 25 -24 -25 -26 -27 32 -29 38 -31 35 -33 53 -35 -36 -37 -38 60 -40 -41 -42 43 58 -45 -46 -47 -48 -49 49 -51 -52 -53 -54 -55 -56 -57 57 -59 -60 61 -62 -63
leaf_value=0.005225143526410147 7.066492403731021e-05 -1.7057735660035936e-06 0.0017237114508888618 -0.00021114840644579283 6.9599248241214025e-05 2.0133353971561774e-05 0.0019357116625211279 -0.00021114840644579283 0.0021917567693299014 0.0036712716031713916 -0.00021114840644579283 -1.2920063075154818e-05 0.00085078870969021632 0.001497823591686469 -5.3394526031807533e-05 0.0015318898936935853 0.0091718780101821013 0.0016983137152739038 0.00047936272272781802 -0.00021114840644579283 -0.00021114840644579283 -7.571913065042689e-05 -0.00021114840644579283 0.00041465846223279668 -0.00021114840644579283 0.00049939103092666375 -0.00021114840644579283 -0.00021114840644579283 0.00019586798303232003 -0.00021114840644579283 -0.00019616978853992544 -0.00021114840644579283 -0.00021114840644579283 0.00030965786946383905 6.0250169144198099e-05 0.00036460441282533417 -0.00012274782919198738 0.00078348188826359586 -5.5543931017598932e-05 -0.0002302008095494326 -0.00014425369755072964 -0.00021114840644579283 0.0025275147353482031 -0.00021114840644579283 0.0015917771687258644 -4.4830212861062011e-05 -0.00020371269594341638 0.00034644746395954662 -0.00021114840644579283 -0.00021114840644579283 0.0003704593146176406 -0.00021114840644579283 0.0056258661571720403 -0.00021114840644579283 -0.00021114840644579283 -0.00021114840644579283 0.0020237591654871669 1.1155209943630034e-05 0.0056599211408433934 5.3819831863058452e-05 0.00059137300429048048 -0.00021114840644579283
leaf_weight=574 581 126 142 1219 105 185 379 734 629 492 358 111 871 649 93 304 3709 192 98 211 536 293 487 176 345 157 1480 549 107 591 127 462 355 476 120 103 127 755 225 107 332 638 553 660 1091 114 1878 460 1538 1074 374 575 737 1095 133 2757 126 80 676 197 615 111
leaf_count=574 581 126 142 1219 105 185 379 734 629 492 358 111 871 649 93 304 3709 192 98 211 536 293 487 176 345 157 1480 549 107 591 127 462 355 476 120 103 127 755 225 107 332 638 553 660 1091 114 1878 460 1538 1074 374 575 737 1095 133 2757 126 80 676 197 615 111
internal_value=-0.00294581 -0.014911 0.0199255 -0.0186779 -0.0168419 -0.00631455 0.0137472 -0.017755 0.0260959 0.0128549 -0.0160797 -0.0197893 0.0156526 0.0122569 -0.0224435 0.0216817 0.0271588 0.00903207 0.0035634 -0.0146195 -0.0175 -0.0133312 -0.0183932 -0.0102392 -0.0186253 -0.000798226 -0.0180034 -0.0205756 -0.0177533 -0.0209462 -0.0143657 -0.0208537 -0.0160868 0.0122316 0.0151059 0.00181818 -0.0226543 0.00911692 -0.00432432 -0.00511945 -0.00180974 -0.0129789 0.0229373 -0.0160277 0.0191477 0.00830629 -0.0113219 0.00578695 -0.025337 -0.0242127 0.00886228 -0.0225497 0.0284551 -0.0195176 -0.0129926 -0.0229467 0.0165358 0.0107246 0.0241707 -0.00663462 0.0116411 -0.00291262
internal_weight=35154 23080 12074 20399 15993 1277 2681 14716 6446 5628 777 8922 3217 1634 3584 998 5817 1683 622 5794 2099 1563 1113 626 450 450 5338 2275 1726 1394 803 573 3063 1061 424 230 485 2411 332 292 430 3695 1371 1298 1583 985 2397 1041 4406 3187 500 2113 4446 1450 1613 3491 585 206 1229 519 1370 308
internal_count=35154 23080 12074 20399 15993 1277 2681 14716 6446 5628 777 8922 3217 1634 3584 998 5817 1683 622 5794 2099 1563 1113 626 450 450 5338 2275 1726 1394 803 573 3063 1061 424 230 485 2411 332 292 430 3695 1371 1298 1583 985 2397 1041 4406 3187 500 2113 4446 1450 1613 3491 585 206 1229 519 1370 308
is_linear=0
shrinkage=0.03


Tree=34
num_leaves=63
num_cat=0
split_feature=0 8 0 0 6 1 8 11 5 0 1 1 6 8 6 11 8 2 3 4 10 8 11 3 11 8 8 3 0 11 6 11 0 0 10 1 1 5 10 10 6 1 2 2 11 0 11 8 1 5 8 10 0 5 8 2 0 8 11 10 8 6
split_gain=13360 2863.88 757.345 189.65 169.874 164.843 162.338 125.344 104.356 70.4015 64.4609 50.8565 42.6373 38.2844 37.9936 35.2443 33.7609 32.8601 30.9965 30.9466 24.6622 23.7184 22.923 22.3897 20.834 19.5489 19.461 28.1488 23.8666 18.8879 18.7517 19.522 18.6222 17.2694 17.0214 16.7608 16.5951 16.1327 14.9059 14.8816 14.5812 14.199 14.1013 13.5586 14.0134 13.0578 12.5848 12.7526 12.5303 12.3866 15.3522 11.5996 17.8621 11.346 10.8962 10.8397 10.7457 10.744 10.5805 10.5707 9.6924 12.8352
threshold=0.10500000000000002 -0.37940952255126059 1.3650000000000004 0.025000000000000005 0.72773610537564315 0.53500000000000014 -1.0000000180025095e-35 0.6830127018922193 0.35000000000000003 0.27500000000000008 2.1550000000000007 1.0000000180025095e-35 0.9919160630702849 -0.60355339059327362 0.9919160630702849 -0.24999999999999994 0.37940952255126054 0.8500000000000002 0.95000000000000007 0.41666666666666669 1.0000000180025095e-35 -0.98296291314453399 0.6830127018922193 0.75000000000000011 0.25000000000000017 -0.60355339059327362 0.78656609248549325 0.11666666666666667 0.66500000000000015 1.0000000180025095e-35 0.92930638923935771 -0.5 0.015000000000000001 2.1350000000000002 1.0000000180025095e-35 0.80500000000000016 1.0000000180025095e-35 0.95000000000000007 -0.24999999999999994 -0.5 0.97587888928342192 0.14500000000000005 0.55000000000000016 0.45000000000000007 1.0000000180025095e-35 1.8650000000000004 0.93301270189221952 -0.91597561503675329 1.9450000000000001 0.15000000000000005 0.37940952255126054 0.25000000000000011 0.042500000000000003 0.71666666666666667 -0.91597561503675329 0.55000000000000016 0.015000000000000001 -0.60355339059327362 0.25000000000000017 1.0000000180025095e-35 0.91597561503675362 0.39171654935837491
decision_type=2 2 2 2 2 2 2 2 2 2 2 2 2 2 2 2 2 2 2 2 2 2 2 2 2 2 2 2 2 2 2 2 2 2 2 2 2 2 2 2 2 2 2 2 2 2 2 2 2 2 2 2 2 2 2 2 2 2 2 2 2 2
left_child=1 4 5 6 11 9 12 13 45 16 30 25 -3 15 48 53 18 21 39 26 -15 -9 34 -21 -22 29 27 28 -11 -1 -10 33 -19 -32 58 38 -8 40 -16 41 59 -2 56 -18 60 49 47 -23 -7 -4 -51 52 -5 -6 -31 -24 -17 -49 -14 -25 61 -45
right_child=2 3 8 51 7 14 36 17 10 19 -12 -13 22 20 35 42 43 32 -20 23 24 46 55 37 -26 -27 -28 -29 -30 54 31 -33 -34 -35 -36 -37 -38 -39 -40 -41 -42 -43 -44 44 -46 -47 -48 57 -50 50 -52 -53 -54 -55 -56 -57 -58 -59 -60 -61 -62 -63
leaf_value=-0.00012017318833594972 -0.00013247657351202216 -0.00020481395425241903 0.0053048150918039759 -0.00019665189248029892 0.00012996377847074257 0.00091912418773441385 -0.00020481395425241903 0.00015127065043158444 0.001195708362149917 0.00086839130591360157 0.0062407118412724921 5.9989991608350862e-05 -9.6599149624729789e-05 -6.3312942144210405e-05 0.0012474390537748291 3.2155975143345791e-05 -7.652993200667042e-05 -0.00017779043076238113 9.6031604817402991e-05 0.0021509229215305216 5.1358916861235953e-05 -4.759048807247026e-05 -0.00021125696774083308 0.00013828678018043333 -0.00014200901258019837 -0.00021692324276687688 0.0001168134178213652 0.00057363181416176623 0.0016891230496932648 -0.00010710411502349423 0.00100071047850888 0.0043195997883517584 1.4776962873687751e-05 0.0032731276968414541 -4.9593564733980863e-05 0.0028300518119388266 -0.00012918147537114449 0.001004355731254718 0.0021491647979303558 0.00092776942573600607 0.00099857574677256677 0.0011042872068849437 -2.3059207832825875e-06 1.464973083483475e-05 -4.2515218601668765e-05 0.0097273061363340046 -9.1975584108826627e-05 2.0939361766119588e-05 0.0036034256115584063 0.0045730192725129794 0.0018330112618444882 -0.00016372719002910135 -6.306326517642043e-05 3.4802051764900468e-05 -0.00022116380110553369 -0.00021125696774083308 0.00062740760938061386 -9.2007756326907273e-05 -3.3723609163338582e-05 0.00056843349933034348 -1.0365647197404064e-05 0.00057165144588366122
leaf_weight=387 97 404 792 123 816 869 11365 196 331 215 895 161 234 397 277 504 195 555 549 582 399 143 116 266 101 244 500 1193 188 134 258 575 91 142 421 1472 99 114 392 355 548 89 674 112 343 3060 294 279 103 335 108 273 300 208 165 181 91 139 105 330 127 123
leaf_count=387 97 404 792 123 816 869 11365 196 331 215 895 161 234 397 277 504 195 555 549 582 399 143 116 266 101 244 500 1193 188 134 258 575 91 142 421 1472 99 114 392 355 548 89 674 112 343 3060 294 279 103 335 108 273 300 208 165 181 91 139 105 330 127 123
internal_value=-0.00291846 -0.0193883 0.0178598 -0.026985 -0.00207727 0.0122423 -0.0278067 0.000313011 0.0256734 0.00930319 0.0203406 -0.0127747 -0.0183653 0.00381699 0.0178324 0.00587184 0.00470116 -0.00627208 0.00824931 0.0116281 -0.00143653 -0.0029943 -0.0151701 0.0144704 0.00299401 -0.0154672 0.00912732 0.0107451 0.017599 -0.0128384 0.0160673 0.018166 -0.011592 0.0130175 -0.0123784 0.02007 -0.0290083 0.0122002 0.0160746 0.0133395 0.0111092 0.00641711 0.00252756 0.000399556 0.00233711 0.0284008 -0.00515187 -0.0025089 0.012888 0.0257039 0.0215541 -0.0117073 -0.00856132 0.0100098 -0.0185 -0.0222483 0.00588926 0.000143198 -0.0173824 0.0078392 0.00644628 0.0100424
internal_weight=35134 19599 15535 13621 5978 9039 12925 4887 6496 5926 2201 1091 1461 3190 3113 2293 1990 1697 1090 3936 897 1051 1057 1840 500 930 2096 1596 403 686 1306 975 646 400 760 2141 11464 1258 669 541 1144 186 1269 900 705 4295 855 561 972 1235 443 696 423 1024 299 297 595 418 339 596 362 235
internal_count=35134 19599 15535 13621 5978 9039 12925 4887 6496 5926 2201 1091 1461 3190 3113 2293 1990 1697 1090 3936 897 1051 1057 1840 500 930 2096 1596 403 686 1306 975 646 400 760 2141 11464 1258 669 541 1144 186 1269 900 705 4295 855 561 972 1235 443 696 423 1024 299 297 595 418 339 596 362 235
is_linear=0
shrinkage=0.03


Tree=35
num_leaves=63
num_cat=0
split_feature=0 8 0 6 0 8 0 11 3 8 1 6 1 3 4 10 8 11 6 3 10 9 6 9 0 9 10 8 0 11 8 1 3 3 6 11 11 1 9 3 8 3 1 10 0 11 0 3 11 0 3 0 8 9 8 3 0 10 10 4 3 10
split_gain=13098.3 2690.9 875.063 170.572 167.573 155.161 118.759 108.912 106.202 62.7297 52.2077 50.7629 50.6765 39.7718 38.0924 37.4383 37.8485 34.5418 39.1256 32.5691 28.5105 39.0891 38.9503 26.2473 24.0665 23.9239 22.1182 21.5533 21.482 19.8345 27.027 18.9331 17.7291 17.608 17.52 17.2124 16.4851 15.6075 15.5297 15.2078 14.8723 16.5477 14.4747 13.6078 13.2426 13.2107 12.9614 19.2618 12.952 11.6356 10.4446 10.2436 10.445 10.0281 9.67286 9.39893 9.1315 8.63281 8.5877 10.1192 8.56059 8.39086
threshold=0.075000000000000025 -0.37940952255126059 1.3250000000000004 0.96010100249940655 0.33500000000000008 -1.0000000180025095e-35 0.025000000000000005 0.25000000000000017 0.75000000000000011 0.37940952255126054 2.1750000000000003 0.9919160630702849 0.82500000000000007 0.95000000000000007 0.083333333333333315 1.0000000180025095e-35 -0.60355339059327362 0.6830127018922193 0.55160846378518025 0.95000000000000007 1.0000000180025095e-35 -0.5 0.9919160630702849 0.78656609248549303 0.15500000000000003 0.78656609248549303 -0.5 -0.98296291314453399 1.8650000000000004 1.0000000180025095e-35 0.91597561503675362 1.0000000180025095e-35 0.25000000000000006 0.11666666666666667 0.9919160630702849 0.93301270189221952 -0.5 0.34500000000000003 0.37940952255126048 0.11666666666666667 0.37940952255126054 0.75000000000000011 0.17500000000000002 -0.24999999999999994 1.0850000000000002 0.6830127018922193 0.64500000000000013 0.75000000000000011 1.0000000180025095e-35 0.10500000000000002 0.75000000000000011 1.0000000180025095e-35 -0.78656609248549303 0.1294095225512602 -0.70710678118654735 0.75000000000000011 2.0450000000000004 -0.24999999999999994 -0.24999999999999994 0.78333333333333355 0.35000000000000003 1.0000000180025095e-35
decision_type=2 2 2 2 2 2 2 2 2 2 2 2 2 2 2 2 2 2 2 2 2 2 2 2 2 2 2 2 2 2 2 2 2 2 2 2 2 2 2 2 2 2 2 2 2 2 2 2 2 2 2 2 2 2 2 2 2 2 2 2 2 2
left_child=1 3 4 17 9 11 31 15 28 19 34 -3 20 27 -9 16 39 18 25 26 21 22 -6 35 -11 36 42 44 32 30 -26 -7 -4 -23 56 -16 -1 54 -19 -5 41 53 -2 -25 -14 61 47 -42 -34 -28 51 52 -17 -22 -21 -20 -10 -36 -31 -60 -29 -13
right_child=2 5 8 7 12 6 -8 14 10 24 -12 45 13 -15 23 50 -18 38 55 37 40 33 -24 43 29 -27 49 60 -30 58 -32 -33 48 -35 57 -37 -38 -39 -40 -41 46 -43 -44 -45 -46 -47 -48 -49 -50 -51 -52 -53 -54 -55 -56 -57 -58 -59 59 -61 -62 -63
leaf_value=-8.5250847781211984e-05 4.5520972589249627e-05 -0.00019866953562484646 0.0053317395753669289 -4.9186055657680809e-05 0.00035199404450006884 -0.00019866953562484646 -0.00016579909349301184 1.2573473248561548e-05 0.00081264183057503736 -7.0960363756195804e-05 0.0058726805742568061 -7.6285140706653786e-05 0.0020727456850618358 0.0011587108802278373 -1.913889028428338e-05 1.1487787723156867e-05 -7.9888391223690601e-05 -0.00014973043606870081 3.8105696575090396e-05 1.3906026742641595e-05 0.0029644732314010182 0.0013164401677481822 0.0015678530533155901 -5.9692202637755124e-05 0.00040202499625519462 -0.00021762074365588919 0.00042912484936667668 0.0047915726658602437 0.0089483432568895245 0.00012257753748697142 -1.2578849720227339e-05 -0.00012530603111001015 0.0024217788197869383 0.00016380128583803582 0.0022604791635252534 -0.00010483696972993562 -0.00021256679642753644 0.00072871614484793868 -0.00021559623200456427 5.9924934181964787e-05 1.2152056356300994e-05 0.00082071096730120788 0.0012389705576272931 -0.00024351170203121224 0.0013220472384077031 -0.00020491925870860808 0.00079745073224099213 0.00064306616090841796 0.0051531403076326291 0.0011120244361853993 4.4508668577408898e-05 0.000339248456118297 0.00010405283448401844 0.0005915678617942373 0.00022188453057762846 -4.2021851490709901e-05 0.0020100896971740291 0.0033395831438310336 -0.00012425003578267913 0.00015451138702377688 0.0029402936319430821 -5.3964708108867414e-05
leaf_weight=241 164 403 685 83 523 11365 462 724 269 505 601 337 150 561 895 126 257 153 135 446 403 183 906 109 278 179 95 335 3428 128 170 95 377 601 343 368 268 178 187 464 204 828 136 233 99 283 444 237 363 529 483 127 440 94 295 301 130 362 156 106 698 431
leaf_count=241 164 403 685 83 523 11365 462 724 269 505 601 337 150 561 895 126 257 153 135 446 403 183 906 109 278 179 95 335 3428 128 170 95 377 601 343 368 268 178 187 464 204 828 136 233 99 283 444 237 363 529 483 127 440 94 295 301 130 362 156 106 698 431
internal_value=-0.00304181 -0.0197843 0.0169833 -0.0026654 0.0111393 -0.027172 -0.0283016 0.000341067 0.0254033 0.00553499 0.018939 -0.0178969 0.0139876 0.0181725 -0.00405579 0.00551237 0.000521739 -0.0115085 -0.00896 0.0091269 0.0122401 0.00982385 0.0127762 -0.00663138 0.000602679 -0.0134107 0.0131027 0.0210912 0.02767 0.00371871 0.00801782 -0.0289032 0.0245091 0.00443312 0.0150407 -0.00462816 -0.0100588 0.00511957 -0.0198827 0.00498175 0.014654 0.0166742 0.00637874 -0.0139942 0.01308 -0.0144011 0.011614 0.00794118 0.0212146 0.01632 0.00892099 0.0112824 0.00952381 0.0210241 0.00319407 -0.0019222 0.009975 0.0178895 -0.00122762 -0.0043346 0.0230077 -0.0123277
internal_weight=35159 19149 16010 5773 9452 13376 11922 4309 6558 3186 1705 1454 6266 1843 2329 1980 804 1464 1124 1843 4423 2213 1429 1605 1343 688 924 1282 4853 838 448 11460 1425 784 1104 1263 509 919 340 547 2210 1325 300 342 249 1051 885 441 740 624 1176 693 566 497 741 436 399 705 390 262 1033 768
internal_count=35159 19149 16010 5773 9452 13376 11922 4309 6558 3186 1705 1454 6266 1843 2329 1980 804 1464 1124 1843 4423 2213 1429 1605 1343 688 924 1282 4853 838 448 11460 1425 784 1104 1263 509 919 340 547 2210 1325 300 342 249 1051 885 441 740 624 1176 693 566 497 741 436 399 705 390 262 1033 768
is_linear=0
shrinkage=0.03


Tree=36
num_leaves=63
num_cat=0
split_feature=0 8 1 0 8 6 8 3 11 0 0 3 6 1 8 10 11 6 4 11 3 10 4 9 6 1 8 0 11 9 10 10 8 0 3 9 1 3 10 9 10 9 3 0 10 1 7 1 3 8 9 8 3 3 11 11 10 0 0 4 4 11
split_gain=12786.5 2516.94 1011.46 256.753 191.889 170.429 118.643 104.205 83.5179 55.7757 52.4854 48.016 45.4292 41.672 38.4906 33.7039 33.1191 35.5295 31.6036 29.0555 28.4824 28.9226 27.7318 27.0926 25.7193 25.5848 23.9081 21.944 21.5603 21.5564 18.601 18.5977 19.9682 17.3969 18.2649 19.4422 16.4299 15.487 14.8622 14.5997 14.0113 16.5381 13.8319 13.4903 13.4351 13.0372 12.4984 11.7847 11.7126 11.3179 10.5117 10.3657 10.2528 10.1146 9.66561 9.65195 9.85446 9.55226 8.92236 8.90691 8.32987 8.29286
threshold=0.03500000000000001 -0.37940952255126059 1.0250000000000001 0.33500000000000008 -1.0000000180025095e-35 0.9919160630702849 0.60355339059327384 0.75000000000000011 0.25000000000000017 1.2650000000000003 0.115 0.75000000000000011 0.9919160630702849 2.2550000000000003 -0.98296291314453399 1.0000000180025095e-35 0.6830127018922193 0.56988722470830055 0.083333333333333315 1.0000000180025095e-35 0.95000000000000007 1.0000000180025095e-35 0.68285714285714294 0.78656609248549303 0.97587888928342192 0.53500000000000014 0.91597561503675362 0.015000000000000001 0.6830127018922193 0.37940952255126048 0.25000000000000011 0.68301270189221941 -0.60355339059327362 0.60500000000000009 0.95000000000000007 -0.5 2.0450000000000004 0.25000000000000006 1.0000000180025095e-35 0.78656609248549303 0.25000000000000011 -0.12940952255126037 0.11666666666666667 0.7350000000000001 0.25000000000000011 0.29500000000000004 0.28409573147784878 1.0000000180025095e-35 0.95000000000000007 -0.60355339059327362 -0.70710678118654757 0.60355339059327384 0.25000000000000006 0.8500000000000002 0.25000000000000017 -0.24999999999999994 -0.24999999999999994 0.78500000000000014 0.14500000000000005 0.78333333333333355 0.85833333333333339 0.25000000000000017
decision_type=2 2 2 2 2 2 2 2 2 2 2 2 2 2 2 2 2 2 2 2 2 2 2 2 2 2 2 2 2 2 2 2 2 2 2 2 2 2 2 2 2 2 2 2 2 2 2 2 2 2 2 2 2 2 2 2 2 2 2 2 2 2
left_child=1 5 3 6 12 16 20 14 15 22 59 42 -3 30 -4 23 17 31 -10 26 21 47 25 -7 46 33 -12 -6 38 -18 48 32 -1 51 35 52 37 -16 61 -20 41 -27 -11 -37 54 58 -24 -2 -9 53 -44 -5 -35 -19 -39 -53 -57 -36 -22 -8 -17 -14
right_child=2 4 7 9 27 8 10 13 18 11 19 -13 28 -15 36 60 29 49 39 -21 45 -23 24 -25 -26 40 -28 -29 -30 -31 -32 -33 -34 34 57 43 -38 44 -40 -41 -42 -43 50 -45 -46 -47 -48 -49 -50 -51 -52 55 -54 -55 -56 56 -58 -59 -60 -61 -62 -63
leaf_value=-9.3180139452123269e-05 9.5192626061891544e-05 -0.00019270944955610106 0.0016574226088130824 0.00056202307601734794 -0.00019270944955610106 2.9247333263024595e-05 -0.00013754380078466911 0.0023611766535016096 1.3209629958521683e-05 0.0052104286043422304 0.00036376930163452184 0.0012737617729834901 -9.1377968730093297e-05 0.0055610156064260369 0.0057437330984543957 9.091622423987692e-05 -0.00012162373656164785 6.3182812710641954e-05 -3.8345032457756832e-05 -6.2820423765253111e-05 -7.1523894126763148e-06 0.00066267359441828338 0.00071923341417398103 -7.6417009709753005e-05 0.0018411991527983217 0.0012416836812191177 -6.1413537782867808e-06 -0.0001936266710229737 -0.00019877168094734984 -0.00021045951240107483 0.0027868586403065037 -0.00020815188317954158 -0.00021158750657469469 0.0011417816733963731 0.0005694045701344541 0.00047448011278598378 0.0091178467716934615 0.0018843437347880645 -4.0982246532057879e-05 -0.00014557311325136743 0.0020777046020504352 0.0003061704848536681 0.0045830087369540945 0.00012829414349834839 0.0049413893359135626 0.000444960465068432 0.00015487959208339104 0.00076363699214324293 0.0013606650885398131 -0.00012144011680215813 0.0014726213777655961 0.000231291901044048 0.001218929723581526 -4.0586358922552799e-05 0.0046580938355668296 0.00012187348770683378 -9.5955299872878711e-05 -0.00012899065391935554 0.00016346055802232879 -9.7152134460004811e-05 7.6039619614877774e-06 -3.0422445612647867e-05
leaf_weight=307 265 404 115 675 11254 495 383 572 655 324 258 406 229 650 763 890 152 123 1102 370 398 620 536 240 1016 462 252 289 296 235 469 179 126 215 93 91 2937 314 413 326 330 157 331 172 310 222 112 372 412 151 147 185 383 217 291 133 130 130 536 197 141 104
leaf_count=307 265 404 115 675 11254 495 383 572 655 324 258 406 229 650 763 890 152 123 1102 370 398 620 536 240 1016 462 252 289 296 235 469 179 126 215 93 91 2937 314 413 326 330 157 331 172 310 222 112 372 412 151 147 185 383 217 291 133 130 130 536 197 141 104
internal_value=-0.00296894 -0.0202793 0.0159904 0.00986164 -0.0274065 -0.0029382 0.00383325 0.0248683 0.000397403 0.0137336 -0.00291581 0.0195037 -0.0170836 0.0192918 0.0273431 0.00519525 -0.0115493 -0.00888587 -0.00367083 0.00170261 0.00791632 0.0110413 0.0122838 0.000285326 0.0154234 0.010624 0.00634051 -0.028698 -0.0137488 -0.0190979 0.0164443 -0.0137031 -0.0102995 0.00884511 0.0115576 0.0135383 0.0277708 0.0253365 -0.011004 -0.00617215 0.0147474 0.0120484 0.0237609 0.00670455 0.022631 0.00451167 0.0107242 0.00653605 0.0140711 -0.00286585 0.0204175 0.00621886 0.0165275 0.000175953 0.0199505 0.00267261 -0.00102273 0.00388393 0.00295187 -0.00991394 0.00869186 -0.0157186
internal_weight=35062 18328 16734 9901 12989 5339 3873 6833 3849 6028 1460 1208 1446 2103 4730 1766 1490 1103 2083 880 2413 1257 4820 735 1664 3156 510 11543 1042 387 1453 612 433 2207 1084 861 4615 1678 746 1428 949 619 802 263 915 1156 648 637 984 491 478 1123 598 340 605 448 263 223 934 580 1031 333
internal_count=35062 18328 16734 9901 12989 5339 3873 6833 3849 6028 1460 1208 1446 2103 4730 1766 1490 1103 2083 880 2413 1257 4820 735 1664 3156 510 11543 1042 387 1453 612 433 2207 1084 861 4615 1678 746 1428 949 619 802 263 915 1156 648 637 984 491 478 1123 598 340 605 448 263 223 934 580 1031 333
is_linear=0
shrinkage=0.03


Tree=37
num_leaves=63
num_cat=0
split_feature=0 8 0 0 8 6 5 8 1 11 1 6 11 4 6 5 0 2 6 8 6 0 6 8 9 0 5 9 6 8 0 11 1 2 2 6 9 11 5 11 11 8 0 1 8 0 9 1 11 8 6 2 11 2 5 2 8 5 0 8 8 2
split_gain=12411.7 2480.34 1018.44 258.091 194.81 158.076 126.399 104.674 72.9828 68.9813 63.178 49.2968 31.0276 30.4248 30.5834 29.9489 27.6806 25.7428 25.0846 23.1208 23.0023 22.5392 21.6434 21.4743 21.2778 20.9935 19.8112 19.6081 19.3001 28.2802 23.6483 16.1402 16.0984 15.9977 15.9126 15.0259 14.8408 14.8297 12.9913 12.7764 12.6014 12.2403 27.6751 11.7993 11.3109 10.6817 10.5079 10.4208 10.3742 9.66154 9.06301 8.92175 8.85237 8.81382 8.55393 8.34689 8.29785 8.24127 8.0026 7.69172 7.53978 7.40795
threshold=0.03500000000000001 -0.37940952255126059 1.3050000000000004 0.21500000000000002 -1.0000000180025095e-35 0.9919160630702849 0.35000000000000003 0.37940952255126054 0.53500000000000014 -0.24999999999999994 2.0050000000000003 0.9919160630702849 1.0000000180025095e-35 0.85833333333333339 0.37003149295102605 0.45000000000000007 0.115 0.65000000000000002 0.80250532449306278 -0.70710678118654735 0.72773610537564315 0.015000000000000001 0.9919160630702849 -0.60355339059327362 -0.12940952255126037 1.8650000000000004 0.15000000000000005 -0.70710678118654757 0.9919160630702849 0.78656609248549325 0.89500000000000013 0.25000000000000017 1.2050000000000003 0.45000000000000007 0.8500000000000002 0.21090423132313618 0.78656609248549303 -0.5 0.15000000000000005 0.6830127018922193 0.6830127018922193 0.37940952255126054 0.51500000000000012 0.23500000000000001 0.37940952255126054 2.0450000000000004 0.37940952255126048 0.015000000000000001 -0.24999999999999994 0.78656609248549325 0.40469693966315429 0.75000000000000011 0.6830127018922193 0.45000000000000007 0.15000000000000005 0.55000000000000016 -0.98296291314453399 0.45000000000000007 1.0850000000000002 -0.60355339059327362 0.12940952255126045 0.45000000000000007
decision_type=2 2 2 2 2 2 2 2 2 2 2 2 2 2 2 2 2 2 2 2 2 2 2 2 2 2 2 2 2 2 2 2 2 2 2 2 2 2 2 2 2 2 2 2 2 2 2 2 2 2 2 2 2 2 2 2 2 2 2 2 2 2
left_child=1 5 3 7 11 12 25 18 13 23 22 -3 19 28 -15 24 47 52 43 35 46 60 45 -7 38 26 -4 51 -5 30 41 -19 56 54 -13 -1 -33 -25 -10 -22 -36 -30 57 -2 -28 -8 -14 49 -35 -9 -21 -24 61 -18 -31 -12 -17 -43 -26 -54 -6 -11
right_child=2 4 6 8 21 9 10 16 15 17 55 34 20 14 -16 32 53 31 -20 50 39 -23 27 37 58 -27 44 -29 29 33 -32 36 -34 48 40 -37 -38 -39 -40 -41 -42 42 -44 -45 -46 -47 -48 -49 -50 -51 -52 -53 59 -55 -56 -57 -58 -59 -60 -61 -62 -63
leaf_value=-0.00011938748929762871 -1.3223580324270879e-05 -0.00018692816606941803 0.004645759960629714 0.00032386568601409802 -0.00018692816606941803 0.00010767967602633814 0.00070465681644859223 -5.120028461496093e-05 0.0036985688584762217 5.4066830560272649e-06 0.0060267925664064569 -6.6933514469429261e-05 -0.00012730993473628358 0.00020885173373822615 0.0011299904474647098 0.00019435625994473389 -7.6876336413929429e-05 3.8956448553631969e-06 0.00043737020302681451 -0.00021500855672181715 -4.0581842143002573e-05 -0.00018781787089228448 0.0043362615612184416 -2.7266653742997991e-05 0.0016734247319529813 0.0088708249623049226 0.0042128321487802725 0.00069543171579186712 0.00099262657536567755 7.4713064225018642e-05 0.0016430525297383158 -4.1445821459924714e-05 0.0022501996507999843 0.0004176382623754945 -0.00020786013585807322 1.0555169922003629e-05 -0.00020692671604629893 8.5449734372017097e-05 0.0024279532402481045 -0.00021008975269877714 -0.00019280853051892934 -0.00015884019618657479 0.00064258663992247244 0.00038240991146106158 0.0015617989997113271 0.0021210152492520274 -0.00020172677188989708 2.4256646924433918e-06 3.4567823796160109e-05 -0.00015059195233170833 -9.1199075698362406e-05 0.0027437291054791223 -3.1012405136229304e-06 1.7123376598282143e-05 -0.00011829518888451295 0.004299902260097941 0.00087729952327723708 0.00023995735558605678 0.0012903857462343697 -7.891610247758794e-05 -0.00018692816606941803 4.7378726377965297e-05
leaf_weight=225 402 411 867 1069 1465 716 299 135 442 596 468 770 133 204 751 125 98 271 922 123 186 288 354 315 265 3023 350 200 905 243 454 734 495 201 207 282 223 87 660 192 96 144 286 102 124 123 247 81 80 401 123 267 490 447 102 538 884 85 88 151 9788 212
leaf_count=225 402 411 867 1069 1465 716 299 135 442 596 468 770 133 204 751 125 98 271 922 123 186 288 354 315 265 3023 350 200 905 243 454 734 495 201 207 282 223 87 660 192 96 144 286 102 124 123 247 81 80 401 123 267 490 447 102 538 884 85 88 151 9788 212
internal_value=-0.0031794 -0.0202187 0.0155421 0.00953435 -0.0272616 -0.00292821 0.0246885 0.00136732 0.0123584 0.000339831 0.0188933 -0.0170101 -0.011131 0.00995801 0.0147176 0.0160236 -0.00531384 -0.00227409 0.00681149 -0.00680371 -0.015415 -0.0285782 0.0143489 0.00659517 0.0191003 0.0276701 0.0244784 0.0171898 0.00868067 0.010124 0.011968 -0.00546786 0.0130365 0.0045933 -0.0136034 -0.00312992 -0.00729645 0.00104218 0.0211605 -0.0101319 -0.0194408 0.0100493 0.00633721 0.00142574 0.0194526 0.00879433 -0.0206299 -0.00966019 0.00989362 -0.0111732 -0.014332 0.0198232 0.000434483 -0.000384615 0.000260116 0.0244886 0.0108416 -0.00143478 0.0126271 -0.00219626 -0.0287924 0.00252163
internal_weight=35015 18331 16684 10071 13025 5306 6613 2588 7483 3795 2249 1484 1511 4524 955 2959 1162 2677 1426 753 758 11541 1243 1118 1455 4364 1341 821 3569 2500 1874 1228 1504 626 1073 507 957 402 1102 378 303 1420 515 504 474 422 380 617 281 536 246 621 1449 545 345 1006 1009 229 353 641 11253 808
internal_count=35015 18331 16684 10071 13025 5306 6613 2588 7483 3795 2249 1484 1511 4524 955 2959 1162 2677 1426 753 758 11541 1243 1118 1455 4364 1341 821 3569 2500 1874 1228 1504 626 1073 507 957 402 1102 378 303 1420 515 504 474 422 380 617 281 536 246 621 1449 545 345 1006 1009 229 353 641 11253 808
is_linear=0
shrinkage=0.03


Tree=38
num_leaves=63
num_cat=0
split_feature=0 8 0 8 1 6 5 0 11 0 1 6 6 8 2 10 2 0 6 10 9 9 1 11 8 11 4 2 0 11 6 9 5 11 11 2 9 1 5 2 9 8 8 5 10 10 1 8 11 8 5 10 10 0 11 8 5 4 10 9 6 5
split_gain=12135.9 2569.07 984.792 213.34 188.207 139.751 110.975 77.5912 77.3224 72.4197 69.4224 58.3686 53.8472 45.5566 36.3928 33.7848 31.3952 29.6417 28.6187 28.2997 33.2676 27.6191 24.3497 23.5986 23.1855 22.4131 19.8391 17.9816 17.6375 17.3975 17.3744 17.0789 18.6841 17.0336 16.5617 16.0261 14.8649 14.5504 15.4879 14.3288 14.2022 13.8405 14.1779 13.4718 12.4491 12.3325 11.3962 11.0766 21.9497 21.7497 12.095 12.9855 11.2245 11.0223 10.4761 10.3926 9.78346 9.71523 9.71432 10.9445 9.66249 9.34013
threshold=0.055000000000000007 -0.37940952255126059 1.3050000000000004 -1.0000000180025095e-35 0.28500000000000009 0.96010100249940655 0.22500000000000003 0.15500000000000003 0.25000000000000017 0.025000000000000005 2.0550000000000002 0.9919160630702849 0.9919160630702849 0.37940952255126054 0.8500000000000002 1.0000000180025095e-35 0.55000000000000016 0.64500000000000013 0.9919160630702849 0.68301270189221941 -0.37940952255126015 0.78656609248549303 1.0000000180025095e-35 -0.68301270189221952 -0.60355339059327362 0.93301270189221952 0.78333333333333355 1.0000000180025095e-35 1.7250000000000003 0.6830127018922193 0.9919160630702849 -0.5 0.35000000000000003 -0.5 -0.5 0.55000000000000016 0.1294095225512602 1.9750000000000003 0.71666666666666667 0.95000000000000007 0.1294095225512602 -0.91597561503675329 -0.60355339059327362 0.15000000000000005 0.25000000000000011 0.25000000000000011 1.7050000000000003 0.60355339059327384 -0.5 0.91597561503675362 0.15000000000000005 0.25000000000000011 -0.24999999999999994 0.015000000000000001 -0.68301270189221952 1.0000000180025095e-35 0.35000000000000003 0.17499999999999996 -0.6830127018922193 -0.70710678118654757 0.25225449781670933 0.82500000000000007
decision_type=2 2 2 2 2 2 2 2 2 2 2 2 2 2 2 2 2 2 2 2 2 2 2 2 2 2 2 2 2 2 2 2 2 2 2 2 2 2 2 2 2 2 2 2 2 2 2 2 2 2 2 2 2 2 2 2 2 2 2 2 2 2
left_child=1 5 4 11 7 16 28 13 15 22 18 -3 37 30 25 21 -1 26 -8 20 43 -7 -5 -20 34 36 47 -22 33 -13 -2 32 -19 -4 -18 -31 -10 38 -6 -17 -16 45 -43 -14 -15 -38 55 50 49 -49 51 -9 -50 -36 56 -45 -29 -34 59 -25 -28 -62
right_child=2 3 6 9 12 8 10 17 14 -11 -12 29 19 44 40 39 24 31 23 -21 27 -23 -24 58 -26 -27 60 54 -30 35 -32 -33 57 -35 53 -37 41 -39 -40 -41 -42 42 -44 46 -46 -47 -48 48 52 -51 -52 -53 -54 -55 -56 -57 -58 -59 -60 -61 61 -63
leaf_value=-6.4168832603152167e-06 -1.5311596901346202e-06 -0.00018132032108733549 0.0017788057633951544 -0.00018132032108733549 0.0008154735988202352 3.3842289068624871e-05 0.0010991662628287993 0.00090436459794063868 0.00024212521962703299 -0.00017311058572583093 0.0054620274362598715 -5.9187935661283594e-05 0.0028372433468994152 -3.9251363291123734e-05 3.6389445091754464e-06 8.96150328071465e-05 -7.752381723023407e-05 0.0013114040114159005 0.0014685432699851713 0.0024059322442655166 0.00018330729857700913 -7.1825292865421975e-05 -0.00010542829472978831 0.0034744121701035776 -0.00019151677415929545 -7.8837269538809055e-05 0.00013075578459214847 0.0012837174821108488 0.0087650998888050384 -6.8504827865176646e-05 0.00046976934313102428 0.00022142903518218348 0.00021131208671080633 0.0049172821459147996 -0.00018266392462854586 -0.00019080052508484646 -6.6236054299591036e-05 0.0031233676793777482 0.00033891800084937267 3.5434589649117364e-06 -0.0001178293347337266 3.0855306110711176e-05 -4.7859484329947632e-05 0.0023449377055692359 -0.00011504333134725789 7.0152030260357989e-06 0.0038655251770857691 0.00053766671057542761 6.1036554930778971e-05 7.5805564715487885e-07 0.0002366244286856816 0.0012500419032854093 -6.3856714374435075e-05 -6.6899712957633168e-05 0.0012768629181103121 0.0010420144816653037 0.00052320184305366295 0.0012667694858945016 0.0045817307368488085 0.0010535049088675197 0.00049995277773311599 0.00068433168037723582
leaf_weight=242 336 418 224 11292 721 509 438 95 93 295 1263 775 265 419 116 906 262 430 278 549 165 252 100 262 282 349 202 228 2987 117 389 237 86 613 508 175 167 100 729 225 602 554 283 583 254 117 148 206 267 177 623 105 327 85 423 302 162 381 450 122 622 180
leaf_count=242 336 418 224 11292 721 509 438 95 93 295 1263 775 265 419 116 906 262 430 278 549 165 252 100 262 282 349 202 228 2987 117 389 237 86 613 508 175 167 100 729 225 602 554 283 583 254 117 148 206 267 177 623 105 327 85 423 302 162 381 450 122 622 180
internal_value=-0.00315627 -0.0196454 0.0157294 -0.0268595 0.00964065 -0.00252836 0.0246354 0.00585722 0.000208433 -0.0282213 0.0200959 -0.0161306 0.0142527 -0.000214439 -0.00351008 0.00469097 -0.0108043 0.00801219 0.0158221 0.0167197 0.0152306 -0.00019685 -0.0286018 0.0183827 -0.012891 -0.000939898 0.00635294 0.0110317 0.0279686 -0.0123876 0.005 0.0121057 0.0139978 0.0240215 -0.0104089 -0.0186348 0.000987654 0.00974855 0.00897312 0.00797703 -0.00909597 2.6738e-05 0.00196897 0.0183834 -0.00583086 -0.00568421 0.0167988 0.00446419 0.00230061 0.00789062 0.0070267 0.0134328 -0.00131092 -0.0131818 0.0128624 0.015474 0.0164194 0.00980769 0.0209102 0.0172987 0.00973134 0.011208
internal_weight=35072 18724 16348 13172 9711 5552 6637 5336 4173 11687 2813 1485 4375 1398 2281 1892 1379 3938 1550 2825 2276 761 11392 1112 1137 1563 2804 978 3824 1067 725 1134 897 837 855 292 1214 1550 1450 1131 718 1121 837 1298 673 284 1033 1800 977 383 823 200 594 593 813 885 390 467 834 384 1004 802
internal_count=35072 18724 16348 13172 9711 5552 6637 5336 4173 11687 2813 1485 4375 1398 2281 1892 1379 3938 1550 2825 2276 761 11392 1112 1137 1563 2804 978 3824 1067 725 1134 897 837 855 292 1214 1550 1450 1131 718 1121 837 1298 673 284 1033 1800 977 383 823 200 594 593 813 885 390 467 834 384 1004 802
is_linear=0
shrinkage=0.03


Tree=39
num_leaves=63
num_cat=0
split_feature=0 8 0 8 0 6 5 1 11 8 6 1 2 0 6 9 6 0 8 6 11 11 6 8 10 10 2 8 10 0 6 11 9 5 5 11 0 2 9 10 10 9 1 5 11 1 10 10 2 7 2 5 10 5 11 2 1 11 6 5 11 0
split_gain=11957.2 2512.84 983.199 220.596 192.958 133.39 130.033 89.5443 88.2108 81.0936 52.5456 49.3384 37.6317 35.0502 32.6434 31.8759 29.3708 28.4174 28.1059 27.6847 25.834 24.902 21.7465 33.4539 22.5439 19.6332 19.0751 18.1493 26.4847 17.9048 17.6834 21.1748 16.5008 17.542 16.4097 16.2567 26.2678 18.1798 16.1593 15.9321 15.6441 15.1145 15.0535 14.8259 14.534 14.5192 14.3878 13.2417 13.0467 13.0291 11.9611 11.62 15.566 11.0477 10.9976 10.9595 10.6452 15.9098 10.4987 10.4226 10.1722 9.65338
threshold=0.042500000000000003 -0.37940952255126059 1.3050000000000004 -1.0000000180025095e-35 0.27500000000000008 0.96010100249940655 0.22500000000000003 2.2550000000000003 -0.24999999999999994 0.37940952255126054 0.9919160630702849 0.80500000000000016 0.8500000000000002 0.015000000000000001 0.81569335171151025 -0.70710678118654757 0.9919160630702849 0.15500000000000003 -0.60355339059327362 0.9919160630702849 0.25000000000000017 -0.5 0.67077817246640559 0.60355339059327384 0.68301270189221941 0.25000000000000011 0.65000000000000002 -0.60355339059327362 0.25000000000000011 2.0150000000000001 0.5339159821931253 0.6830127018922193 -0.12940952255126037 0.63333333333333341 0.15000000000000005 -0.24999999999999994 0.85500000000000009 0.45000000000000007 0.78656609248549303 -0.5 -0.24999999999999994 -0.12940952255126037 0.29500000000000004 0.083333333333333315 0.93301270189221952 1.9750000000000003 0.25000000000000011 0.25000000000000011 0.25000000000000006 0.77377463294813831 0.8500000000000002 0.71666666666666667 1.0000000180025095e-35 0.22500000000000003 -0.68301270189221952 0.95000000000000007 1.6450000000000002 1.0000000180025095e-35 0.9919160630702849 0.71666666666666667 0.25000000000000017 0.44500000000000006
decision_type=2 2 2 2 2 2 2 2 2 2 2 2 2 2 2 2 2 2 2 2 2 2 2 2 2 2 2 2 2 2 2 2 2 2 2 2 2 2 2 2 2 2 2 2 2 2 2 2 2 2 2 2 2 2 2 2 2 2 2 2 2 2
left_child=1 5 4 10 9 18 29 14 27 19 -3 22 38 -5 -8 26 45 47 21 42 -14 59 51 24 32 -17 -16 -7 -29 34 -23 -32 33 49 -4 37 40 -25 -10 -34 -37 43 -2 -18 50 -13 48 54 -21 -24 -12 -6 -53 -26 -11 -48 57 -36 60 -1 -35 -41
right_child=2 3 6 13 11 8 7 -9 12 17 44 16 20 -15 15 25 41 -19 -20 46 -22 30 23 35 53 -27 -28 28 -30 -31 31 -33 39 58 56 36 -38 -39 -40 61 -42 -43 -44 -45 -46 -47 55 -49 -50 -51 -52 52 -54 -55 -56 -57 -58 -59 -60 -61 -62 -63
leaf_value=3.9720094868771366e-05 3.8866731358201956e-05 -0.00017588071145471543 0.0045455630641143855 -0.00017588071145471543 0.00059886889299978307 9.3170999875273185e-05 0.00071170658309922114 0.0055382982710870648 5.176168628099782e-06 6.9330620207138415e-05 -5.3631570316729195e-05 0.00088240822319372088 1.2429656827490764e-05 -0.00017674372513289591 0.0044021197574488757 0.00064356832595453286 0.0041839589237357326 5.2792498457360001e-05 -0.00018511331852324718 -0.00016047847991817327 -0.00011332585060727382 -0.00018917063448908807 0.0017258158654161904 0.00010521350869597802 0.0024832484507022867 0.0024494816553251018 0.0028956349570938293 -5.2075342231679002e-05 7.6070545944144068e-05 0.0092755272019948744 -2.4883539080783419e-06 -0.00019814449405353057 -0.00029401106541346604 0.0006357713616820357 0.00056071426603513936 0.00016260868198499824 0.00083650951524603804 0.00063281998747823803 -6.5130129705864574e-05 0.00092157095499728798 -8.8963322343403416e-05 0.0016635080135130151 0.00045670104253651267 0.002472652747037252 -0.00018130025885081607 0.0034939959247469194 0.00085153816810244504 -0.00012201440078610748 0.00056041850814876615 0.0012345274372523765 -0.00018521219987352293 -9.66725816343078e-05 0.00039367521606749751 0.0010431126033102949 -8.7878727646745471e-05 0.00036148825991403195 0.0042510991178630192 0.0049183180828166221 0.0010509641394039291 -8.7155725061991704e-05 -4.4320973841846867e-05 0.00037584294619452284
leaf_weight=136 695 407 1118 11221 391 809 296 1072 1507 140 685 466 184 395 498 280 228 606 355 103 705 341 930 264 230 96 626 232 184 2376 190 159 140 81 85 260 129 411 481 128 226 220 161 872 105 96 306 293 387 81 254 242 273 400 316 109 136 102 351 195 134 166
leaf_count=136 695 407 1118 11221 391 809 296 1072 1507 140 685 466 184 395 498 280 228 606 355 103 705 341 930 264 230 96 626 232 184 2376 190 159 140 81 85 260 129 411 481 128 226 220 161 872 105 96 306 293 387 81 254 242 273 400 316 109 136 102 351 195 134 166
internal_value=-0.00329293 -0.0198269 0.0152678 -0.0269766 0.00923241 -0.00277058 0.0241445 0.0193029 -5.84938e-05 0.00306064 -0.0159298 0.0120938 -0.00292912 -0.028355 0.015192 0.0169887 0.0162188 -0.00245575 -0.0108497 0.0073042 -0.00805618 -0.00830724 0.0104857 0.0114522 0.0133876 0.00938992 0.01952 0.00668026 0.00158273 0.0277763 -0.0115485 -0.00677143 0.0118241 0.013251 0.0250693 0.00748257 0.00394481 0.0106953 -0.000633484 0.00662069 0.00073922 0.0186677 0.00343057 0.020109 -0.0123445 0.010444 0.0109603 -0.00636 0.00745418 0.0156225 -0.0111383 0.00628445 0.00331395 0.0183518 -0.00315098 0.0150721 0.0189815 0.0142021 0.00899471 -0.00153614 0.00375 0.0105763
internal_weight=35065 18545 16520 13067 9835 5478 6685 2868 4102 3116 1451 6719 2877 11616 1796 1500 1882 1355 1376 1761 889 1021 4837 3931 2641 376 1124 1225 416 3817 690 349 2011 1577 1441 1290 615 675 1988 434 486 1320 856 1100 1044 562 905 749 490 1011 939 906 515 630 456 415 323 187 566 331 215 294
internal_count=35065 18545 16520 13067 9835 5478 6685 2868 4102 3116 1451 6719 2877 11616 1796 1500 1882 1355 1376 1761 889 1021 4837 3931 2641 376 1124 1225 416 3817 690 349 2011 1577 1441 1290 615 675 1988 434 486 1320 856 1100 1044 562 905 749 490 1011 939 906 515 630 456 415 323 187 566 331 215 294
is_linear=0
shrinkage=0.03


Tree=40
num_leaves=63
num_cat=0
split_feature=0 8 0 8 0 3 8 2 2 0 3 10 1 11 0 1 11 3 1 10 4 5 8 11 8 5 8 8 0 3 0 1 3 11 4 0 2 11 11 10 8 5 11 10 5 8 1 3 10 8 0 1 8 3 10 10 8 2 1 10 3 4
split_gain=11627 2563.52 943.474 201.534 182.89 132.175 95.4836 85.9536 75.7766 72.2134 55.0937 50.6722 48.2476 46.7526 38.8112 36.3 40.5436 35.5901 30.3394 28.0498 27.9334 27.0639 25.6035 23.6103 25.2925 18.0071 17.7788 16.4029 16.8733 18.4292 15.3832 15.3586 14.9663 14.4569 14.0604 13.3229 12.8415 14.062 12.5943 12.4377 12.419 12.046 12.004 11.2853 11.5091 11.2439 10.7735 10.404 9.87881 9.56125 9.0159 8.70321 8.6079 8.35216 8.24862 8.09528 8.08575 7.89019 7.80409 7.79756 7.63911 7.55899
threshold=0.055000000000000007 -1.0000000180025095e-35 1.3250000000000004 -0.60355339059327362 0.45500000000000007 0.75000000000000011 0.37940952255126054 0.55000000000000016 0.8500000000000002 0.015000000000000001 0.95000000000000007 1.0000000180025095e-35 2.0550000000000002 1.0000000180025095e-35 0.13500000000000004 2.0450000000000004 1.0000000180025095e-35 0.95000000000000007 0.82500000000000007 0.25000000000000011 0.68285714285714294 0.15000000000000005 -0.70710678118654735 0.6830127018922193 -0.37940952255126059 0.15000000000000005 -0.98296291314453399 0.78656609248549325 0.89500000000000013 0.25000000000000006 2.1750000000000003 0.50500000000000012 0.95000000000000007 -0.24999999999999994 0.083333333333333315 2.3250000000000006 0.15000000000000005 1.0000000180025095e-35 0.93301270189221952 -0.24999999999999994 0.91597561503675362 0.083333333333333315 0.25000000000000017 0.25000000000000011 0.63333333333333341 -0.5 1.1450000000000002 0.57500000000000007 0.68301270189221941 0.12940952255126045 1.1050000000000002 1.6450000000000002 -0.37940952255126059 0.95000000000000007 1.0000000180025095e-35 -0.5 -0.70710678118654735 1.0000000180025095e-35 1.0000000180025095e-35 0.25000000000000011 0.95000000000000007 0.51666666666666683
decision_type=2 2 2 2 2 2 2 2 2 2 2 2 2 2 2 2 2 2 2 2 2 2 2 2 2 2 2 2 2 2 2 2 2 2 2 2 2 2 2 2 2 2 2 2 2 2 2 2 2 2 2 2 2 2 2 2 2 2 2 2 2 2
left_child=1 3 4 7 6 15 17 38 11 49 18 39 35 32 34 16 21 19 20 22 27 -4 58 24 -13 -15 50 28 -6 -30 -23 -19 -9 45 -8 43 -16 40 55 42 60 -28 52 44 -7 -10 -45 -22 -12 -3 -20 54 -5 -14 -43 -1 -46 -57 -2 -36 -38 -26
right_child=2 9 5 8 10 12 14 13 33 -11 48 23 53 25 36 -17 -18 31 26 -21 47 30 -24 -25 61 -27 41 -29 29 -31 -32 -33 -34 -35 59 -37 37 -39 -40 -41 -42 51 -44 46 56 -47 -48 -49 -50 -51 -52 -53 -54 -55 -56 57 -58 -59 -60 -61 -62 -63
leaf_value=2.5435501107581651e-05 4.0098081264486291e-05 -0.00017060429011107398 0.0028172225855591154 -8.1990819094001616e-05 0.00089365344989555669 0.0015854292020896659 -0.00014162013386442488 5.0458291875281699e-05 -9.6946114000672878e-05 -0.00017144141337890903 0.0004988842034060418 3.1895997912614276e-05 0.0049567051434111636 -1.6393327836495412e-05 -3.8171229887782039e-05 0.0082250344259574438 0.0057913384608063332 0.00012715567474991862 0.0016423683823664353 0.00096655188829573857 0.0038827769842971946 0.0010747285221935049 0.0022634692071318036 -0.00018737950324550605 -2.009811217949366e-05 -8.1234923962717861e-05 0.0039073226438301901 0.00020155529722812258 0.0021279107297180796 0.0012656787091696164 0.003256062673532898 0.0007014154866819372 -3.0763529783432981e-05 -0.00017426312001648798 -3.2989046291541711e-05 0.0030882135469108107 0.00086273421503180571 5.2157389207222595e-06 -3.1886118536057285e-05 -0.00017963750156677657 5.8588509830035691e-06 0.0016976929755225562 -5.6553447320389394e-05 0.0015518941668685462 -0.0002891392755306282 -0.00017060429011107398 0.0029420435330233443 0.0014771061200394896 0.00080027624546628916 -0.00017060429011107398 0.0012733253657466015 0.0039424674506995071 -0.00017060429011107398 0.0022581137597937626 0.0031412123883489966 5.3655158797972432e-05 0.00084915098175791239 0.0001229181707858275 0.00063513788316947833 -0.00010107948573696448 0.00025954912249960771 -9.8535271010353405e-05
leaf_weight=729 166 1475 445 275 828 253 98 477 174 479 1130 390 569 328 169 2871 1149 1119 145 587 219 312 133 133 304 1246 234 325 176 341 103 215 454 612 295 166 133 573 163 149 192 355 364 117 88 185 172 429 333 9782 81 191 262 127 223 347 247 321 546 176 322 80
leaf_count=729 166 1475 445 275 828 253 98 477 174 479 1130 390 569 328 169 2871 1149 1119 145 587 219 312 133 133 304 1246 234 325 176 341 103 215 454 612 295 166 133 573 163 149 192 355 364 117 88 185 172 429 333 9782 81 191 262 127 223 347 247 321 546 176 322 80
internal_value=-0.00332469 -0.0194624 0.0151578 -0.00508293 0.00921418 0.0238958 0.00497778 -0.000759961 -0.0110823 -0.0280293 0.0132069 -0.0076762 0.0167759 -0.00420192 -9.18836e-05 0.026429 0.0232985 0.00856523 0.0152283 0.0118493 0.0131953 0.0183275 0.00833333 -0.00247797 -0.000464516 -0.00735238 0.0190488 0.0111311 0.0125929 0.0168533 0.0127644 0.00503371 0.00112661 -0.0179321 -0.00668421 0.0126724 0.00261151 0.0036855 0.00476618 -0.0121598 0.00671296 0.0207669 -0.0108093 0.0111731 0.00876061 -0.0130833 0.0160345 0.01849 0.00829918 -0.0285157 0.0113656 0.0188961 -0.0136617 0.0228981 0.0169948 0.0056867 0.00508929 0.00807175 0.00605891 -0.00451271 0.00940789 -0.00592208
internal_weight=35082 18729 16353 6993 9734 6619 4724 4065 2928 11736 5010 1957 1739 2505 1958 4880 2009 2766 3547 1432 2318 860 845 907 774 1574 1229 1670 1345 517 415 1334 931 971 569 1043 1389 1220 1560 1050 647 1003 901 877 588 359 289 648 1463 11257 226 769 537 696 578 1397 335 668 712 471 455 384
internal_count=35082 18729 16353 6993 9734 6619 4724 4065 2928 11736 5010 1957 1739 2505 1958 4880 2009 2766 3547 1432 2318 860 845 907 774 1574 1229 1670 1345 517 415 1334 931 971 569 1043 1389 1220 1560 1050 647 1003 901 877 588 359 289 648 1463 11257 226 769 537 696 578 1397 335 668 712 471 455 384
is_linear=0
shrinkage=0.03


Tree=41
num_leaves=63
num_cat=0
split_feature=0 8 0 0 6 5 9 1 9 8 1 10 5 6 8 8 1 10 0 10 0 6 2 6 9 10 8 0 8 4 10 4 8 9 10 9 8 6 0 1 7 2 10 5 5 4 2 0 0 5 10 6 6 8 1 5 6 5 10 0 2 8
split_gain=11373.1 2439.85 1025.98 219.631 198.577 135.212 114.663 75.8892 74.7098 73.1563 58.9316 43.7936 36.9772 29.853 31.4087 29.0154 26.809 25.2246 25.0367 24.6919 24.3313 24.2577 23.0759 19.5974 21.7183 19.5956 18.7598 17.934 17.3616 17.053 15.4724 15.3341 14.9417 14.5152 14.4526 14.185 13.7467 13.1498 12.6335 12.3229 11.6606 11.4893 11.1151 10.7242 10.5982 10.3971 10.2946 10.0911 9.96289 9.78127 11.1764 9.47236 17.4436 10.6017 10.1303 9.39929 9.23711 9.11211 8.78038 8.54235 8.23728 8.16605
threshold=0.03500000000000001 -1.0000000180025095e-35 1.3650000000000004 0.22500000000000003 0.9919160630702849 0.22500000000000003 0.78656609248549303 0.53500000000000014 0.78656609248549303 0.60355339059327384 2.0550000000000002 1.0000000180025095e-35 0.15000000000000005 0.69300588406246244 0.60355339059327384 -0.91597561503675329 1.6250000000000002 0.25000000000000011 0.065000000000000016 -0.5 0.015000000000000001 0.72773610537564315 0.55000000000000016 0.9919160630702849 -0.70710678118654757 0.68301270189221941 -0.37940952255126059 2.1750000000000003 -0.98296291314453399 0.083333333333333315 0.68301270189221941 0.73666666666666669 -0.37940952255126059 -0.12940952255126037 0.25000000000000011 0.1294095225512602 0.12940952255126045 0.70439444458987499 0.65500000000000014 0.28500000000000009 0.98307471950346159 0.95000000000000007 0.25000000000000011 0.35000000000000003 0.15000000000000005 0.51666666666666683 0.25000000000000006 0.53500000000000014 2.4850000000000008 0.71666666666666667 -0.5 0.9919160630702849 0.84272314683140503 -0.91597561503675329 0.24500000000000002 0.55000000000000016 0.56988722470830055 0.15000000000000005 1.0000000180025095e-35 2.1150000000000007 0.35000000000000003 0.25881904510252091
decision_type=2 2 2 2 2 2 2 2 2 2 2 2 2 2 2 2 2 2 2 2 2 2 2 2 2 2 2 2 2 2 2 2 2 2 2 2 2 2 2 2 2 2 2 2 2 2 2 2 2 2 2 2 2 2 2 2 2 2 2 2 2 2
left_child=1 4 3 9 8 27 15 13 22 21 23 19 33 -5 30 25 17 28 -11 -8 36 39 -1 59 60 35 57 44 -14 38 51 -17 55 -9 -20 -6 -3 -19 -16 -2 -35 42 46 -32 -4 -28 -23 -31 -12 -30 -51 52 -15 54 -53 -10 -24 -13 -26 -7 -25 -46
right_child=2 20 5 7 6 10 11 12 32 18 48 26 16 14 29 31 -18 37 34 -21 -22 41 56 24 58 -27 45 -29 49 47 43 -33 -34 40 -36 -37 -38 -39 -40 -41 -42 -43 -44 -45 61 -47 -48 -49 -50 50 -52 53 -54 -55 -56 -57 -58 -59 -60 -61 -62 -63
leaf_value=1.8716617887145625e-05 -3.5413546238760307e-05 -0.00016548616140774178 0.0047983539641703798 0.00020209407644500833 4.2092833198320162e-05 0.0008864816463696201 -5.9561642123091449e-05 0.0032944732456261609 -0.00016074556634033135 -0.00014293551315095327 0.0038507337590270897 4.325706696915978e-05 2.2647568588440997e-05 0.0013764326841478722 -2.3690605612009216e-05 3.7899132602787086e-05 0.00284717296804186 0.00046846686240115842 1.7385118532182798e-05 -0.00017063335748479695 -0.00016629817097754178 -7.0189789214608001e-05 -0.00016945939944007455 0.0048369310870925815 0.00063268339690726258 4.9999515919356675e-05 -2.2006659416155105e-05 0.0090051081059320161 0.0010837421969125418 0.00017508126969721936 0.0019169649721781398 -1.7706089678129478e-05 -0.00016548616140774178 0.0017688816019481826 -7.1508950538285148e-05 -4.7954210512557027e-05 -0.00016548616140774178 0.0020269300520869425 0.00032832047897975029 0.00057519110966824136 0.0011409626898655093 0.00013904784350994055 0.00059501247231884074 0.00074795680388844315 0.0046196041928431106 -0.00017442794027682261 0.00039714790742753837 0.00074519879584143884 0.0058001931611914043 0.00078069707277633846 0.00016413758920476223 0.00016030019045670807 0.00011510010226920109 0.0013269381317962939 0.00084595781110204571 -0.00017520289340068696 -9.2518788408109954e-05 -4.6402977390995782e-05 0.0018033626622026783 0.0020918651256086043 0.0029124515669755545 0.0019879685931288686
leaf_weight=164 497 1488 1258 900 192 300 712 486 166 253 664 285 170 92 297 1624 398 127 506 347 290 114 463 177 157 109 337 2059 739 489 224 384 415 168 325 446 9908 563 279 80 83 297 328 313 237 183 305 347 609 119 245 137 217 742 419 225 467 231 104 120 611 114
leaf_count=164 497 1488 1258 900 192 300 712 486 166 253 664 285 170 92 297 1624 398 127 506 347 290 114 463 177 157 109 337 2059 739 489 224 384 415 168 325 446 9908 563 279 80 83 297 328 313 237 183 305 347 609 119 245 137 217 742 419 225 467 231 104 120 611 114
internal_value=-0.00357289 -0.0198091 0.0143845 0.0085 -0.00544808 0.0237997 -0.00222635 0.0111264 -0.0136665 0.00116408 0.0187459 -0.00751431 0.0147338 0.00861566 0.009851 0.00179608 0.0128916 0.0114409 -0.00486636 -0.0118019 -0.028103 0.00519729 -0.00854795 0.0146327 0.0168286 -0.00324866 -0.0031244 0.0275715 0.00892465 0.00636943 0.0121399 0.00367347 -0.0205948 0.0206098 -0.00234375 -0.00525822 -0.0283232 0.0160637 0.00239168 0.000259516 0.0146429 0.00792344 0.00990642 0.0165613 0.0251366 -0.00714012 0.00664286 0.00910394 0.0234772 0.0102989 0.00624658 0.010653 0.00590323 0.0117783 0.00861759 -0.016301 -0.0103759 0.000928433 0.00927481 0.00912114 0.0193156 0.0203693
internal_weight=35105 18436 16669 10259 6750 6410 4850 7554 1900 2705 2742 2095 3098 4456 3556 2755 2361 1963 1084 1059 11686 1621 1094 1469 1049 747 1036 3668 1273 1412 2144 2008 806 737 831 638 11396 690 576 577 251 1044 747 537 1609 520 419 836 1273 1103 364 1607 309 1298 556 391 930 516 261 420 788 351
internal_count=35105 18436 16669 10259 6750 6410 4850 7554 1900 2705 2742 2095 3098 4456 3556 2755 2361 1963 1084 1059 11686 1621 1094 1469 1049 747 1036 3668 1273 1412 2144 2008 806 737 831 638 11396 690 576 577 251 1044 747 537 1609 520 419 836 1273 1103 364 1607 309 1298 556 391 930 516 261 420 788 351
is_linear=0
shrinkage=0.03


Tree=42
num_leaves=63
num_cat=0
split_feature=0 8 0 0 9 5 8 0 11 2 3 11 2 10 3 0 1 0 10 9 10 3 3 5 1 1 11 8 1 8 3 11 0 1 8 11 3 8 1 11 8 11 10 1 9 8 3 10 5 10 2 0 0 0 3 10 11 11 8 5 0 11
split_gain=11034.4 2409.68 1023.55 199.685 185.892 140.983 100.169 79.9854 66.3729 55.6514 50.7044 48.5199 43.9074 43.3235 43.128 42.314 42.1299 35.7666 29.598 28.4431 40.4272 25.8915 24.8739 23.8156 22.7727 21.3823 20.9415 23.9992 20.8769 17.5171 29.8916 23.6957 21.3309 16.9825 21.7237 31.5373 16.4218 15.4067 14.6831 14.5052 15.5737 14.0704 14.0494 13.4646 12.8315 12.2475 11.9266 11.8687 11.7372 11.0926 10.8455 10.5039 11.5552 9.90464 9.86911 9.82685 9.95988 9.82374 9.7226 8.95656 8.74564 8.66592
threshold=0.03500000000000001 -1.0000000180025095e-35 1.3650000000000004 0.33500000000000008 0.78656609248549303 0.15000000000000005 0.37940952255126054 2.3250000000000006 -0.24999999999999994 0.8500000000000002 0.95000000000000007 1.0000000180025095e-35 0.55000000000000016 1.0000000180025095e-35 0.95000000000000007 0.065000000000000016 0.9850000000000001 0.015000000000000001 0.25000000000000011 -0.5 1.0000000180025095e-35 0.62500000000000011 0.95000000000000007 0.15000000000000005 0.23500000000000001 2.4450000000000007 0.6830127018922193 -0.37940952255126059 0.37500000000000006 0.60355339059327384 0.57500000000000007 -0.24999999999999994 0.83500000000000008 0.025000000000000005 0.91597561503675362 1.0000000180025095e-35 0.95000000000000007 -0.98296291314453399 1.7050000000000003 0.25000000000000017 -0.37940952255126059 -0.5 0.25000000000000011 0.15500000000000003 -0.12940952255126037 0.12940952255126045 0.45000000000000007 1.0000000180025095e-35 1.0000000180025095e-35 -0.24999999999999994 0.35000000000000003 1.0350000000000004 0.83500000000000008 0.14500000000000005 0.35000000000000003 -0.5 0.25000000000000017 -0.68301270189221952 -0.91597561503675329 0.45000000000000007 0.095000000000000015 0.6830127018922193
decision_type=2 2 2 2 2 2 2 2 2 2 2 2 2 2 2 2 2 2 2 2 2 2 2 2 2 2 2 2 2 2 2 2 2 2 2 2 2 2 2 2 2 2 2 2 2 2 2 2 2 2 2 2 2 2 2 2 2 2 2 2 2 2
left_child=1 4 3 6 8 58 14 11 22 13 16 25 -10 55 18 -8 19 45 43 29 23 -13 -1 44 50 42 27 59 -16 30 -5 -31 -33 34 35 -17 -9 -18 -23 40 -11 54 -7 49 -21 -3 -39 51 -14 60 -22 52 -12 -20 -26 56 -6 -36 -4 -15 -2 -49
right_child=2 17 5 10 9 7 15 36 12 39 47 21 48 26 28 33 37 -19 53 20 24 38 -24 -25 41 -27 -28 -29 -30 31 -32 32 -34 -35 57 -37 -38 46 -40 -41 -42 -43 -44 -45 -46 -47 -48 61 -50 -51 -52 -53 -54 -55 -56 -57 -58 -59 -60 -61 -62 -63
leaf_value=8.7629241136992248e-05 0.00013458064909789637 -0.00016052157656550953 0.0032368508457130615 0.0032748155418009812 -9.0269703081031219e-05 0.0010338519897412468 -0.00015037976490859674 0.0054595402450451471 8.6060973053737536e-06 -0.00014421089128269202 0.00034701683111954315 0.0052345639941848007 -4.8521306949042901e-06 5.3061317500056342e-05 3.4793374345165052e-05 0.00023636634329007836 0.0014675017431776554 -0.00016130922584821551 0.00043922018595973642 0.00089569513051044431 1.6737483555471237e-05 0.0017878810005661477 -1.6659882604954431e-05 -4.8267884026132812e-05 0.00030907086187074968 0.0034609109321759755 -0.00017652527993983617 -4.1015988043321326e-05 0.0005589690806115942 0.0011798475530144373 0.001355927342203591 1.6643577761715071e-05 0.00075057878862687041 9.8752171611535847e-05 -3.8574600640748415e-05 -6.658970612973984e-05 0.0030135557543962393 0.0038407280553873352 0.0046242864319139682 -0.00016426488406484296 -0.00016052157656550953 0.0023381687766977181 0.0023569701792920711 0.00098705394106573651 0.00020529844372339386 -0.00016052157656550953 0.0022166821022860752 0.00066897961496444004 -6.5914174905592931e-05 0.00037584892833121146 0.0004294374795644015 0.00077568645044371969 -0.00025666634233816336 0.001132531938898737 0.00095634105508517805 -0.00016052157656550953 -4.7666023706089216e-05 -0.00014686417063557522 0.0076439517036738158 -4.6035175977328442e-05 -0.00022143054449082311 7.5814567114820534e-05
leaf_weight=761 140 1482 190 491 388 811 251 1178 1032 252 625 483 251 300 918 307 150 289 239 225 136 253 344 394 83 242 129 380 157 160 797 246 152 246 182 573 86 322 148 456 272 278 216 289 102 9718 587 1007 1430 148 134 166 130 270 115 311 348 133 2812 102 133 83
leaf_count=761 140 1482 190 491 388 811 251 1178 1032 252 625 483 251 300 918 307 150 289 239 225 136 253 344 394 83 242 129 380 157 160 797 246 152 246 182 573 86 322 148 456 272 278 216 289 102 9718 587 1007 1430 148 134 166 130 270 115 311 348 133 2812 102 133 83
internal_value=-0.00350317 -0.0196531 0.0140485 0.0082189 -0.00543436 0.0234626 0.00294959 0.0192832 -0.00106834 -0.0111058 0.0115085 0.0157521 -0.00359248 -0.00817764 0.00703268 -0.00258712 0.0133227 -0.0280131 0.0108934 0.0116506 0.0085218 0.0211525 0.00512658 0.00344875 0.0134137 0.0119764 -0.00338816 -0.00153257 0.0026487 0.014131 0.016059 0.00966011 0.00571429 -0.000603329 -0.00208194 0.000340522 0.0252806 0.0185377 0.0154478 -0.0169419 -0.0134857 0.0173585 0.0100681 0.00691983 0.00942073 -0.0282832 0.020011 0.00755964 -0.00658145 0.00348341 0.00642066 0.00504338 0.00353175 0.0164118 0.0111558 -0.0123378 -0.0104206 -0.00882911 0.0282118 0.0035732 -0.000109489 0.00967919
internal_weight=35033 18245 16788 10369 6756 6419 3986 3417 3818 2938 6383 2153 2713 1958 2294 1692 4372 11489 1219 3313 1467 884 1105 721 746 1269 911 782 1075 1846 1288 558 398 1441 1195 880 1264 1059 401 980 524 476 1027 710 327 11200 909 2011 1681 421 270 921 755 509 198 1047 736 315 3002 402 273 1090
internal_count=35033 18245 16788 10369 6756 6419 3986 3417 3818 2938 6383 2153 2713 1958 2294 1692 4372 11489 1219 3313 1467 884 1105 721 746 1269 911 782 1075 1846 1288 558 398 1441 1195 880 1264 1059 401 980 524 476 1027 710 327 11200 909 2011 1681 421 270 921 755 509 198 1047 736 315 3002 402 273 1090
is_linear=0
shrinkage=0.03


Tree=43
num_leaves=63
num_cat=0
split_feature=0 8 0 1 8 5 2 8 1 3 0 3 0 11 8 10 2 10 8 11 8 0 8 10 2 0 0 11 1 11 1 5 3 8 5 8 5 7 11 2 7 8 8 10 5 3 11 4 1 2 10 10 8 11 3 10 3 11 8 3 1 5
split_gain=10934.9 2433.12 920.513 190.969 166.551 118.515 95.9346 74.9385 63.8922 61.2742 57.3478 52.6047 47.2564 43.231 33.5271 42.0606 32.6062 29.4653 26.1328 25.8006 23.5072 21.8274 30.6803 32.9668 21.0304 19.5315 18.5985 17.4613 16.2261 21.3653 16.132 16.7404 15.065 15.0517 15.005 14.8955 14.6638 13.9319 13.7616 13.4679 13.3288 13.1467 13.0996 12.2039 12.0041 11.6669 11.3628 10.9292 10.6624 10.5944 10.1263 10.1121 9.09157 11.244 8.87973 8.54735 8.40717 7.69174 7.6021 10.2553 7.11563 7.54452
threshold=0.042500000000000003 -1.0000000180025095e-35 1.5050000000000001 0.33500000000000008 -0.37940952255126059 0.22500000000000003 0.75000000000000011 0.78656609248549325 2.2950000000000004 0.75000000000000011 0.015000000000000001 0.75000000000000011 0.115 0.25000000000000017 -0.91597561503675329 0.68301270189221941 0.8500000000000002 1.0000000180025095e-35 -0.60355339059327362 0.25000000000000017 -0.60355339059327362 0.78500000000000014 0.60355339059327384 -0.24999999999999994 0.45000000000000007 0.27500000000000008 2.3550000000000004 0.6830127018922193 2.0450000000000004 -0.5 1.9450000000000001 0.45000000000000007 0.62500000000000011 -0.91597561503675329 0.63333333333333341 0.37940952255126054 0.55000000000000016 0.0833175564811309 -0.24999999999999994 0.25000000000000006 1.0246784706305281 0.12940952255126045 -0.98296291314453399 1.0000000180025095e-35 0.71666666666666667 0.35000000000000003 0.6830127018922193 0.058333333333333307 0.84500000000000008 0.25000000000000006 0.68301270189221941 -0.24999999999999994 0.37940952255126054 0.25000000000000017 0.95000000000000007 -0.6830127018922193 0.11666666666666667 0.93301270189221952 0.91597561503675362 0.95000000000000007 1.0650000000000002 0.15000000000000005
decision_type=2 2 2 2 2 2 2 2 2 2 2 2 2 2 2 2 2 2 2 2 2 2 2 2 2 2 2 2 2 2 2 2 2 2 2 2 2 2 2 2 2 2 2 2 2 2 2 2 2 2 2 2 2 2 2 2 2 2 2 2 2 2
left_child=1 4 3 7 6 28 17 11 19 14 41 21 -9 44 15 40 34 18 33 26 -15 22 23 39 -14 52 50 -19 29 -4 31 51 -21 42 43 45 -25 46 58 -2 49 -3 -1 -6 -8 -16 -27 -20 -37 55 -7 -11 54 -54 -13 -5 -23 -47 59 -26 61 -51
right_child=2 10 5 9 16 8 13 12 -10 30 -12 25 24 20 35 -17 -18 27 47 32 -22 56 -24 36 38 37 -28 -29 -30 -31 -32 -33 -34 -35 -36 48 -38 -39 -40 -41 -42 -43 -44 -45 -46 57 -48 -49 -50 60 -52 -53 53 -55 -56 -57 -58 -59 -60 -61 -62 -63
leaf_value=7.101656292236184e-05 -0.00032803695398877689 -0.00015570592926854424 0.0019987303859052221 -1.9411138475061984e-05 -9.0086385165951099e-05 0.0011326206615522299 -1.70857052791221e-06 -0.00011591294561375142 0.0050790562863263396 0.00080554789284063703 -0.00015646994907276906 0.00041463657534112074 -2.0807346707818684e-05 -8.9018793607144458e-05 0.0046891523747372406 0.0028487274408941659 -0.0001591426950518158 5.2427612961656961e-05 -1.7932434798521752e-05 0.0053202146924172539 -0.00015732687795662077 0.0018601818636632863 3.844466852159084e-07 0.00088022101683823072 0.00065508849898019068 0.00061785205197564406 0.0028606623698008899 -4.057155843321978e-05 0.0083103935099435138 0.005489286312690354 0.002569579265393522 0.000593285097383731 0.0024996470439318011 1.7915270478679016e-05 -0.00016240277737677094 0.00044980616214732521 0.00033960378558972056 0.00014954453028594508 -3.1513485195837197e-05 0.00061218859557929503 9.1037049118729147e-05 -0.00015570592926854424 -6.2462428851940477e-05 -2.430268722848533e-05 -6.4982201956913224e-05 0.0037356065387333668 0.00022556615184731593 -8.9841231805449479e-05 0.00092061067829614319 0.0015928575116785433 0.0026030281072265309 0.0013242415511003725 0.0001351392662492919 -0.00010950162373712092 5.1056831411522006e-05 0.001089867735416819 0.0011360734419479329 0.0022953330567286943 5.2401895003897981e-05 9.3797082544412613e-05 0.002329598736852216 0.0010715282417862457
leaf_weight=113 112 1452 330 97 439 606 588 386 1002 256 384 271 456 1049 397 261 508 1072 239 239 287 217 271 509 175 711 257 229 2196 863 191 1796 248 876 161 94 114 412 169 191 120 9644 275 362 556 315 259 240 125 117 128 383 140 217 733 147 381 134 137 132 83 152
leaf_count=113 112 1452 330 97 439 606 588 386 1002 256 384 271 456 1049 397 261 508 1072 239 239 287 217 271 509 175 711 257 229 2196 863 191 1796 248 876 161 94 114 412 169 191 120 9644 275 362 556 315 259 240 125 117 128 383 140 217 733 147 381 134 137 132 83 152
internal_value=-0.00347607 -0.0193364 0.0142496 0.0089955 -0.0053867 0.0237905 -0.00299729 0.00545045 0.0187908 0.0135447 -0.0278338 0.00734964 -0.000473901 -0.00737606 0.0174449 0.0134049 -0.0143576 0.000571429 -0.00197821 0.0148073 -0.0110396 0.0113419 0.00898998 0.0115858 0.0027757 0.00473397 0.012006 0.00398618 0.0274425 0.0245477 0.0105063 0.0098399 0.0204713 0.000284585 -0.0110903 0.0211351 0.0155288 0.00724512 0.00640065 0.00345395 0.00962343 -0.0282293 -0.00462725 -0.00938903 -0.0030917 0.0229516 0.009207 -0.0079375 0.0140455 0.0114573 0.00955102 0.0140156 0.00218062 -0.00192737 0.00364179 0.00661224 0.0160267 0.0195333 0.00916854 0.0117857 0.0147875 0.0123333
internal_weight=35004 18474 16530 10661 6994 5869 5524 5993 2480 4668 11480 4538 1455 2480 2042 977 1470 3044 1743 1478 1336 1795 1197 926 1069 2743 991 1301 3389 1193 2626 2435 487 1264 962 1065 623 1382 613 303 716 11096 388 801 1144 846 970 479 219 596 734 639 1361 357 1004 244 598 449 444 307 352 269
internal_count=35004 18474 16530 10661 6994 5869 5524 5993 2480 4668 11480 4538 1455 2480 2042 977 1470 3044 1743 1478 1336 1795 1197 926 1069 2743 991 1301 3389 1193 2626 2435 487 1264 962 1065 623 1382 613 303 716 11096 388 801 1144 846 970 479 219 596 734 639 1361 357 1004 244 598 449 444 307 352 269
is_linear=0
shrinkage=0.03


Tree=44
num_leaves=63
num_cat=0
split_feature=0 8 0 0 6 5 9 8 8 3 8 10 9 11 0 3 0 11 0 6 11 5 0 8 10 3 4 11 5 11 10 8 8 8 8 4 11 7 8 9 8 6 11 7 5 4 7 6 4 6 8 11 5 9 9 10 10 7 3 10 0 11
split_gain=10676.3 2490.96 991.718 196.193 176.073 122.627 103.318 73.1005 71.9845 70.9654 64.0984 52.2599 59.1381 52.1813 49.765 39.1419 36.9464 36.62 32.8676 28.2793 30.8668 26.0768 24.3379 24.053 20.0654 19.6963 19.3867 19.1715 18.3467 18.0767 17.6519 17.1608 17.0353 16.5095 16.4126 15.195 17.5154 15.1172 14.5096 14.4627 17.1207 14.083 15.301 12.4165 12.3093 11.9446 11.7772 11.7171 11.7071 11.3953 10.9392 10.7314 13.8606 11.2866 10.3767 10.0604 10.0384 9.62084 9.42739 11.3686 9.26911 9.1807
threshold=0.03500000000000001 -1.0000000180025095e-35 1.4650000000000001 0.21500000000000002 0.9919160630702849 0.22500000000000003 0.91597561503675351 -0.5 0.60355339059327384 0.95000000000000007 0.60355339059327384 0.68301270189221941 -0.12940952255126037 0.6830127018922193 2.3850000000000002 0.35000000000000003 0.015000000000000001 -0.24999999999999994 0.47500000000000003 0.9919160630702849 1.0000000180025095e-35 0.55000000000000016 0.13500000000000004 -0.91597561503675329 1.0000000180025095e-35 0.25000000000000006 0.17499999999999996 0.6830127018922193 0.95000000000000007 1.0000000180025095e-35 -0.5 -0.91597561503675329 0.12940952255126045 -0.60355339059327362 0.37940952255126054 0.083333333333333315 -0.24999999999999994 1.0195703397113829 -0.78656609248549303 0.78656609248549303 -0.91597561503675329 0.9919160630702849 0.25000000000000017 0.023553699522338052 0.35000000000000003 0.85833333333333339 0.82162614754343488 0.70439444458987499 0.37222222222222229 0.21090423132313618 0.37940952255126054 0.6830127018922193 0.71666666666666667 -0.9159756150367534 0.60355339059327384 0.25000000000000011 0.25000000000000011 0.077884493870845464 0.95000000000000007 -0.24999999999999994 0.37500000000000006 -0.5
decision_type=2 2 2 2 2 2 2 2 2 2 2 2 2 2 2 2 2 2 2 2 2 2 2 2 2 2 2 2 2 2 2 2 2 2 2 2 2 2 2 2 2 2 2 2 2 2 2 2 2 2 2 2 2 2 2 2 2 2 2 2 2 2
left_child=1 4 3 8 7 23 13 17 21 10 11 12 15 24 19 31 32 49 35 -7 50 58 57 -4 39 -19 -15 -8 51 -26 60 -5 -3 -28 -25 -12 -37 48 47 40 -6 42 -17 -33 -32 -43 -16 -27 -20 54 55 52 -11 -53 -1 -21 -54 -10 59 -2 -14 -36
right_child=2 16 5 9 6 14 27 -9 22 28 18 -13 30 26 46 41 -18 25 37 20 -22 -23 -24 34 29 38 33 -29 -30 -31 44 43 -34 -35 61 36 -38 -39 -40 -41 -42 45 -44 -45 -46 -47 -48 -49 -50 -51 -52 53 56 -55 -56 -57 -58 -59 -60 -61 -62 -63
leaf_value=-1.9617078746873885e-05 0.00029073250479143086 -0.00015103475139048792 0.0024655715730611451 0.0022198419698938893 -8.0981250258467164e-05 0.0010601363813517832 -4.1748081743610308e-05 -0.00015294140215177545 -0.0001095136413072222 0.0005016388775291817 -4.0940947763031858e-05 0.0023197007797079944 0.00061763481377167216 3.9368780131619588e-06 0.0034640818486375438 0.0016141592936601353 -0.00015177585060058597 -1.425249022865286e-05 0.00029399928251397096 0.002084875240259923 0.0044338088536292359 4.1545533137875721e-05 2.1755609718693263e-05 0.0076398882528027623 8.1557209698915572e-05 -0.00017235111320220532 -4.574875315849962e-05 -0.00015949287469501814 0.00077458755442368489 1.3556659694208584e-05 0.00094694472688585491 0.0020335222074838208 -0.00015103475139048792 -0.00018899783655983599 0.0018737493854781983 0.00043161557272697207 1.0312634245502327e-05 0.00075565978571003577 -0.00016922621307583789 -4.0212574685156498e-05 2.7254592086113465e-05 0.0015260200760492148 0.00015514916483363783 0.0039953563152696128 8.0392079362610964e-05 0.002195307859641971 0.0056307630606138312 -8.6116787994969867e-05 0.0010593763100767877 -1.7567174151341542e-06 0.00090636486952469899 0.00026796144066022022 0.00010097811280416813 -0.00014822697100851657 -0.00018296005713283261 0.0039717870818625775 0.0004979336864419058 2.5687333943707722e-05 4.2968581386727124e-05 0.0005065323519278641 -0.00038990722558374932 0.0032475361632753196
leaf_weight=89 219 1465 202 213 164 414 773 402 614 1011 232 845 115 449 359 124 302 102 589 412 525 884 358 2776 699 243 710 289 379 625 316 166 9828 179 263 130 225 114 348 337 671 1053 225 365 136 298 558 192 222 340 157 130 611 176 173 117 350 80 114 360 173 239
leaf_count=89 219 1465 202 213 164 414 773 402 614 1011 232 845 115 449 359 124 302 102 589 412 525 884 358 2776 699 243 710 289 379 625 316 166 9828 179 263 130 225 114 348 337 671 1053 225 365 136 298 558 192 222 340 157 130 611 176 173 117 350 80 114 360 173 239
internal_value=-0.00362674 -0.0194386 0.013622 0.00819265 -0.005 0.0233804 -0.00199714 -0.0127778 0.00106084 0.0104793 0.0124125 0.0143896 0.0126217 0.000297262 0.0183563 0.0148712 -0.0278863 -0.00969758 0.00713814 0.0151845 0.0175 0.00511407 -0.00501425 0.027044 0.00285943 -0.0135779 -0.00448096 -0.0102728 0.0064447 0.00538868 0.00518219 0.0206174 -0.0281645 -0.00704494 0.027667 0.00158163 0.00547753 0.0106587 -0.0151913 0 0.00211722 0.0123457 0.00694286 0.023515 0.00887417 0.0137352 0.0239542 -0.0114908 0.00919951 -0.0039801 0.0132751 0.00542343 0.00623416 0.00019544 -0.0086692 0.0153396 0.00364865 -0.00828777 0.00946686 0.0110172 -0.000622837 0.0225447
internal_weight=35229 18380 16849 10827 6785 6022 4896 1889 2629 8198 5541 4029 3184 3834 2542 2444 11595 1487 1512 1625 1211 1577 1052 3480 2496 885 1338 1062 2657 1324 740 744 11293 889 3278 587 355 925 783 1172 835 1700 349 531 452 1351 917 435 811 602 686 2278 1972 306 262 529 961 694 693 579 288 502
internal_count=35229 18380 16849 10827 6785 6022 4896 1889 2629 8198 5541 4029 3184 3834 2542 2444 11595 1487 1512 1625 1211 1577 1052 3480 2496 885 1338 1062 2657 1324 740 744 11293 889 3278 587 355 925 783 1172 835 1700 349 531 452 1351 917 435 811 602 686 2278 1972 306 262 529 961 694 693 579 288 502
is_linear=0
shrinkage=0.03


Tree=45
num_leaves=63
num_cat=0
split_feature=0 8 1 0 6 5 9 5 8 0 9 0 11 11 1 11 1 6 0 9 6 1 7 11 11 2 2 6 8 11 8 11 6 2 11 1 11 2 5 5 8 5 5 1 6 9 11 0 4 8 5 6 0 0 5 0 4 2 8 5 6 6
split_gain=10343.4 2410.24 1040.91 211.576 171.491 141.088 102.653 92.0717 76.7479 70.1814 67.8167 51.3109 42.921 42.4152 39.5678 36.4966 35.7122 30.4322 29.9874 29.2157 40.0657 28.5697 27.8347 24.4963 23.1821 20.5441 20.1248 19.4227 19.1959 18.3437 17.3715 16.1618 14.466 14.1658 14.1529 13.7343 13.4355 13.2944 13.0401 12.4506 12.1493 12.0549 12.0446 11.3527 16.0291 11.5515 16.4773 15.1639 11.2507 10.5591 13.8263 9.97858 9.70785 9.17505 9.12187 8.98521 8.76253 14.9721 10.5199 8.71903 8.68238 8.61116
threshold=0.025000000000000005 -1.0000000180025095e-35 1.1250000000000002 0.21500000000000002 0.9919160630702849 0.45000000000000007 0.78656609248549303 0.15000000000000005 0.37940952255126054 1.1150000000000004 0.78656609248549303 2.3050000000000002 0.6830127018922193 1.0000000180025095e-35 2.4850000000000008 -0.24999999999999994 0.21500000000000002 0.9919160630702849 0.065000000000000016 -0.70710678118654757 0.9919160630702849 1.0000000180025095e-35 0.97593979521690388 -0.5 -0.5 0.55000000000000016 0.55000000000000016 0.97587888928342192 -0.37940952255126059 -0.24999999999999994 -0.37940952255126059 -0.5 0.20078576419566965 0.25000000000000006 0.6830127018922193 2.6150000000000007 0.6830127018922193 0.15000000000000005 0.083333333333333315 0.63333333333333341 0.12940952255126045 0.45000000000000007 0.71666666666666667 0.25500000000000006 0.96010100249940655 -0.5 1.0000000180025095e-35 1.2850000000000004 0.27761904761904771 -0.91597561503675329 1.0000000180025095e-35 0.21090423132313618 0.82500000000000007 0.72500000000000009 0.083333333333333315 1.0000000180025095e-35 0.64166666666666683 0.75000000000000011 0.25881904510252091 0.15000000000000005 0.54269012772290737 0.57925250616066515
decision_type=2 2 2 2 2 2 2 2 2 2 2 2 2 2 2 2 2 2 2 2 2 2 2 2 2 2 2 2 2 2 2 2 2 2 2 2 2 2 2 2 2 2 2 2 2 2 2 2 2 2 2 2 2 2 2 2 2 2 2 2 2 2
left_child=1 4 3 8 10 11 15 9 17 16 24 13 28 35 23 -6 26 -2 -10 20 36 40 -18 42 61 -14 52 -25 -8 30 51 -11 -26 -22 41 38 60 -20 -4 -38 54 -34 -7 45 -45 46 47 -21 -40 -17 -51 -12 -5 -46 -3 -42 57 -35 -59 -19 -9 -1
right_child=2 21 5 7 6 14 12 19 18 31 29 -13 25 -15 -16 49 22 59 37 43 33 -23 -24 27 32 -27 -28 -29 -30 -31 -32 -33 34 56 -36 -37 39 -39 48 -41 55 -43 -44 44 53 -47 -48 -49 -50 50 -52 -53 -54 -55 -56 -57 -58 58 -60 -61 -62 -63
leaf_value=-7.0250885093865875e-05 7.5360051327665046e-06 -0.0001465037088487733 0.0021787348167962707 2.3422205558472076e-05 8.0681809379199901e-05 0.001711072913779453 -5.7422443968923979e-06 0.00025443976981762975 -0.00015201843100826336 0.0013216977659127479 -0.00017904931998276172 0.0079145376650129797 -8.1003478087239336e-05 0.0053821382412088383 0.0044347368442483031 -2.8028738433623703e-05 0.0018125046279521659 0.00039349091582713204 -7.7904924320774371e-05 0.00075009091983638699 0.0035875533966835834 -7.3828738171685708e-05 0.00036698100867576529 0.001148997165980659 -0.00016855103353731991 -0.00015470808845416758 0.00085698586348608731 0.0032990387365588385 -4.3006310023359003e-05 -0.00014978017213570805 -0.00014841509564901244 0.0037168047448660332 5.1549255909957007e-05 0.0025230016372599843 -0.00018046797939911708 0.0052944234675154529 0.00082855164229413321 -3.0037189269399697e-05 0.0013179644122585127 -0.00015297713737283774 -0.0001465037088487733 -5.7825798727477654e-05 0.00065755681376916176 0.00012087961162074112 0.00077173777717054221 2.4002390236189298e-05 2.279324359625967e-05 -0.00011296126149096696 0.0020482719316509243 4.0758812082937888e-05 -1.413009207260514e-05 -2.6939683535380892e-05 0.00031109111269846519 0.00065947714361797439 -0.0001465037088487733 -0.00014703005071849788 0.0018137686329079957 0.00086025316614937654 2.4991138419246383e-05 0.00024214654844202836 0.0006231869754204758 5.0587525114193646e-05
leaf_weight=199 733 537 460 361 690 331 784 598 357 122 86 2235 241 1178 539 648 597 359 90 317 84 93 218 144 176 335 267 464 761 393 201 492 88 284 240 121 114 854 325 212 9541 196 381 398 544 632 303 80 265 594 717 121 158 375 923 385 683 186 154 512 450 121
leaf_count=199 733 537 460 361 690 331 784 598 357 122 86 2235 241 1178 539 648 597 359 90 317 84 93 218 144 176 335 267 464 761 393 201 492 88 284 240 121 114 854 325 212 9541 196 381 398 544 632 303 80 265 594 717 121 158 375 923 385 683 186 154 512 450 121
internal_value=-0.0037928 -0.0195894 0.013021 0.00721025 -0.00512894 0.0225186 -0.00213792 0.00983355 0.000320028 0.0149865 -0.0129583 0.0253479 -0.00705467 0.0222255 0.0155323 0.0018 0.0116667 0.00471028 -0.00509217 0.00772299 0.00988069 -0.0278911 0.0160662 0.0127176 -0.00781587 -0.0140381 0.00709022 0.0171429 -0.00444373 -0.0194888 -0.0149633 0.0236098 -0.0108702 0.0134698 -0.00834286 0.0181485 0.00624 -0.00228571 0.0170124 0.000917431 -0.0280267 -0.00378947 0.00892006 0.00546792 0.0074431 0.00351088 0.00616262 0.0101759 0.0140102 -0.000290816 0.00125762 -0.00879808 0.00363462 0.00961957 -0.0253799 -0.0284134 0.0126835 0.01008 0.00580645 0.00849771 0.00789323 -0.0011215
internal_weight=35047 18070 16977 10534 6591 6443 4770 7629 2905 2215 1821 4584 2121 2349 1859 2649 1601 1604 1301 5414 2765 11479 815 1320 1020 576 786 608 1545 801 408 614 700 1391 524 1171 1374 944 1050 326 11386 284 712 2649 1317 1332 700 397 590 1959 1311 207 519 919 1460 9926 1307 624 340 871 1048 320
internal_count=35047 18070 16977 10534 6591 6443 4770 7629 2905 2215 1821 4584 2121 2349 1859 2649 1601 1604 1301 5414 2765 11479 815 1320 1020 576 786 608 1545 801 408 614 700 1391 524 1171 1374 944 1050 326 11386 284 712 2649 1317 1332 700 397 590 1959 1311 207 519 919 1460 9926 1307 624 340 871 1048 320
is_linear=0
shrinkage=0.03


Tree=46
num_leaves=63
num_cat=0
split_feature=0 8 0 1 6 5 0 9 9 1 8 5 0 10 6 9 3 8 0 5 10 9 3 10 5 1 3 7 6 9 3 10 0 8 0 1 4 8 9 8 8 4 10 4 8 5 1 3 0 6 9 3 8 8 3 4 10 5 0 7 10 3
split_gain=10169.2 2352.96 1005.27 208.055 149.55 130.02 93.5161 71.7566 71.6961 69.5228 67.8732 62.2671 28.4741 27.8615 26.63 28.6167 25.872 34.2823 25.5003 24.0991 23.3561 27.0767 26.8386 23.1119 22.6297 21.7527 18.5236 18.401 18.1248 17.1955 29.0195 17.0136 16.0576 15.8891 15.7993 15.6674 14.7253 14.2079 14.1324 17.2277 14.1046 13.9735 12.1412 11.8703 11.5586 11.5125 11.4736 11.2798 11.1824 11.1082 11.007 10.9629 10.76 10.4747 10.2621 10.1473 10.0488 9.99384 9.26106 8.87718 8.7274 8.52464
threshold=0.025000000000000005 -1.0000000180025095e-35 1.4450000000000001 0.44166666650000003 0.9919160630702849 0.22500000000000003 0.15500000000000003 0.91597561503675351 0.78656609248549303 2.2950000000000004 0.25881904510252091 0.45000000000000007 2.2850000000000006 1.0000000180025095e-35 0.9919160630702849 -0.70710678118654757 0.95000000000000007 0.60355339059327384 0.64500000000000013 0.55000000000000016 0.68301270189221941 -0.37940952255126015 0.35000000000000003 -0.24999999999999994 0.95000000000000007 1.0000000180025095e-35 0.11666666666666667 1.0554446749333231 0.9919160630702849 0.1294095225512602 0.57500000000000007 1.0000000180025095e-35 0.065000000000000016 0.12940952255126045 0.32500000000000007 0.20500000000000004 0.17499999999999996 0.25881904510252091 0.78656609248549303 -0.91597561503675329 -0.37940952255126059 0.68285714285714294 0.25000000000000011 0.083333333333333315 -0.70710678118654735 0.083333333333333315 1.9950000000000003 0.62500000000000011 1.0000000180025095e-35 0.56988722470830055 -0.5 0.8500000000000002 -0.60355339059327362 0.37940952255126054 0.95000000000000007 0.17499999999999996 -0.6830127018922193 0.15000000000000005 1.7050000000000003 0.38867049132506354 0.68301270189221941 0.8500000000000002
decision_type=2 2 2 2 2 2 2 2 2 2 2 2 2 2 2 2 2 2 2 2 2 2 2 2 2 2 2 2 2 2 2 2 2 2 2 2 2 2 2 2 2 2 2 2 2 2 2 2 2 2 2 2 2 2 2 2 2 2 2 2 2 2
left_child=1 4 3 6 8 12 10 13 49 14 19 20 26 23 -7 51 17 29 43 31 21 22 -5 38 50 33 -4 -23 46 30 59 -2 -12 45 35 -31 -9 -24 39 -6 61 -15 44 -19 -30 -3 -13 -34 -35 56 -18 53 -25 -16 -11 -20 -1 -51 -28 -8 -38 -10
right_child=2 25 5 11 7 9 16 36 40 54 32 28 -14 41 15 -17 24 18 55 -21 -22 27 37 52 -26 -27 58 -29 42 34 -32 -33 47 48 -36 -37 60 -39 -40 -41 -42 -43 -44 -45 -46 -47 -48 -49 -50 57 -52 -53 -54 -55 -56 -57 -58 -59 -60 -61 -62 -63
leaf_value=-4.0315073263957004e-05 9.34331871711737e-05 -0.00014210859758331009 0.0049668412847292294 0.0032593760532174405 -4.2655256473479089e-05 0.00079918487977980737 0.0021209932696003436 -2.9988028900056415e-05 -0.00013402026830273145 0.0048642841337984966 -0.00012238525089623009 0.00039453149879820022 0.0080446377302950123 3.6665469384837451e-05 0.0037998498199721905 0.00083428771533973262 0.00016596228702716313 -3.6367241097538905e-05 0.0002951007942534555 -2.2015065120978284e-06 0.0028108084055442893 0.0013148299007737997 0.0018456514396031575 -5.6621793725259196e-05 0.0005376021956343428 -8.0268989288546954e-05 0.0025143145559592475 -9.5577095075355042e-05 0.00053538747444207939 0.00024372427316367558 0.00072194281329097888 0.00035989367931341885 -8.9008785915871538e-05 -0.00014210859758331009 -0.00016056597210527019 0.00069696314072771571 -0.00014960089372244767 0.00035139917292702921 -4.1672921206167361e-05 2.0365523637645691e-05 -0.00014396264277954208 -1.002514049702214e-05 0.0017442097580333737 0.00011860681727843748 0.0014659890581335121 -0.00014210859758331009 0.0023227132332437716 -2.5192229139228695e-05 -0.00014261914919694294 4.5208372505146986e-05 -7.3686201814965115e-05 0.0019996199868957901 -0.00020705710923067886 0.0018079140970947939 0.0017323666887959198 0.000988086636162113 -0.00016101282450429661 -7.8588105432417314e-05 0.0037263711389346091 0.0017013769848786581 -8.0503084264151143e-05 -0.00015277054809737111
leaf_weight=154 276 538 801 388 270 415 481 500 166 897 358 918 1852 1142 546 251 1113 326 394 555 399 518 417 387 198 92 289 82 233 83 849 294 180 9435 116 82 428 120 421 802 401 545 351 579 343 918 88 461 391 97 388 253 96 106 80 201 352 438 583 140 125 235
leaf_count=154 276 538 801 388 270 415 481 500 166 897 358 918 1852 1142 546 251 1113 326 394 555 399 518 417 387 198 92 289 82 233 83 849 294 180 9435 116 82 428 120 421 802 401 545 351 579 343 918 88 461 391 97 388 253 96 106 80 201 352 438 583 140 125 235
internal_value=-0.0036227 -0.0193827 0.0129985 0.00756037 -0.00507165 0.022784 0.00450318 -0.00223871 -0.0123156 0.0176069 -0.000762353 0.0131649 0.0265201 -0.000253821 0.0136832 0.0160242 0.00676227 0.00833026 0.00499667 0.00428952 0.016987 0.0152752 0.0184989 -0.00267071 0.00375882 -0.0276343 0.023638 0.0102829 0.00935367 0.0111815 0.0124813 0.00861646 -0.00645 -0.0277533 0.0043617 0.0103012 -0.00913662 0.0141078 -0.000823293 0.00100652 -0.0190535 0.00257701 0.0123815 0.00182119 0.00967071 -0.0247495 0.00655412 -0.00359813 -0.0281958 -0.00711132 0.00249667 0.0185099 -0.00836777 0.0205819 0.0238957 0.00981544 -0.0102959 -0.00408582 0.0205498 0.0174116 -0.012509 -0.015
internal_weight=34937 17933 17004 10931 6559 6073 7074 4716 1843 2548 2124 3857 3525 3663 1571 1156 4950 3251 1500 1125 1924 1525 925 1976 1699 11374 1673 600 1933 1751 1470 570 999 11282 281 165 1053 537 1493 1072 802 1687 927 905 576 1456 1006 641 9826 1041 1501 905 483 652 977 595 506 535 872 621 553 401
internal_count=34937 17933 17004 10931 6559 6073 7074 4716 1843 2548 2124 3857 3525 3663 1571 1156 4950 3251 1500 1125 1924 1525 925 1976 1699 11374 1673 600 1933 1751 1470 570 999 11282 281 165 1053 537 1493 1072 802 1687 927 905 576 1456 1006 641 9826 1041 1501 905 483 652 977 595 506 535 872 621 553 401
is_linear=0
shrinkage=0.03


Tree=47
num_leaves=63
num_cat=0
split_feature=0 1 0 0 9 0 9 11 9 5 0 6 3 9 9 6 0 9 1 1 9 6 6 9 1 5 10 11 4 0 5 4 3 4 4 5 10 0 11 11 9 6 11 9 9 11 3 9 1 10 6 11 11 5 0 7 5 10 9 11 6 5
split_gain=9822.64 957.474 164.053 133.027 151.832 130.76 118.028 94.6547 81.2941 78.6812 73.3774 61.616 38.3629 36.3711 215.258 35.6018 34.9952 39.8752 33.6198 29.9946 28.926 27.3765 23.9175 23.3915 23.1386 21.6495 21.619 20.1312 18.5142 18.4104 18.1054 16.3317 15.9785 15.6638 15.3037 14.7683 14.7185 14.3086 15.1166 14.2166 13.5193 13.4668 13.2659 12.5036 85.687 16.0124 12.3519 12.2289 11.4628 11.1991 11.2076 10.453 10.2958 10.1149 10.1047 11.8166 10.4588 10.0968 10.3537 18.0819 9.96541 11.3057
threshold=0.03500000000000001 1.1250000000000002 0.27500000000000008 1.0000000180025095e-35 0.37940952255126048 2.3250000000000006 0.91597561503675351 -0.5 0.1294095225512602 0.15000000000000005 1.1150000000000004 0.9919160630702849 0.45000000000000007 0.25881904510252057 0.1294095225512602 0.9919160630702849 0.13500000000000004 -0.12940952255126037 2.3750000000000004 0.53500000000000014 -0.5 0.9919160630702849 0.97587888928342192 0.98296291314453421 1.0000000180025095e-35 0.15000000000000005 1.0000000180025095e-35 0.6830127018922193 0.58333333333333337 0.015000000000000001 0.55000000000000016 0.85833333333333339 0.35000000000000003 0.083333333333333315 0.68285714285714294 0.71666666666666667 -0.5 0.92500000000000016 -0.68301270189221952 0.6830127018922193 -0.5 0.81569335171151025 0.25000000000000017 1.0000000180025095e-35 -0.12940952255126037 1.0000000180025095e-35 0.57500000000000007 -0.70710678118654757 0.095000000000000015 -0.5 0.97587888928342192 0.6830127018922193 -0.68301270189221952 0.63333333333333341 1.1950000000000001 0.96734140093359711 0.083333333333333315 0.25000000000000011 0.60355339059327384 1.0000000180025095e-35 0.42157096156005652 0.71666666666666667
decision_type=2 2 2 2 2 2 2 2 2 2 2 2 2 2 2 2 2 2 2 2 2 2 2 2 2 2 2 2 2 2 2 2 2 2 2 2 2 2 2 2 2 2 2 2 2 2 2 2 2 2 2 2 2 2 2 2 2 2 2 2 2 2
left_child=3 2 16 4 13 7 11 18 29 10 19 27 -9 14 43 -8 17 24 35 28 21 39 -14 33 40 -7 -22 32 -4 -5 -19 57 -6 -17 37 54 -21 -23 -39 60 -2 -27 -28 44 45 -1 -36 -12 -18 -10 -51 -33 -42 -41 -3 56 -56 -13 -59 -60 61 -11
right_child=1 5 9 8 6 25 15 12 49 20 47 31 22 -15 -16 23 48 30 -20 36 26 34 -24 -25 -26 41 42 -29 -30 -31 -32 51 -34 -35 46 -37 -38 38 -40 53 52 -43 -44 -45 -46 -47 -48 -49 -50 50 -52 -53 -54 -55 55 -57 -58 58 59 -61 -62 -63
leaf_value=-0.00015046003578613696 -2.371494199183255e-05 0.0019314542305133031 0.00027972743600329349 -0.00013781423285131006 -0.00013784533965581079 0.0083033032394879674 -0.00013784533965581079 0.0051755149021750118 -6.0492838406949223e-05 0.00060819634215513309 0.0043113471028990566 -0.00013784533965581079 0.0010501162693840589 -0.00013784533965581079 -4.144702372854117e-05 -0.00013784533965581079 6.0005638358799488e-05 0.00028412938140403584 0.0029846242380913491 0.00097454576443398416 1.8012227096444595e-05 0.00033497703565492213 0.0031492626146506593 -0.00013784533965581079 1.9515287501869732e-05 0.0028215234943702833 0.00025212277846724279 -0.00013784533965581079 0.0013462443625529357 -0.00013834057472103466 -4.0108915066557998e-05 -0.00013784533965581079 -0.00013784533965581079 -0.00013784533965581079 0.0032931877385748896 0.00049699468937136507 0.0020507759292137193 0.00016753927899340769 0.0017838231698962569 0.000625575848244549 -4.9642712593884267e-05 0.0047105624193957097 0.001543489498353646 -0.00013784533965581079 9.4647228523846158e-05 -0.00013784533965581079 0.0012013738797519323 0.0012017139794915548 0.00031408601581846371 -4.6415617753798807e-05 0.00018072334098002019 -0.00013784533965581079 -0.00013732174957645609 -0.00015101869931846617 0.0020507884230942268 0.0004681172296817995 0.0012189852844830156 -0.00013784533965581079 -0.00013814266767027994 -0.00013806841097088209 0.00059840967407632714 0.00010805312939136758
leaf_weight=82 195 207 829 329 161 1492 1196 1091 104 216 384 3064 176 1462 619 829 969 390 376 133 704 454 904 1067 312 112 472 477 163 439 269 514 1687 1295 184 312 304 110 595 121 117 1095 88 1320 81 836 672 222 755 81 165 383 359 217 160 162 365 637 641 830 663 372
leaf_count=82 195 207 829 329 161 1492 1196 1091 104 216 384 3064 176 1462 619 829 969 390 376 133 704 454 904 1067 312 112 472 477 163 439 269 514 1687 1295 184 312 304 110 595 121 117 1095 88 1320 81 836 672 222 755 81 165 383 359 217 160 162 365 637 641 830 663 372
internal_value=-0.00375203 0.0128687 0.00717722 -0.0189393 -0.019592 0.0219247 -0.0179338 0.0182925 -0.0089008 0.00982474 0.014779 -0.0158451 0.0223619 -0.0244035 -0.0224566 -0.0219257 0.00174636 -0.00138771 0.0126974 0.0110559 0.00775108 0.00912067 0.0183164 -0.0202538 -0.00521341 0.0269667 0.0038419 -0.0200043 0.0081571 -0.0143563 0.00431818 -0.0142488 -0.0185614 -0.0184094 0.0114435 0.0102403 0.0176027 0.00918103 0.0118555 0.00616981 -0.00834821 0.0239156 0.00823529 -0.0266509 -0.02403 -0.0266376 0.0144924 0.0235255 0.00473043 0.00307692 0.0065587 -0.0180067 -0.0110692 0.000707965 0.0122011 0.0104215 0.0126046 -0.0135937 -0.0119772 -0.0105774 0.00764377 0.00478778
internal_weight=35020 16721 10269 18299 17181 6452 12781 3753 1118 6903 2035 8394 2171 4400 2938 4387 3366 1642 1582 1429 4868 3604 1080 3191 983 2699 1264 2325 992 768 659 6069 1848 2124 2015 1206 437 1159 705 1589 671 1207 560 2319 999 918 856 606 1724 350 246 897 476 338 894 687 525 5172 2108 1471 1251 588
internal_count=35020 16721 10269 18299 17181 6452 12781 3753 1118 6903 2035 8394 2171 4400 2938 4387 3366 1642 1582 1429 4868 3604 1080 3191 983 2699 1264 2325 992 768 659 6069 1848 2124 2015 1206 437 1159 705 1589 671 1207 560 2319 999 918 856 606 1724 350 246 897 476 338 894 687 525 5172 2108 1471 1251 588
is_linear=0
shrinkage=0.03


Tree=48
num_leaves=63
num_cat=0
split_feature=0 8 0 1 6 5 8 8 8 1 11 0 3 3 10 1 0 8 8 3 8 2 0 2 11 3 11 0 8 10 11 8 2 10 3 11 8 8 11 8 2 10 0 8 10 8 8 5 10 5 8 10 8 0 6 5 2 11 3 0 11 4
split_gain=9689.6 2498.02 974.98 180.316 156.853 119.591 85.4952 79.3345 79.3004 57.978 50.233 48.2073 43.9201 43.8726 43.3814 45.1472 40.7887 32.9426 27.0667 34.2784 28.8624 26.9443 26.3585 24.611 22.0079 23.4893 21.3091 21.21 33.7294 28.9525 27.8996 20.9227 19.6262 17.3287 17.323 16.6118 16.311 15.8308 16.6951 15.6445 15.4545 16.6337 15.3272 14.8547 14.7603 14.6078 14.6022 13.9455 13.2471 12.7613 12.7123 11.9911 13.6455 11.8035 11.3198 10.8843 10.6852 10.5574 10.4873 10.3045 9.59282 9.3381
threshold=0.03500000000000001 -1.0000000180025095e-35 1.5150000000000003 0.33500000000000008 0.9919160630702849 0.22500000000000003 -0.37940952255126059 0.78656609248549325 -0.60355339059327362 2.2950000000000004 -0.24999999999999994 0.015000000000000001 0.95000000000000007 0.95000000000000007 0.68301270189221941 1.6650000000000003 0.12500000000000003 -0.91597561503675329 -0.91597561503675329 0.35000000000000003 0.60355339059327384 0.55000000000000016 0.12500000000000003 0.55000000000000016 0.25000000000000017 0.75000000000000011 -0.24999999999999994 0.87500000000000011 0.60355339059327384 0.25000000000000011 0.25000000000000017 0.37940952255126054 0.8500000000000002 1.0000000180025095e-35 0.11666666666666667 -0.5 0.12940952255126045 0.91597561503675362 -0.24999999999999994 0.37940952255126054 1.0000000180025095e-35 1.0000000180025095e-35 2.4750000000000005 -0.60355339059327362 -0.24999999999999994 -0.37940952255126059 1.0000000180025095e-35 0.95000000000000007 0.25000000000000011 0.083333333333333315 -0.91597561503675329 0.93301270189221952 -0.60355339059327362 0.26500000000000007 0.20078576419566965 0.45000000000000007 0.15000000000000005 -0.5 0.62500000000000011 0.58500000000000008 0.93301270189221952 0.29285714285714293
decision_type=2 2 2 2 2 2 2 2 2 2 2 2 2 2 2 2 2 2 2 2 2 2 2 2 2 2 2 2 2 2 2 2 2 2 2 2 2 2 2 2 2 2 2 2 2 2 2 2 2 2 2 2 2 2 2 2 2 2 2 2 2 2
left_child=1 4 3 7 8 17 10 12 21 24 43 36 27 14 15 18 57 -4 40 20 -20 -1 -14 60 42 -26 45 28 29 50 -30 -19 33 -8 -29 -23 49 38 53 -31 -5 59 -7 -6 -32 -10 -21 -24 -45 -3 -2 52 -25 -18 -37 -40 -33 -9 -52 -42 -12 -36
right_child=2 11 5 13 6 9 32 16 26 -11 23 -13 22 -15 -16 -17 37 31 19 46 -22 35 47 51 25 -27 -28 34 30 39 44 56 -34 -35 61 54 -38 -39 55 -41 41 -43 -44 48 -46 -47 -48 -49 -50 -51 58 -53 -54 -55 -56 -57 -58 -59 -60 -61 -62 -63
leaf_value=4.0308388445410536e-05 0.00010229413499298906 -0.00013370997946613648 0.0021469839040029522 -0.00011630914044035878 9.9768394524001424e-05 0.0012309435534710799 -5.0895279427256154e-05 -4.4703725952180262e-05 -9.2449503935487532e-05 0.0043851816353758502 1.9801341663718275e-05 -0.00013438288184347411 -6.3377725361534875e-05 0.00050844019706781343 0.002343885038231758 0.0031050731250710194 0.00036139398755017234 0.0068487186875091661 0.0037505992390568688 0.0017626296025617348 0.00021463414523364505 -2.7186860720646195e-05 0.00010658634538516384 -2.5672993840838111e-05 0.0044172060632312726 0.0016607602133622262 -0.00013683252749857624 0.0015974393663209779 0.00086932972122614842 0.00073668632010053859 0.00027461236510665919 0.0025446684498329941 -0.00013776271349092995 -8.9091098682944792e-06 0.00048594193078508691 -0.0001585405998774671 -0.00013370997946613648 -6.2146026741435222e-05 4.5807592790254726e-05 0.0003197228536239629 0.0010836313191752186 0.00094788034375742325 0.0027327466219791222 -2.9897990265808741e-05 -0.00015217779840941852 -0.00013550840330648148 0.00055308913839620247 0.0004854329133727547 6.0099521584518633e-05 -0.00013370997946613648 0.00045098595734550571 1.9893904834348585e-05 -0.00010895538586234085 0.00018057020243093358 -9.4350334037145454e-05 -0.00018018278319490385 0.0018617737843786514 -0.00011424109980487932 0.00030564432895285751 0.00019307856558327868 -3.5763474497237173e-05 0.0018422002067738147
leaf_weight=167 514 539 194 150 717 763 407 202 209 975 1033 290 394 1587 594 333 93 2785 293 540 91 267 1328 978 296 160 397 186 124 605 108 206 301 346 232 183 9843 280 206 132 212 272 191 231 273 211 333 124 168 941 164 163 297 367 485 87 254 295 226 309 189 256
leaf_count=167 514 539 194 150 717 763 407 202 209 975 1033 290 394 1587 594 333 93 2785 293 540 91 267 1328 978 296 160 397 186 124 605 108 206 301 346 232 183 9843 280 206 132 212 272 191 231 273 211 333 124 168 941 164 163 297 367 485 87 254 295 226 309 189 256
internal_value=-0.00373023 -0.018778 0.0127816 0.00748969 -0.00426222 0.0226918 -0.0013786 0.00412458 -0.0115156 0.0175147 0.000730739 -0.0272128 0.00606814 0.0119109 0.0139738 0.0122534 -0.00180274 0.0262762 0.0106861 0.0135692 0.021039 -0.00625567 0.00246887 -0.00151071 0.0136074 0.0190372 -0.0185941 0.00842255 0.00695855 0.00904385 0.000177866 0.0269963 -0.00892891 -0.00632626 0.0130667 -0.00823718 -0.027523 0.00159574 0.00385942 0.0134553 0.00683263 0.00850126 0.0109948 0.00606983 -0.00384817 -0.0138242 0.0102632 0.00433586 0.001425 -0.0245105 0.00543646 -0.00416956 -0.0051489 0.00741866 -0.0107623 -0.00173469 0.0209544 -0.00885542 0.00951407 0.00534483 0.00161897 0.0100613
internal_weight=35096 18362 16734 10910 6749 5824 4830 6196 1919 2385 3776 11613 4666 4714 3127 2533 1530 3439 2200 1257 384 1102 1846 2660 1410 456 817 2820 2146 1641 505 3245 1054 753 674 935 11323 1033 753 737 943 793 954 1116 381 420 873 1452 399 1480 904 1438 1275 460 668 293 460 497 390 521 1222 488
internal_count=35096 18362 16734 10910 6749 5824 4830 6196 1919 2385 3776 11613 4666 4714 3127 2533 1530 3439 2200 1257 384 1102 1846 2660 1410 456 817 2820 2146 1641 505 3245 1054 753 674 935 11323 1033 753 737 943 793 954 1116 381 420 873 1452 399 1480 904 1438 1275 460 668 293 460 497 390 521 1222 488
is_linear=0
shrinkage=0.03


Tree=49
num_leaves=63
num_cat=0
split_feature=0 8 0 0 6 3 1 9 9 1 8 3 9 8 3 10 9 1 10 5 1 10 10 4 5 9 3 10 5 5 8 6 1 3 8 10 8 9 5 6 8 10 7 5 0 3 4 1 8 4 0 4 9 4 8 4 7 8 8 1 5 0
split_gain=9408.63 2434.88 955.307 199.578 158.8 123.708 88.6877 73.6491 72.5977 65.3136 65.0498 50.8746 37.1367 34.6354 41.6863 29.7582 34.1925 28.2177 25.2176 22.9114 22.7185 21.9392 20.5853 20.1445 17.0179 16.9586 16.6275 15.9617 15.8178 15.5033 14.5438 14.9978 14.3077 14.1187 13.9702 13.5583 13.0831 16.9438 12.7267 12.2874 11.912 11.74 10.987 10.3946 10.1996 9.41006 9.27694 9.19476 8.99654 17.341 10.2557 8.68262 8.65005 8.53672 8.36085 8.47667 9.11478 8.19203 8.10952 7.8954 7.8218 11.2096
threshold=0.025000000000000005 -1.0000000180025095e-35 1.5350000000000004 0.14500000000000005 0.9919160630702849 0.57500000000000007 0.53500000000000014 0.91597561503675351 0.78656609248549303 2.2950000000000004 0.60355339059327384 0.75000000000000011 -0.70710678118654757 0.78656609248549325 0.75000000000000011 0.25000000000000011 -0.70710678118654757 1.0000000180025095e-35 1.0000000180025095e-35 0.55000000000000016 0.025000000000000005 0.25000000000000011 -0.24999999999999994 0.17499999999999996 0.63333333333333341 -0.70710678118654757 0.95000000000000007 0.25000000000000011 0.95000000000000007 0.22500000000000003 -0.37940952255126059 0.39171654935837491 1.9450000000000001 0.62500000000000011 0.12940952255126045 1.0000000180025095e-35 -0.91597561503675329 0.78656609248549303 0.083333333333333315 0.24817607891553481 0.37940952255126054 0.68301270189221941 1.0149612868436317 0.083333333333333315 0.015000000000000001 0.35000000000000003 0.17499999999999996 1.7450000000000003 -0.78656609248549303 0.083333333333333315 1.0000000180025095e-35 0.41666666666666669 -0.70710678118654757 0.68285714285714294 -0.70710678118654735 0.083333333333333315 0.58281840330496826 0.25881904510252091 0.25881904510252091 1.0650000000000002 0.55000000000000016 0.62500000000000011
decision_type=2 2 2 2 2 2 2 2 2 2 2 2 2 2 2 2 2 2 2 2 2 2 2 2 2 2 2 2 2 2 2 2 2 2 2 2 2 2 2 2 2 2 2 2 2 2 2 2 2 2 2 2 2 2 2 2 2 2 2 2 2 2
left_child=1 4 3 10 8 12 13 18 33 21 19 15 40 14 25 16 45 34 22 35 -12 24 36 -9 54 29 58 47 39 -5 31 -10 41 -1 38 -2 -6 51 -3 -16 -4 60 59 -42 -36 -8 -24 -14 50 -50 -20 -38 -26 -41 -7 -56 -57 -23 -11 -18 61 -13
right_child=2 17 5 6 7 9 11 23 30 26 20 32 27 -15 28 -17 42 -19 48 -21 -22 57 46 -25 52 -27 -28 -29 -30 -31 -32 -33 -34 -35 44 -37 37 -39 -40 53 43 -43 -44 -45 -46 -47 -48 -49 49 -51 -52 -53 -54 -55 55 56 -58 -59 -60 -61 -62 -63
leaf_value=1.535571334684814e-06 5.8785915693981768e-05 -0.00012969868008215238 0.0070668446289010346 0.0023255822249679463 -4.5293949018313744e-05 0.00080983761768748275 0.00393655631692451 -2.3604123753312942e-05 -0.0001534400233683921 0.005283949183524983 -0.00010442221587724258 0.0012053806576061191 0.00064456919448677098 5.1559227575962983e-05 5.5072066440241713e-05 0.0027594789206199458 0.0011281211947832281 -6.9714726638299651e-05 -6.4861940380682611e-06 -1.2994700812046268e-05 3.8813332235683276e-05 0.0033164621098357538 -1.0662364136330374e-06 -0.00013684462531637204 0.0014011759308356986 0.00061982718172647001 0.0013257449782433451 0.0040224140656715864 0.00073006930226902781 0.0013466527569249054 -0.00013144315120728703 -0.00012900130750525231 0.0019072438229519716 -0.00010675573126084935 -0.00012969868008215238 0.00028865077956065501 3.3459655769192894e-05 -2.885262872798236e-05 -0.00012969868008215238 0.00019684420110485052 0.0030367251892249539 0.0011678312683186774 0.00020819512087663555 0.0018190115943697164 -0.00013035139538816989 0.00305319212105293 -0.00010061053351612496 0.0022320626581703129 9.2200701884244916e-05 2.6823525203777292e-05 0.0001239028055873654 -7.6527016601340973e-06 -0.00017628227035425685 0.00042932571121706884 0.0026187139878533125 0.0023653149715394976 0.0013604255699094067 0.0019928158457106575 0.0028099238788142655 0.0018857629012874139 0.0004087441294515659 0.00078842495480991172
leaf_weight=210 271 526 2367 309 268 113 134 524 152 780 747 99 109 1015 638 629 295 94 535 595 103 324 138 542 337 1327 80 324 154 304 396 242 197 829 9756 289 623 427 908 956 184 347 179 152 147 195 359 155 451 595 108 201 93 964 128 141 148 105 142 211 955 359
leaf_count=210 271 526 2367 309 268 113 134 524 152 780 747 99 109 1015 638 629 295 94 535 595 103 324 138 542 337 1327 80 324 154 304 396 242 197 829 9756 289 623 427 908 956 184 347 179 152 147 195 359 155 451 595 108 201 93 964 128 141 148 105 142 211 955 359
internal_value=-0.00379609 -0.0188814 0.0122477 0.00719063 -0.00437206 0.022277 0.00904726 -0.00148994 -0.0118852 0.0170694 -0.00139083 0.0127298 0.0260541 0.00670607 0.00780142 0.0166241 0.0134187 -0.0272577 0.000509984 0.00324394 -0.00768508 0.0128417 -0.00175508 -0.00843486 0.0103018 0.0111592 0.0229113 0.0191511 0.00539624 0.0152932 -0.0187358 -0.0145823 0.00945352 -0.00666346 -0.0273937 0.00759358 -1.97368e-05 0.00126997 -0.0245436 0.00483001 0.0275481 0.00858603 0.00957726 0.0220772 -0.0278039 0.0213636 -0.00704819 0.0135849 0.00321302 0.00492837 0.000419255 0.00378182 0.00584687 0.00602811 0.0138983 0.0158612 0.012931 0.0184884 0.024052 0.0118343 0.00736209 0.0105882
internal_weight=34985 18031 16954 11272 6600 5682 9267 4771 1829 2391 2005 3600 3291 5667 4652 1643 1014 11431 3705 1155 850 1389 2016 1066 960 1940 1002 588 2712 613 790 394 1957 1039 11337 560 1519 1251 1434 2558 2703 1760 685 336 9903 329 497 264 1689 1046 643 824 430 1920 530 417 289 429 922 506 1413 458
internal_count=34985 18031 16954 11272 6600 5682 9267 4771 1829 2391 2005 3600 3291 5667 4652 1643 1014 11431 3705 1155 850 1389 2016 1066 960 1940 1002 588 2712 613 790 394 1957 1039 11337 560 1519 1251 1434 2558 2703 1760 685 336 9903 329 497 264 1689 1046 643 824 430 1920 530 417 289 429 922 506 1413 458
is_linear=0
shrinkage=0.03


Tree=50
num_leaves=63
num_cat=0
split_feature=0 8 0 0 6 8 3 9 3 9 9 1 0 8 3 0 10 10 1 8 10 2 10 6 8 1 10 3 8 10 2 9 8 1 1 3 3 0 9 2 7 0 4 10 7 4 7 10 2 2 10 4 1 8 8 4 0 0 10 8 2 10
split_gain=9153.24 2461.92 954.153 183.758 171.895 94.6682 90.2194 75.9825 69.7159 65.4369 61.9178 51.6132 42.1309 41.7814 35.647 29.2656 28.798 27.8813 43.3705 27.077 27.0137 26.0487 23.1511 19.1327 19.1313 18.3209 18.0092 17.3508 22.1605 16.8459 16.4546 15.0668 15.0361 13.7949 13.6283 13.5898 13.4692 13.4447 13.0139 12.2532 12.1862 11.7229 11.1885 11.181 10.124 9.88432 9.46042 9.30683 9.23021 12.358 14.4698 9.11774 8.87884 8.82075 8.65657 9.55461 8.42708 8.1908 9.10183 8.16288 8.07836 7.67663
threshold=0.03500000000000001 -1.0000000180025095e-35 1.6450000000000002 0.45500000000000007 0.9919160630702849 0.37940952255126054 0.57500000000000007 0.78656609248549303 0.75000000000000011 0.91597561503675351 -0.70710678118654757 2.4350000000000005 0.015000000000000001 -0.91597561503675329 0.95000000000000007 0.13500000000000004 0.25000000000000011 1.0000000180025095e-35 0.45250000000000007 -0.91597561503675329 0.25000000000000011 0.55000000000000016 1.0000000180025095e-35 0.38229330116778887 0.12940952255126045 0.32500000000000007 -0.5 0.25000000000000006 0.37940952255126054 0.68301270189221941 0.75000000000000011 -0.12940952255126037 -0.70710678118654735 1.6450000000000002 0.66500000000000015 0.62500000000000011 0.25000000000000006 2.3950000000000005 -0.5 0.15000000000000005 0.62500000000000033 0.78500000000000014 0.73666666666666669 0.25000000000000011 0.98638786951480462 0.60555555555555562 0.94374902206227518 0.93301270189221952 0.55000000000000016 0.25000000000000006 -0.6830127018922193 0.37222222222222229 0.85500000000000009 -0.91597561503675329 0.37940952255126054 0.083333333333333315 0.27500000000000008 1.2050000000000003 -0.6830127018922193 1.0000000180025095e-35 0.55000000000000016 -0.5
decision_type=2 2 2 2 2 2 2 2 2 2 2 2 2 2 2 2 2 2 2 2 2 2 2 2 2 2 2 2 2 2 2 2 2 2 2 2 2 2 2 2 2 2 2 2 2 2 2 2 2 2 2 2 2 2 2 2 2 2 2 2 2 2
left_child=1 4 3 5 9 14 13 19 10 21 27 20 24 -4 16 35 32 38 51 43 54 -1 26 61 -3 56 -9 -5 52 33 -24 -20 48 41 -31 -7 -15 -38 44 -17 -41 -10 -21 -6 57 -28 -33 -36 49 50 -2 -19 -29 -43 55 -8 -16 58 -12 -55 -11 -23
right_child=2 12 6 8 7 15 11 22 29 60 17 -13 -14 36 25 39 -18 18 31 42 -22 23 30 -25 -26 -27 45 28 -30 34 -32 46 -34 -35 47 -37 37 -39 -40 40 -42 53 -44 -45 -46 -47 -48 -49 -50 -51 -52 -53 -54 59 -56 -57 -58 -59 -60 -61 -62 -63
leaf_value=-2.1440818702442212e-06 -0.000454672206331558 -0.0001258077196796878 0.0019846694782190192 0.0034738839502753385 -5.5872721412418765e-05 -0.00011033567384447282 0.002277520161616526 -3.6537825324594568e-05 0.00047636447195102319 -0.00012952673685523905 0.0012684503376115036 0.0045237113366677854 -0.00012644085352652481 0.0067829475585111237 -1.548962500250493e-05 -4.9980498329463705e-05 0.00065257128473683742 0.00011814460745328964 0.0030239126883839945 3.9099908470019324e-05 0.0032885979707342945 -0.00013037188069277956 6.0470886535052106e-06 -0.00011174669133596012 -0.0001258077196796878 0.00044562013281856092 -7.8582712980298919e-05 0.0028281810857633894 0.0012847773538365375 0.00060531699103483683 -7.7795653195418879e-05 0.0012214321219655504 0.0015957111429846242 0.0013611561302209235 0.0017071335094436923 -5.2790389112752396e-05 0.0029865712928648842 0.0057112187300851942 0.00040894639416729715 3.2416289901319709e-05 0.00042393748899317136 -0.0001636667083520915 -5.9921677549019077e-06 8.2873361066472701e-06 0.00022562172788231916 -0.00013649824292413773 0.00091020672068766384 0.00090834030938235805 0.00010572914261886643 0.00073289300555792454 0.00036849479854479927 0.0011570965909335565 0.0040138111698477946 0.00066695821378420978 0.00075337014571851262 0.0015205954924503978 0.00022847086054785076 0.0009276081435416727 0.0013047143657303286 0.00017884366129630776 -0.00012735724508891445 -0.00015062743375482998
leaf_weight=262 101 1494 134 439 486 222 218 726 1031 88 137 854 296 1915 724 163 650 325 348 1659 424 192 639 708 9810 395 224 265 205 375 420 121 119 331 181 522 463 536 528 1130 90 164 396 228 93 106 114 110 428 194 91 81 301 459 111 540 258 153 153 512 313 352
leaf_count=262 101 1494 134 439 486 222 218 726 1031 88 137 854 296 1915 724 163 650 325 348 1659 424 192 639 708 9810 395 224 265 205 375 420 121 119 331 181 522 463 536 528 1130 90 164 396 228 93 106 114 110 428 194 91 81 301 459 111 540 258 153 153 512 313 352
internal_value=-0.00381879 -0.0184158 0.0122557 0.00743877 -0.00408088 0.00317807 0.0229273 -0.00109314 0.0108106 -0.0116962 0.0138879 0.0181983 -0.0268167 0.0262512 0.0066464 -0.00164944 0.00971591 0.0107059 0.0143333 0.0021769 0.0143972 -0.00883168 -0.00537335 -0.0106305 -0.0271101 0.00311321 -0.00851466 0.0192733 0.0165155 0.00763274 -0.00223585 0.0195719 0.00632762 0.0064972 0.0118741 -0.00644295 0.0270051 0.02409 0.00732394 0.000932081 0.0019656 0.00562067 0.0039251 -0.00285315 0.0106145 -0.0143202 0.0136017 0.0167466 0.0048589 0.00821705 0.00279793 0.00678133 0.0195767 0.00351232 0.0113448 0.0124901 0.000915565 0.0125 0.0154639 0.00459877 -0.0224627 -0.0148624
internal_weight=35107 18399 16708 11513 6799 5087 5195 4884 6426 1915 3263 2147 11600 3048 2960 2127 1583 2053 989 2769 1293 1514 2115 1252 11304 1377 1056 1210 771 3163 1059 583 933 2497 666 744 2914 999 1064 1383 1220 2166 2055 714 536 330 235 291 814 386 192 406 566 1135 869 758 982 443 290 971 401 544
internal_count=35107 18399 16708 11513 6799 5087 5195 4884 6426 1915 3263 2147 11600 3048 2960 2127 1583 2053 989 2769 1293 1514 2115 1252 11304 1377 1056 1210 771 3163 1059 583 933 2497 666 744 2914 999 1064 1383 1220 2166 2055 714 536 330 235 291 814 386 192 406 566 1135 869 758 982 443 290 971 401 544
is_linear=0
shrinkage=0.03


Tree=51
num_leaves=63
num_cat=0
split_feature=0 8 0 0 6 3 8 9 3 9 1 11 0 3 6 11 0 0 10 8 11 11 6 11 8 11 8 1 1 8 11 2 11 8 3 3 10 8 10 9 3 3 9 10 0 10 2 9 1 4 10 11 9 9 9 11 1 10 4 8 10 8
split_gain=8961.65 2451.38 969.514 195.613 134.354 83.3762 83.2956 72.4861 72.2216 63.6355 57.9217 48.6658 43.1353 42.0979 37.0583 35.6483 38.2643 34.2755 31.6679 28.5978 27.7609 25.041 26.5318 23.4834 22.1808 19.8216 19.7142 18.8973 17.9984 17.6848 16.3394 17.5411 16.279 31.101 15.7917 15.5137 15.2379 14.9723 13.4836 13.1725 19.2783 12.5486 12.4658 15.1929 12.2581 12.1528 11.9421 12.0434 11.9085 11.5814 11.0691 16.4969 10.4569 10.2385 9.88362 9.50523 9.34982 9.30044 9.15309 8.92594 8.90263 10.6608
threshold=0.03500000000000001 -1.0000000180025095e-35 1.6810000000000003 0.53500000000000014 0.9919160630702849 0.35000000000000003 0.37940952255126054 0.78656609248549303 0.35000000000000003 0.91597561503675351 2.2950000000000004 -0.24999999999999994 0.015000000000000001 0.95000000000000007 0.9919160630702849 1.0000000180025095e-35 1.1050000000000002 0.13500000000000004 0.25000000000000011 -0.91597561503675329 0.25000000000000017 0.6830127018922193 0.38229330116778887 0.93301270189221952 0.37940952255126054 1.0000000180025095e-35 -0.70710678118654735 1.2050000000000003 0.32500000000000007 0.12940952255126045 0.6830127018922193 0.55000000000000016 -0.24999999999999994 0.91597561503675362 0.95000000000000007 0.75000000000000011 0.68301270189221941 -0.37940952255126059 -0.24999999999999994 -0.70710678118654757 0.8500000000000002 0.95000000000000007 0.78656609248549303 0.25000000000000011 1.0850000000000002 -0.24999999999999994 0.65000000000000002 0.78656609248549303 2.2550000000000003 0.17499999999999996 1.0000000180025095e-35 -0.24999999999999994 0.37940952255126048 -0.12940952255126037 -0.12940952255126037 0.25000000000000017 0.41500000000000004 0.25000000000000011 0.58333333333333337 0.37940952255126054 -0.93301270189221908 -0.91597561503675329
decision_type=2 2 2 2 2 2 2 2 2 2 2 2 2 2 2 2 2 2 2 2 2 2 2 2 2 2 2 2 2 2 2 2 2 2 2 2 2 2 2 2 2 2 2 2 2 2 2 2 2 2 2 2 2 2 2 2 2 2 2 2 2 2
left_child=1 4 3 6 7 19 13 21 15 11 25 42 29 18 48 -5 24 -8 26 -4 37 22 36 46 57 -7 -2 38 -15 -3 50 -32 33 34 -19 -27 -1 -9 39 40 -16 -29 -6 -44 -41 -34 60 -48 53 -25 51 -11 -23 -10 -20 -52 -40 -17 -47 -21 -13 -62
right_child=2 12 5 8 9 10 17 20 14 30 -12 23 -14 28 27 16 -18 32 54 59 -22 52 -24 49 -26 35 -28 41 -30 -31 31 -33 45 -35 -36 -37 -38 -39 56 44 -42 -43 43 -45 -46 58 47 -49 -50 -51 55 -53 -54 -55 -56 -57 -58 -59 -60 -61 61 -63
leaf_value=-5.037424671954663e-05 0.00028285377091700749 -0.00012203348808929718 0.0020665726336068905 0.00063654718912416891 9.7515830500397407e-05 0.0016794689709617478 -7.3152391868869501e-05 -0.00012530649239002041 0.0004138571352647541 -0.00015096608393359097 0.0046352397259786004 -3.4392539128310191e-05 -0.00012264762792072906 3.7192833312190905e-06 0.0028293895901845161 0.0028002242520116217 0.003693021725940836 0.00061258651924498081 0.0017252402271629448 0.006809591859544697 -0.00012318458081659491 -8.398081949323585e-05 8.2074638215958933e-06 6.8966307614486999e-07 0.00029614833603074428 0.0042239877529630767 0.0017452263428088294 0.0021279503846009995 0.00035997968552624359 -0.00012203348808929718 -0.00014145205174334236 -0.00013087136903911319 0.00010539111029403636 -4.3803539027874074e-05 0.00022829920700101833 0.0020833007851090201 -0.00014086114572268017 -0.00012507583900971293 0.00061460303607175271 0.00041789255720785234 0.00052175939482938024 0.00091215561277222239 -3.012043793510775e-05 5.9892667519251403e-05 -0.00042340485745066104 -0.00012659962143000104 -9.3238023182781213e-06 -9.864237773677458e-05 0.0024933972401712441 -0.0001090592931061332 -9.1815322337456071e-07 -2.1522709214837494e-05 -0.00015727700040166892 -0.00028965673627542112 0.00046723285658078231 -0.00017402357914556986 0.0013093249749785154 0.0034205653323937943 -4.4866074751272884e-06 0.0022549396834937816 -2.1276635597619225e-05 3.8792191532177262e-05
leaf_weight=256 941 1449 94 588 719 901 728 270 1256 160 1389 172 290 1052 147 175 526 141 265 2004 258 163 405 134 219 323 180 686 506 9873 121 158 341 269 300 168 106 280 519 373 177 161 230 182 137 252 716 219 80 349 352 194 157 82 482 81 609 155 267 273 257 775
leaf_count=256 941 1449 94 588 719 901 728 270 1256 160 1389 172 290 1052 147 175 526 141 265 2004 258 163 405 134 219 323 180 686 506 9873 121 158 341 269 300 168 106 280 519 373 177 161 230 182 137 252 716 219 80 349 352 194 157 82 482 81 609 155 267 273 257 775
internal_value=-0.00371869 -0.018219 0.012131 0.00732501 -0.00378853 0.0229614 0.00337467 -0.0105538 0.0111628 -0.00112656 0.0194213 0.000711241 -0.0265616 0.0063379 0.00907521 0.0164603 0.0197119 -0.00104393 0.009374 0.0271037 -0.0173548 -0.00548713 -0.00253906 -0.0015326 0.0141273 0.0150754 0.00617647 0.0110712 0.00269403 -0.0268551 -0.00759138 -0.0138214 0.0014513 0.00481013 0.00970588 0.019939 -0.00842975 -0.0135027 0.00944473 0.00653892 0.0112615 0.0148231 0.00590989 0.00174334 0.0035225 -0.00132404 -0.000182243 -0.00272436 0.00511628 -0.0075 -0.00536802 -0.00929577 -0.0125234 0.00443615 0.0141578 -0.00214286 0.0115855 0.0190332 -0.00421154 0.0277744 0.00179253 0.00284608
internal_weight=35092 18326 16766 11614 6714 5152 5724 1895 5890 4819 2781 3753 11612 3426 4227 1663 1075 2298 1868 2371 808 1087 767 2622 549 1392 1121 2809 1558 11322 1066 279 1570 710 441 491 362 550 1962 834 324 847 1131 412 510 860 2139 935 1418 483 787 354 320 1338 747 433 1128 330 519 2277 1204 1032
internal_count=35092 18326 16766 11614 6714 5152 5724 1895 5890 4819 2781 3753 11612 3426 4227 1663 1075 2298 1868 2371 808 1087 767 2622 549 1392 1121 2809 1558 11322 1066 279 1570 710 441 491 362 550 1962 834 324 847 1131 412 510 860 2139 935 1418 483 787 354 320 1338 747 433 1128 330 519 2277 1204 1032
is_linear=0
shrinkage=0.03


Tree=52
num_leaves=63
num_cat=0
split_feature=0 8 0 0 6 5 8 5 8 11 8 1 0 8 6 8 1 11 6 5 1 11 3 11 10 8 8 11 10 8 2 11 6 1 7 11 0 5 11 7 8 11 10 3 1 2 10 0 8 1 6 0 8 7 1 2 8 2 1 5 0 2
split_gain=8741.9 2318.3 975.885 183.407 150.591 109.067 94.1346 83.3699 66.2435 55.8346 49.475 46.2364 42.177 38.3336 32.672 30.1183 29.9219 29.4794 28.3688 27.5241 24.1956 23.7257 25.5992 23.1566 22.8803 19.4256 18.4225 18.4037 18.4476 21.3821 18.2438 18.1661 18.329 17.8035 16.6033 15.7337 15.5501 15.0582 14.6298 14.5954 14.4803 14.241 14.2208 18.7895 14.0225 13.9559 13.4153 13.3969 13.2839 13.2198 12.9654 12.9209 13.4298 13.0196 12.3941 12.1387 12.0404 11.7914 11.3102 14.2124 11.2557 10.5393
threshold=0.025000000000000005 -1.0000000180025095e-35 1.6950000000000001 0.37500000000000006 0.9919160630702849 0.22500000000000003 0.37940952255126054 0.22500000000000003 -0.70710678118654735 0.93301270189221952 0.60355339059327384 2.6150000000000007 0.10500000000000002 -0.37940952255126059 0.9919160630702849 -0.91597561503675329 1.0000000180025095e-35 0.6830127018922193 0.3092927124857357 0.15000000000000005 0.7350000000000001 1.0000000180025095e-35 0.75000000000000011 1.0000000180025095e-35 0.25000000000000011 0.12940952255126045 0.37940952255126054 0.25000000000000017 1.0000000180025095e-35 -0.78656609248549303 0.55000000000000016 0.25000000000000017 0.39171654935837491 0.23500000000000001 1.0149612868436317 0.25000000000000017 2.0950000000000002 0.22500000000000003 1.0000000180025095e-35 0.69509460789675181 -0.60355339059327362 -0.5 0.68301270189221941 0.083333333333333315 2.2150000000000003 0.8500000000000002 0.68301270189221941 1.0000000180025095e-35 0.37940952255126054 0.025000000000000005 0.81569335171151025 1.1050000000000002 0.37940952255126054 0.97916618598191141 0.44166666650000003 0.25000000000000006 0.91597561503675362 0.25000000000000006 1.7250000000000003 0.63333333333333341 0.64500000000000013 0.45000000000000007
decision_type=2 2 2 2 2 2 2 2 2 2 2 2 2 2 2 2 2 2 2 2 2 2 2 2 2 2 2 2 2 2 2 2 2 2 2 2 2 2 2 2 2 2 2 2 2 2 2 2 2 2 2 2 2 2 2 2 2 2 2 2 2 2
left_child=1 4 3 6 8 15 19 10 17 13 21 23 49 27 44 -4 25 18 41 42 35 34 51 36 58 37 -17 28 57 46 61 32 -10 -21 54 -16 -7 -3 56 -25 -11 -1 43 -2 -9 -15 -30 -27 -37 -8 -38 52 53 -23 -5 -28 -14 -6 -22 -60 -12 -29
right_child=2 16 5 7 9 11 12 14 31 40 60 -13 38 45 20 26 -18 -19 -20 33 24 22 -24 39 -26 47 55 30 29 -31 -32 -33 -34 -35 -36 48 50 -39 -40 -41 -42 -43 -44 -45 -46 -47 -48 -49 -50 -51 -52 -53 -54 -55 -56 -57 -58 -59 59 -61 -62 -63
leaf_value=-5.4221260904147843e-05 3.9560304640983561e-06 -0.00011837248344661827 0.0018565871012266781 0.00032855314227524577 -5.6783393015193518e-05 0.00079833691777803605 -0.00011410990473893037 0.00029523710660540507 -0.00012151400475694766 -5.987744204637594e-05 6.7146847616168575e-05 0.0045826583689238766 0.00020441261326737331 -2.1407381381253184e-05 0.00025855321277158975 0.0062989891269044813 -5.4443120313123193e-05 -0.00015445704395342799 6.1102624321399898e-06 7.018152675251354e-05 0.00083611727435310311 0.0029397311131954193 0.00097698668597714054 0.0026438569085887103 0.0020262004382593018 -0.00011837248344661827 0.0025318490882632453 4.5857245509562522e-06 0.00011502161635840521 8.4656899873748715e-05 -2.6931081589095882e-05 -0.00012043580317538275 -0.00011785517485153366 0.00044006990464527695 -5.7287001156458917e-05 0.0014394335876145743 0.00079513814043974114 -0.00011837248344661827 -5.3373398454626287e-05 0.0043991600407256607 -0.00012860767672908885 -0.00014605880558266751 0.00052784616930382736 0.00046846134662117034 0.0023855449372792098 -0.0001269452279679398 -1.8891562092349241e-05 -0.00011877567471903666 0.00039370405049743581 2.7120399609481035e-05 0.0022992563759648378 0.0035762885377535855 0.00036067350910913982 0.0025304089774054054 0.0014266990493299121 0.0013714602658817332 -1.6453642311716337e-05 1.7274853214786987e-05 0.0028366577987830976 0.00094941584172123113 0.00034710472207482353 8.755044578714018e-05
leaf_weight=158 152 667 115 105 191 332 596 1727 250 396 232 640 400 678 736 2607 89 299 434 1390 596 380 185 181 415 9472 209 637 90 695 784 266 289 688 80 543 111 796 579 296 200 150 188 281 90 260 210 389 230 83 453 551 94 89 545 119 291 499 129 95 551 101
leaf_count=158 152 667 115 105 191 332 596 1727 250 396 232 640 400 678 736 2607 89 299 434 1390 596 380 185 181 415 9472 209 637 90 695 784 266 289 688 80 543 111 796 579 296 200 150 188 281 90 260 210 389 230 83 453 551 94 89 545 119 291 499 129 95 551 101
internal_value=-0.00368705 -0.0182757 0.0116839 0.00702961 -0.00410291 0.022731 0.0023618 0.00997152 -0.0113698 -0.00127162 0.0140348 0.0172939 -0.00266154 -3.61795e-05 0.00746383 0.0263127 -0.0264544 -0.00636276 -0.00314939 0.00598889 0.00953005 0.0165074 0.0189462 0.0141703 0.0126456 -0.0265907 0.026904 0.00152431 0.00368327 0.00629518 -0.00086671 -0.0178288 -0.0146111 0.004329 0.0121477 0.00697351 0.0113043 -0.0232992 0.000566483 0.0195188 -0.00984925 -0.0100971 0.0115273 0.0085023 0.00433993 -0.00536741 -0.000398671 -0.0270767 0.00996124 -0.00869118 0.0143363 0.0206637 0.0173936 0.0194681 0.0137327 0.0200608 0.00351156 -8.68307e-05 0.00971985 0.0154667 0.0076148 0.00251691
internal_weight=35084 18000 17084 12021 6587 5063 4648 7373 1846 4741 2812 2013 1949 4145 4561 3050 11413 1041 742 2699 2744 2029 1299 1373 1235 11324 2935 3207 1685 995 1522 805 539 2078 730 1509 896 1463 1270 477 596 308 621 433 1817 938 300 9861 773 679 564 1114 563 469 650 328 691 690 820 224 783 738
internal_count=35084 18000 17084 12021 6587 5063 4648 7373 1846 4741 2812 2013 1949 4145 4561 3050 11413 1041 742 2699 2744 2029 1299 1373 1235 11324 2935 3207 1685 995 1522 805 539 2078 730 1509 896 1463 1270 477 596 308 621 433 1817 938 300 9861 773 679 564 1114 563 469 650 328 691 690 820 224 783 738
is_linear=0
shrinkage=0.03


Tree=53
num_leaves=63
num_cat=0
split_feature=0 8 0 1 6 5 8 5 1 5 9 9 11 10 11 11 0 8 2 1 6 1 1 11 0 8 11 2 6 11 8 10 9 11 0 0 2 10 11 8 10 8 5 8 1 7 11 0 11 8 8 2 0 1 1 2 2 0 0 11 10 10
split_gain=8450.87 2317.73 953.092 178.236 122.711 118.581 81.5685 59.1596 59.0594 56.4025 54.4782 53.4613 50.2902 40.8117 36.9636 36.6353 36.1625 27.0217 26.7027 25.2645 23.9187 23.5351 23.2547 22.428 22.0671 28.272 20.7031 18.9058 18.6285 18.5668 18.1373 17.3735 16.8593 16.4918 16.1173 15.6527 15.4636 15.3105 14.9271 14.5818 13.9128 13.74 13.5842 13.5703 13.2662 12.55 12.4323 12.0627 11.182 23.0703 10.4089 10.3516 9.95935 9.93037 9.85899 9.85561 9.78202 9.63116 9.30213 8.71365 12.6307 7.99045
threshold=0.025000000000000005 -1.0000000180025095e-35 1.6250000000000002 0.48250000000000004 0.96010100249940655 0.15000000000000005 0.78656609248549325 0.15000000000000005 2.5050000000000003 0.55000000000000016 0.78656609248549303 0.78656609248549303 0.25000000000000017 -0.24999999999999994 0.6830127018922193 -0.24999999999999994 0.115 -0.91597561503675329 0.55000000000000016 1.0000000180025095e-35 0.9919160630702849 1.7250000000000003 0.015000000000000001 0.25000000000000017 0.85500000000000009 0.37940952255126054 0.6830127018922193 0.55000000000000016 0.55160846378518025 0.93301270189221952 0.37940952255126054 0.25000000000000011 -0.9159756150367534 0.25000000000000017 2.3850000000000002 0.13500000000000004 0.55000000000000016 0.68301270189221941 0.25000000000000017 0.12940952255126045 0.68301270189221941 -0.37940952255126059 0.22500000000000003 -0.91597561503675329 1.2250000000000003 0.21529843976777943 0.25000000000000017 2.3950000000000005 -0.68301270189221952 0.37940952255126054 0.25881904510252091 0.25000000000000006 0.015000000000000001 1.2250000000000003 0.6150000000000001 0.75000000000000011 0.8500000000000002 2.1950000000000007 0.065000000000000016 1.0000000180025095e-35 0.25000000000000011 1.0000000180025095e-35
decision_type=2 2 2 2 2 2 2 2 2 2 2 2 2 2 2 2 2 2 2 2 2 2 2 2 2 2 2 2 2 2 2 2 2 2 2 2 2 2 2 2 2 2 2 2 2 2 2 2 2 2 2 2 2 2 2 2 2 2 2 2 2 2
left_child=1 4 3 6 11 17 7 24 12 13 15 26 34 21 31 61 22 -4 -16 39 29 43 -8 41 25 37 28 -18 56 35 -19 46 -22 -26 48 -9 -17 51 -33 42 53 -13 -3 -5 -14 -37 -12 -10 49 -7 -45 -2 -41 -11 -32 -50 -1 -56 -34 -15 -61 -6
right_child=2 19 5 9 10 8 16 20 47 40 14 23 44 59 18 36 27 30 -20 -21 32 -23 -24 -25 33 -27 -28 -29 -30 -31 54 38 58 -35 -36 45 -38 -39 -40 52 -42 -43 -44 50 -46 -47 -48 -49 55 -51 -52 -53 -54 -55 57 -57 -58 -59 -60 60 -62 -63
leaf_value=-1.7931871088155866e-05 0.00014714189050417368 -0.00011482130894321972 0.0020195282336632312 0.0006235145422861224 3.7752881311038464e-05 0.0012175456556539315 -0.00011446679911276257 -4.5405911104980757e-05 0.0024109268413684466 0.00030758859562023496 -4.8867124546330929e-05 -0.00012987107054590461 0.0028206544609215688 0.0011159384701340592 -4.0248730283657519e-05 1.2681279091910826e-05 -3.3283999854733065e-05 0.0065289849684674085 -0.00012390865388693144 -5.5671034552172073e-05 0.001761759526908453 0.002754718616613778 3.8726216135390714e-05 -0.00011682272908012127 0.00045034461560160217 -2.4384474385291119e-05 -0.00014375568752096241 0.00010620994954456578 7.7779320339838205e-06 -0.00030896688094720715 0.0024297126706491735 1.837514263704705e-05 -3.6287355737238156e-05 0.0021687567542841061 0.0022697581541136673 0.00021442305878119906 -2.1714752376243002e-05 0.00067174672420660178 -0.00011765492826497359 -0.00011482130894321972 0.0011384639638366894 -0.0001163912089025636 -0.00011482130894321972 0.001900057534149488 0.0041443032359550032 -0.00010741381668726908 2.6819977474976195e-06 0.0046538298669958284 0.0015916421312167164 -0.00073042704809250455 0.00022211494242580871 0.00056527752949559504 -0.00011540492884153608 0.0010559720240627642 0.0011423301781151587 0.00078219990589061981 -0.00013658612525136956 0.0020683670700369955 0.0003626944557185189 0.0020906404427526045 0.0031816305671825075 9.1127621596216675e-05
leaf_weight=126 234 663 120 366 264 256 488 485 239 928 657 241 151 574 252 896 570 2144 356 94 328 152 84 228 189 230 252 551 279 156 167 540 206 212 361 1374 1170 198 177 9696 339 237 791 344 424 190 207 735 322 81 146 320 148 546 80 150 270 80 1696 254 538 458
leaf_count=126 234 663 120 366 264 256 488 485 239 928 657 241 151 574 252 896 570 2144 356 94 328 152 84 228 189 230 252 551 279 156 167 540 206 212 361 1374 1170 198 177 9696 339 237 791 344 424 190 207 735 322 81 146 320 148 546 80 150 270 80 1696 254 538 458
internal_value=-0.00385422 -0.0181803 0.0113093 0.00652363 -0.0040478 0.021849 0.00375799 0.00544423 0.0174596 0.0114828 -0.0017055 -0.0111812 0.0141409 0.0145263 -0.00524658 0.00107565 -0.0020366 0.0264468 -0.0115271 -0.0263794 0.00375338 0.00993062 -0.00816754 -0.0173975 0.0108598 0.00842319 -0.00643319 0.00109626 -0.00368343 0.00153672 0.0271238 -0.00282554 0.00594352 0.016791 0.0105551 0.00229756 -0.00095791 0.0112351 0.000626741 -0.0265085 0.00749173 -0.0136534 -0.0236289 0.00798133 0.0214062 0.00375719 -0.00568786 0.0233846 0.00818519 0.00399408 0.0112424 0.00864865 -0.0269314 0.00622373 0.0203963 0.0111628 -0.00785894 0.0149068 0.00485549 0.0179078 0.0199748 0.00688797
internal_weight=35010 18002 17008 11698 6610 5310 7511 5818 2719 4187 4977 1633 1745 2374 2189 2788 1693 2591 608 11392 4435 1008 572 706 1383 982 927 1121 675 2205 2471 1581 2230 401 1170 2049 2066 752 717 11298 1813 478 1454 856 575 1564 864 974 809 337 490 554 9844 1474 327 472 396 160 1902 1366 792 722
internal_count=35010 18002 17008 11698 6610 5310 7511 5818 2719 4187 4977 1633 1745 2374 2189 2788 1693 2591 608 11392 4435 1008 572 706 1383 982 927 1121 675 2205 2471 1581 2230 401 1170 2049 2066 752 717 11298 1813 478 1454 856 575 1564 864 974 809 337 490 554 9844 1474 327 472 396 160 1902 1366 792 722
is_linear=0
shrinkage=0.03


Tree=54
num_leaves=63
num_cat=0
split_feature=1 9 1 9 9 9 9 9 11 3 9 5 4 3 9 11 5 10 9 3 10 7 6 3 9 10 10 1 1 5 10 11 9 11 10 7 10 9 11 1 10 9 1 11 1 10 11 9 11 6 2 9 11 3 6 2 3 5 7 2 1 11
split_gain=6442.62 1577.73 619.953 141.316 183.46 250.505 181.12 116.937 213.508 113.695 112.858 91.4672 68.1156 63.2196 51.2169 48.6703 47.5264 44.7365 40.6802 37.5513 37.2392 33.5875 29.4261 28.6671 28.6607 32.0818 28.1623 25.6569 24.2816 23.7693 22.7217 25.257 36.2062 21.6178 20.7222 20.4846 20.401 20.2758 19.4944 18.7256 17.5907 16.591 16.2706 37.8909 15.6654 15.6153 14.8685 19.7729 14.6971 13.577 13.3179 12.6209 12.5639 11.2402 11.167 13.9601 10.6521 10.6413 10.4882 10.0945 17.3338 10.0562
threshold=0.03500000000000001 -0.5 1.8450000000000004 1.0000000180025095e-35 0.1294095225512602 0.25881904510252057 0.37940952255126048 -0.12940952255126037 1.0000000180025095e-35 0.57500000000000007 0.78656609248549303 0.22500000000000003 0.058333333333333307 0.45000000000000007 -0.37940952255126015 1.0000000180025095e-35 0.35000000000000003 0.25000000000000011 -0.70710678118654757 0.95000000000000007 0.68301270189221941 0.42863392075990508 0.9919160630702849 0.95000000000000007 -0.37940952255126015 -0.24999999999999994 0.93301270189221952 0.85500000000000009 2.6150000000000007 0.15000000000000005 -0.5 0.25000000000000017 -0.9159756150367534 0.6830127018922193 0.25000000000000011 0.67612959944321338 -0.5 0.98296291314453421 1.0000000180025095e-35 0.28500000000000009 -0.6830127018922193 0.98296291314453421 2.6050000000000004 -0.5 0.54500000000000015 -0.6830127018922193 0.6830127018922193 -0.9159756150367534 0.25000000000000017 0.84272314683140503 0.75000000000000011 -0.78656609248549325 -0.5 0.35000000000000003 0.89949949310841004 0.55000000000000016 0.95000000000000007 0.083333333333333315 0.87401702351982491 0.95000000000000007 0.7350000000000001 0.93301270189221952
decision_type=2 2 2 2 2 2 2 2 2 2 2 2 2 2 2 2 2 2 2 2 2 2 2 2 2 2 2 2 2 2 2 2 2 2 2 2 2 2 2 2 2 2 2 2 2 2 2 2 2 2 2 2 2 2 2 2 2 2 2 2 2 2
left_child=1 13 9 7 -5 20 -7 8 14 15 16 42 37 18 54 36 50 39 46 28 -6 59 48 -22 25 -10 -27 34 38 -9 51 -32 -33 41 35 -17 -2 -12 -13 -11 -18 -24 43 -4 58 -20 -1 -48 -14 -42 53 56 57 -8 -3 -56 -15 -16 -38 -19 -61 -51
right_child=2 3 11 4 5 6 10 29 24 17 12 19 22 30 52 27 40 21 45 -21 23 -23 33 -25 -26 26 -28 -29 -30 -31 31 32 -34 -35 -36 -37 44 -39 -40 -41 49 -43 -44 -45 -46 -47 47 -49 -50 61 -52 -53 -54 -55 55 -57 -58 -59 -60 60 -62 -63
leaf_value=0.002903465883681215 0.00020996638202431527 -8.9822210911682509e-05 0.0019774323455159369 -0.00011137666967492314 -4.358547370322218e-05 -0.00011137666967492314 -0.00011159974098999443 0.00038249239970261309 -5.5239684472321443e-05 7.7374303747308049e-06 -0.00011137666967492314 0.0016430844931828025 -0.00011137666967492314 0.0023447515139602602 2.1771730671446448e-05 0.0019838090487194144 -0.00011137666967492314 0.00067216535196780013 0.0011454027482209405 0.0010393132533550488 0.00022236766374956991 0.0012890067065814931 -0.00011137666967492314 -7.9042093543436377e-05 -0.00011137666967492314 -0.00011291416592102313 -8.0034433346608163e-05 0.0035656917862797832 0.0043214158444961582 -3.1748312526053446e-05 0.00036765640539399485 0.0007684662714553971 -0.0001334030563303769 -0.00011137666967492314 0.0023590477910677672 8.7406211202535329e-05 0.00053021021263626659 -0.00011137666967492314 0.0039725993226066882 0.0004328228006719398 -0.00011137666967492314 -0.00011137666967492314 0.0070805335281201665 0.0053270782528417821 0.0012542924297139259 0.00013147180261890052 0.0040521973886050089 0.000724369816826929 -0.00011137666967492314 -0.00011137666967492314 -0.00011137666967492314 0.00030830422123258192 -0.00012361292492133952 -9.0516185676217035e-05 -1.8347487877890081e-05 0.0003334241905039617 0.00040460803602816937 -0.00011213346753008728 -5.5310321872946432e-05 0.00011441122134897174 0.0010759767410934669 -0.00011137666967492314
leaf_weight=304 367 159 389 1475 647 1452 1670 170 205 839 1911 563 1130 174 94 235 649 591 119 232 226 697 1706 86 810 369 120 712 649 372 474 196 468 1075 283 155 86 471 308 2589 685 425 1422 814 326 324 131 130 610 1312 646 239 227 676 192 232 109 314 81 623 130 220
leaf_count=304 367 159 389 1475 647 1452 1670 170 205 839 1911 563 1130 174 94 235 649 591 119 232 226 697 1706 86 810 369 120 712 649 372 474 196 468 1075 283 155 86 471 308 2589 685 425 1422 814 326 324 131 130 610 1312 646 239 227 676 192 232 109 314 81 623 130 220
internal_value=-0.00396199 -0.0132806 0.013767 -0.0161263 -0.0172202 -0.0162617 -0.0172348 -0.0104012 -0.0129343 0.00864809 -0.016125 0.0227844 -0.0186083 0.00840764 -0.00359311 0.0143321 -0.0130159 0.00631261 0.014331 0.0174558 -0.00140625 0.0098286 -0.0206186 0.00709265 -0.0204917 -0.0159712 -0.0201429 0.0178139 0.0191716 0.00232044 0.00480433 0.00242318 -0.00135338 -0.0188962 0.0135757 0.00905371 0.0087108 -0.0144272 0.0158601 0.00421697 -0.0157796 -0.0171248 0.0263328 0.023696 0.0126923 0.0075 0.0196643 0.014313 -0.0237794 -0.0170559 -0.0103642 0.00998088 -0.00948113 -0.0093055 0.00282534 0.00536471 0.0142606 -0.00630807 0.00517857 0.00704833 0.00473475 -0.0154599
internal_weight=35095 23004 12091 20336 17072 15597 14638 3264 2722 7714 13186 4377 7328 2668 1218 2245 5858 5469 1008 1752 959 2041 4946 312 1504 694 489 1385 1520 542 1660 1138 664 3206 673 390 860 2382 871 3428 2866 2131 2625 1203 493 443 565 261 1740 2217 2992 522 635 2346 583 424 283 408 167 1344 753 1532
internal_count=35095 23004 12091 20336 17072 15597 14638 3264 2722 7714 13186 4377 7328 2668 1218 2245 5858 5469 1008 1752 959 2041 4946 312 1504 694 489 1385 1520 542 1660 1138 664 3206 673 390 860 2382 871 3428 2866 2131 2625 1203 493 443 565 261 1740 2217 2992 522 635 2346 583 424 283 408 167 1344 753 1532
is_linear=0
shrinkage=0.03


Tree=55
num_leaves=63
num_cat=0
split_feature=0 8 1 0 6 3 3 8 11 8 3 11 8 0 0 8 3 10 1 11 8 8 8 8 10 8 11 8 8 10 3 1 11 6 0 1 2 11 6 4 8 1 8 7 10 8 11 10 10 8 10 3 11 10 0 0 10 4 1 0 10 11
split_gain=8074.06 2400.39 903.229 173.599 119.939 112.675 110.035 76.0124 68.4636 53.1057 46.3426 42.7672 41.1334 40.8062 40.2195 36.9618 30.7575 32.9685 30.1746 29.5719 32.5811 28.6894 28.1425 27.1294 24.6152 23.0521 22.9298 20.5811 20.373 20.3495 20.2066 20.0306 19.6852 17.6492 16.8761 16.3577 15.2369 15.0485 18.1619 14.3974 13.9101 13.5399 13.3391 13.0626 12.9024 12.6234 12.5232 16.7165 12.1261 13.6894 11.7927 11.4642 11.4352 10.7093 10.4874 10.1992 11.6859 9.92844 12.6701 9.88 9.62714 10.6147
threshold=0.025000000000000005 -1.0000000180025095e-35 1.6250000000000002 0.6150000000000001 0.81569335171151025 0.75000000000000011 0.57500000000000007 0.60355339059327384 0.93301270189221952 -0.60355339059327362 0.95000000000000007 1.0000000180025095e-35 -0.37940952255126059 1.1450000000000002 0.115 -0.91597561503675329 0.95000000000000007 0.25000000000000011 1.0000000180025095e-35 -0.24999999999999994 0.91597561503675362 0.37940952255126054 0.37940952255126054 -0.60355339059327362 1.0000000180025095e-35 0.37940952255126054 -0.24999999999999994 0.12940952255126045 -0.70710678118654735 -0.24999999999999994 0.25000000000000006 2.6150000000000007 1.0000000180025095e-35 0.9919160630702849 1.0000000180025095e-35 0.53500000000000014 0.65000000000000002 1.0000000180025095e-35 0.71597015982097678 0.058333333333333307 -0.37940952255126059 1.0000000180025095e-35 0.37940952255126054 0.54198918257745177 1.0000000180025095e-35 -0.70710678118654735 0.25000000000000017 -0.24999999999999994 0.93301270189221952 -0.60355339059327362 0.25000000000000011 0.25000000000000006 -0.9330127018922193 -0.6830127018922193 2.2850000000000006 2.3250000000000006 1.0000000180025095e-35 0.58333333333333337 0.22400000000000003 0.38500000000000006 1.0000000180025095e-35 -0.68301270189221952
decision_type=2 2 2 2 2 2 2 2 2 2 2 2 2 2 2 2 2 2 2 2 2 2 2 2 2 2 2 2 2 2 2 2 2 2 2 2 2 2 2 2 2 2 2 2 2 2 2 2 2 2 2 2 2 2 2 2 2 2 2 2 2 2
left_child=1 4 3 7 9 11 15 16 12 46 22 24 26 21 41 -4 17 28 27 20 52 50 29 -10 43 39 44 -3 57 31 -15 -8 40 -14 53 37 -28 38 -18 -17 -11 -9 -19 -5 51 -41 -1 -48 49 -38 -13 -6 -16 -29 -27 56 -7 58 -2 -60 61 -37
right_child=2 18 6 5 8 55 10 14 23 32 -12 13 33 30 19 25 35 42 -20 -21 -22 -23 -24 -25 -26 54 36 34 -30 -31 -32 -33 -34 -35 -36 60 48 -39 -40 45 -42 -43 -44 -45 -46 -47 47 -49 -50 -51 -52 -53 -54 -55 -56 -57 -58 -59 59 -61 -62 -63
leaf_value=-4.2190132210457887e-05 3.3218047863801999e-05 -0.00010803536958467545 0.001752527061097831 0.0010220611169377497 -5.7983006658652779e-05 0.00028923470940689225 0.0017310878475421964 -9.7044192762306701e-05 -6.3914585034203128e-05 -0.00012875986880044832 0.0008911989714687924 0.0025714323886708722 -0.00011024971378750123 0.0035308712882683177 0.00071972070240081338 0.0064038503876101167 4.8547197517632297e-05 0.00061643911285574936 -4.8677809298353052e-05 -6.5341999659551464e-05 -2.9445817543438875e-05 0.00031052183678723755 0.00027632713615505705 -0.00011232408085740025 0.00083359652048541543 0.00079696015864527345 1.4372821528729519e-05 -0.00010803536958467545 0.0011633696637229245 0.0040455024528926117 0.002810563927122001 0.0037646288757550543 -0.00011080894630232227 -3.0626420132294359e-05 -0.0001084089565219718 -0.00017418773295643222 -1.3202253648698733e-05 -3.3852856127053779e-05 0.00034897896575291823 0.0015157404315567784 -0.00010944840764807658 2.305881252543309e-05 9.3520525722221994e-05 5.3220716566471092e-05 6.0369785841368585e-05 0.0046456622387982156 -2.2998182313623121e-05 -0.00012919809998830241 2.6720558640470903e-05 -0.00010130378543438327 0.0028628853960672189 2.1936116810157912e-05 0.00025415765521118666 -0.00010803536958467545 0.0022051355793360158 0.0017952905958444198 0.00060271826701663257 -5.8118718230517651e-05 0.0010536186852042068 0.00062992544683811407 0.00068529277150140714 0.00053169925561880244
leaf_weight=439 406 1471 152 373 82 1217 573 602 443 179 350 298 116 539 96 1673 652 853 101 714 305 292 106 238 618 107 1267 2343 278 848 415 344 194 960 389 82 740 792 240 93 187 94 84 279 753 732 102 144 155 237 253 398 351 7159 84 97 1087 278 160 243 187 82
leaf_count=439 406 1471 152 373 82 1217 573 602 443 179 350 298 116 539 96 1673 652 853 101 714 305 292 106 238 618 107 1267 2343 278 848 415 344 194 960 389 82 740 792 240 93 187 94 84 279 753 732 102 144 155 237 253 398 351 7159 84 97 1087 278 160 243 187 82
internal_value=-0.00389273 -0.0178445 0.0109342 0.00643967 -0.00348154 0.0103785 0.0215564 0.00312462 -0.00154174 -0.01187 0.0165392 0.0141884 -0.000254831 0.0171691 -0.00147018 0.0254715 0.00541494 0.00778984 -0.0261558 0.00134969 0.00549801 0.0123341 0.0184135 -0.0104252 0.00996066 0.0262862 0.00127168 -0.0263012 0.00480966 0.0193148 0.0214241 0.0161765 -0.0187166 -0.0054039 -0.0268004 0.00272593 -0.0004375 0.00149555 0.00416573 0.0270588 -0.0145504 -0.00740316 0.0121215 0.00588055 0.00459481 0.0237167 -0.00625364 -0.0116599 -0.00296558 -0.00420245 0.0163587 0.000748441 0.0106473 -0.0270546 0.0160938 0.00550791 0.00510195 0.00295037 0.00462963 0.00839109 0.00860795 0.00327273
internal_weight=35126 18097 17029 11967 6634 5468 5062 6499 5389 1245 2221 3067 4708 1797 2162 2841 4337 2302 11463 1466 752 843 1871 681 1270 2689 3632 11362 1365 1765 954 917 560 1076 9891 2035 2399 1684 892 2498 366 696 937 652 1233 825 685 246 1132 977 551 480 447 9502 191 2401 2304 1087 809 403 351 164
internal_count=35126 18097 17029 11967 6634 5468 5062 6499 5389 1245 2221 3067 4708 1797 2162 2841 4337 2302 11463 1466 752 843 1871 681 1270 2689 3632 11362 1365 1765 954 917 560 1076 9891 2035 2399 1684 892 2498 366 696 937 652 1233 825 685 246 1132 977 551 480 447 9502 191 2401 2304 1087 809 403 351 164
is_linear=0
shrinkage=0.03


Tree=56
num_leaves=63
num_cat=0
split_feature=0 8 0 1 5 6 3 0 9 1 8 9 4 1 0 9 8 8 8 5 0 7 5 9 2 5 5 2 5 8 1 1 8 5 3 8 8 0 4 5 5 8 6 2 9 0 3 6 8 2 9 1 6 4 3 4 7 0 1 7 1 0
split_gain=7784.36 2450.18 898.916 158.365 140.528 133.566 73.9512 70.8585 56.6286 56.4064 47.4629 47.4595 37.4748 33.5923 31.7208 31.5794 29.8274 27.6018 22.7764 21.7089 21.6768 20.575 20.5658 19.8769 19.5238 19.031 18.2588 18.0556 18.0219 17.6682 17.0625 15.8259 15.7275 18.1545 14.8196 16.5911 13.9425 13.9213 12.1351 12.0199 11.884 11.7279 14.7113 10.243 10.2399 10.1649 11.3221 9.81982 9.76748 11.9516 9.52549 9.07382 8.92828 11.9661 8.75482 10.4213 8.31639 7.90987 10.4483 10.7747 7.74769 11.5282
threshold=0.025000000000000005 -1.0000000180025095e-35 1.6450000000000002 0.32500000000000007 0.15000000000000005 0.96010100249940655 0.75000000000000011 0.14500000000000005 0.78656609248549303 1.8650000000000004 0.78656609248549325 0.78656609248549303 0.058333333333333307 1.0000000180025095e-35 0.64500000000000013 -0.70710678118654757 -0.91597561503675329 -0.91597561503675329 0.12940952255126045 0.45000000000000007 2.8250000000000006 1.0127409894611834 0.083333333333333315 -0.70710678118654757 0.55000000000000016 0.15000000000000005 0.35000000000000003 0.25000000000000006 0.55000000000000016 0.60355339059327384 0.025000000000000005 0.63500000000000012 0.37940952255126054 0.15000000000000005 0.25000000000000006 0.25881904510252091 0.37940952255126054 1.0000000180025095e-35 0.73666666666666669 0.95000000000000007 0.083333333333333315 0.25881904510252091 0.9919160630702849 0.55000000000000016 0.1294095225512602 1.135 0.35000000000000003 0.78953051963513776 -0.37940952255126059 0.8500000000000002 -0.12940952255126037 2.9850000000000008 0.9919160630702849 0.17499999999999996 0.95000000000000007 0.37222222222222229 0.94161878555775524 1.2050000000000003 1.0450000000000002 0.86714164852328679 0.6150000000000001 2.2250000000000005
decision_type=2 2 2 2 2 2 2 2 2 2 2 2 2 2 2 2 2 2 2 2 2 2 2 2 2 2 2 2 2 2 2 2 2 2 2 2 2 2 2 2 2 2 2 2 2 2 2 2 2 2 2 2 2 2 2 2 2 2 2 2 2 2
left_child=1 5 3 7 17 8 15 10 40 23 25 16 -13 18 32 34 44 -4 26 29 41 22 50 27 -10 -2 -3 -6 -8 45 -12 -23 33 -9 -5 -36 -19 43 -18 -34 -1 42 -11 -20 -7 -16 -47 -29 -14 -50 -17 -22 -21 -54 55 -30 -43 58 59 -24 -38 -62
right_child=2 13 4 6 9 11 28 14 24 20 30 12 48 -15 19 21 38 36 37 52 51 31 57 -25 -26 -27 -28 47 54 -31 -32 -33 39 -35 35 -37 60 -39 -40 -41 -42 56 -44 -45 -46 46 -48 -49 49 -51 -52 -53 53 -55 -56 -57 -58 -59 -60 -61 61 -63
leaf_value=5.406070849391033e-05 0.00021575513859287368 -0.00010479430849713519 0.0021018536937478165 0.0036027684467483398 0.0038911981533833679 7.1277482713772764e-05 0.00081514270012299033 0.00086428251492262826 -0.0001060689028847494 0.0015144675036029114 -9.6198807273569352e-05 4.8961837382128627e-06 -5.1482419324022742e-05 -5.2984915908433169e-05 0.0012403672618845323 0.0029850140663988016 3.6787310077476925e-05 0.005891799438248301 -0.00010479430849713519 -6.7584253110663243e-05 0.0032429639993122651 -0.0001871416812241884 0.0011747429256829434 0.00012208789214155385 -0.00010674956787349232 -9.5944067824609005e-06 -0.00010479430849713519 0.00041338006885170198 0.00010252599524507771 0.00033882012095963894 2.3335069415193702e-05 0.0006256113249947995 1.5448170933999616e-05 0.00017506952092194086 0.003172625752407419 0.00067563137031141304 0.0025199513397093369 -0.00010515668782631265 -9.6258092484185697e-06 0.00041338825259082824 -9.6099777846817789e-05 0.00099719761460684503 0.0034195948376929083 -0.00010479430849713519 -3.2278919936297974e-05 0.0022805002003227453 0.002812331634567445 0.0019096048530040195 -6.6791930575856707e-05 -0.00011198106994174732 0.00101319044804831 0.0050590137523348119 -0.00015340027971352642 0.0012636700928349608 0.00026010625637274705 0.001052015781672015 0.0015825039807835742 0.00048211545764959284 0.0019619184691938274 0.00019140052197139933 0.00086452653491853374 0.0023823588431238795
leaf_weight=86 297 738 113 241 101 153 880 287 156 161 579 881 657 103 219 281 1691 2134 3533 223 213 106 304 182 546 1006 721 117 186 543 84 263 1512 1240 421 82 161 404 431 102 832 146 834 5897 550 147 86 468 352 299 263 296 102 232 1336 473 142 162 113 101 81 81
leaf_count=86 297 738 113 241 101 153 880 287 156 161 579 881 657 103 219 281 1691 2134 3533 223 213 106 304 182 546 1006 721 117 186 543 84 263 1512 1240 421 82 161 404 431 102 832 146 834 5897 550 147 86 468 352 299 263 296 102 232 1336 473 142 162 113 101 81 81
internal_value=-0.00391694 -0.0176696 0.010583 0.00601668 0.0209444 -0.00317408 0.00993286 0.00295045 -0.0106601 0.0160992 -0.0018302 -0.000753739 -0.00406849 -0.0261069 0.00495313 0.0138965 0.00181529 0.025951 -0.0262626 0.00846104 0.0191411 0.0114994 0.0133714 0.00980437 -0.0170697 0.0014954 -0.0227055 0.0121397 0.00670723 0.0111145 -0.00835843 0.00527027 0.0032177 0.00539921 0.0190067 0.0160119 0.0266192 -0.026788 0.00358926 0.0011517 -0.00574538 0.0170327 0.0185843 -0.0270258 -0.00353693 0.0154967 0.0198718 0.0100853 -0.00728801 -0.00989264 0.0177248 0.0244118 0.00370968 0.00680597 0.00512525 0.00795455 0.0116263 0.00986784 0.0116763 0.00938424 0.0206481 0.0158282
internal_weight=35131 18030 17101 11871 5230 6634 5212 6659 1620 2660 1966 5014 2189 11396 4693 2337 2825 2570 11293 1552 1792 1593 1224 868 702 1303 1459 686 2875 995 663 369 3141 1527 744 503 2457 9834 2122 1614 918 1283 995 9430 703 452 233 585 1308 651 544 509 557 334 1995 659 288 680 518 405 323 162
internal_count=35131 18030 17101 11871 5230 6634 5212 6659 1620 2660 1966 5014 2189 11396 4693 2337 2825 2570 11293 1552 1792 1593 1224 868 702 1303 1459 686 2875 995 663 369 3141 1527 744 503 2457 9834 2122 1614 918 1283 995 9430 703 452 233 585 1308 651 544 509 557 334 1995 659 288 680 518 405 323 162
is_linear=0
shrinkage=0.03


Tree=57
num_leaves=63
num_cat=0
split_feature=0 0 9 1 7 5 9 3 0 0 6 1 6 11 10 9 9 9 0 9 0 11 9 9 11 9 11 11 1 11 10 2 7 5 1 3 5 0 3 0 5 6 11 0 3 5 1 11 5 10 2 3 11 3 5 9 6 6 11 2 0 9
split_gain=7679.11 883.903 153.238 144.575 143.252 129.458 111.272 71.4025 66.9758 60.3173 57.4671 54.6566 44.9621 40.582 39.1478 46.1054 38.6066 199.277 33.8683 27.6365 27.1117 30.8836 26.2847 25.8647 32.9 25.2342 24.9268 22.9732 19.1168 18.3495 17.4309 16.8427 16.1952 16.8463 16.1181 15.8988 15.7815 15.6245 14.9906 14.8034 14.5407 14.2756 13.9368 15.7365 13.6449 13.5267 12.6631 25.8816 12.3252 12.1171 11.4972 22.65 19.1588 13.0089 11.8067 12.0554 11.3406 11.1613 11.1402 11.1802 10.3054 10.0778
threshold=0.025000000000000005 1.6450000000000002 0.37940952255126048 0.33500000000000008 0.023553699522338052 0.15000000000000005 0.91597561503675351 0.75000000000000011 1.0000000180025095e-35 0.15500000000000003 0.9919160630702849 2.2950000000000004 0.9919160630702849 1.0000000180025095e-35 0.25000000000000011 -0.70710678118654757 0.1294095225512602 0.25881904510252057 1.0000000180025095e-35 -0.37940952255126015 1.1150000000000004 0.25000000000000017 0.98296291314453421 -0.12940952255126037 -0.24999999999999994 -0.12940952255126037 0.6830127018922193 0.93301270189221952 1.0000000180025095e-35 1.0000000180025095e-35 0.68301270189221941 0.25000000000000006 1.0105403491230265 0.083333333333333315 1.2250000000000003 0.8500000000000002 0.083333333333333315 2.4150000000000005 0.35000000000000003 0.75500000000000012 0.95000000000000007 0.81569335171151025 -0.68301270189221952 2.8850000000000002 0.45000000000000007 0.55000000000000016 2.7350000000000008 1.0000000180025095e-35 0.22500000000000003 1.0000000180025095e-35 0.45000000000000007 0.75000000000000011 -0.24999999999999994 0.95000000000000007 0.55000000000000016 -0.5 0.68180145234509759 0.21090423132313618 0.6830127018922193 0.55000000000000016 2.2850000000000006 0.78656609248549303
decision_type=2 2 2 2 2 2 2 2 2 2 2 2 2 2 2 2 2 2 2 2 2 2 2 2 2 2 2 2 2 2 2 2 2 2 2 2 2 2 2 2 2 2 2 2 2 2 2 2 2 2 2 2 2 2 2 2 2 2 2 2 2 2
left_child=2 3 4 9 8 19 10 14 16 25 26 13 -8 37 15 38 -1 -18 27 46 40 -22 58 -10 -25 28 35 61 -2 39 -9 -15 33 -17 -33 -4 -29 -7 -5 -16 50 -13 43 -43 -23 49 47 60 -24 -27 -11 -52 53 -53 -54 -56 -32 -37 -14 -60 -3 -12
right_child=1 5 6 7 -6 11 12 30 23 20 18 41 22 31 29 32 17 -19 -20 -21 21 44 48 24 -26 45 -28 36 -30 -31 56 34 -34 -35 -36 57 -38 -39 -40 -41 -42 42 -44 -45 -46 -47 -48 -49 -50 -51 51 52 54 -55 55 -57 -58 -59 59 -61 -62 -63
leaf_value=-0.00010165047924222113 -7.9282918552550609e-05 0.0013071244725521662 -0.00010165047924222113 0.0034776966131451997 0.00046268598132827749 0.00059566177255159056 -0.00010165047924222113 0.00041223422160111396 -0.00010492103139914139 2.5607762755726175e-05 -0.00010165047924222113 0.0020580409959476595 -0.00010165047924222113 0.0040627071510627539 0.00025317564301674354 0.0015935961494918762 -3.359029847562198e-05 -0.00010165047924222113 6.6741759575312319e-05 0.0018156503252720901 0.00039382829743500543 0.0026535824468718969 -0.00010165047924222113 -0.00010158613091568864 -2.2238194740101038e-05 9.748906906712936e-06 -0.00010165047924222113 -0.00010186685841784029 2.3521061767674147e-05 0.0030491504632592648 0.00012020382896096887 0.00083450116329267601 -4.9573091901452121e-05 0.00077651111016298943 0.0027858287903155532 -0.00010165047924222113 -0.00010165047924222113 0.0021027647067905003 0.0022479810834329294 0.0013981887212650703 0.00039380775273588771 0.0017473582708310081 0.0039104884053034273 0.0047834936117062072 0.0014238297283195324 -3.5307009758325081e-05 0.0071563498970839377 0.0051549993810074178 -0.00010165047924222113 0.00020048338541071978 0.00051277696605716259 0.00054364085976134422 -0.00013177194678873119 0.00011846023394858778 0.00020163527645611758 -0.00019037769633628503 0.0011026215681393069 -0.00010165047924222113 -0.00010165047924222113 -0.00010165047924222113 0.0035329049837968082 -0.00010194780725669026
leaf_weight=2275 841 320 558 196 85 605 1230 2280 322 903 3553 106 1531 180 90 244 584 1445 104 109 351 163 587 118 220 231 477 207 357 538 113 120 229 480 277 527 400 242 273 228 167 251 711 154 94 350 1013 809 481 284 863 279 332 524 733 174 429 792 210 354 331 1895
leaf_count=2275 841 320 558 196 85 605 1230 2280 322 903 3553 106 1531 180 90 244 584 1445 104 109 351 163 587 118 220 231 477 207 357 538 113 120 229 480 277 527 400 242 273 228 167 251 711 154 94 350 1013 809 481 284 863 279 332 524 733 174 429 792 210 354 331 1895
internal_value=-0.00395849 0.0105084 -0.0176348 0.00594024 -0.0220693 0.0207688 -0.0158983 0.00973927 -0.0227311 0.00302392 -0.0138936 0.0160937 -0.0197792 0.0120842 0.0136902 0.0106254 -0.0240976 -0.0210591 -0.0123653 0.0255517 0.0049411 0.0108374 -0.0178729 -0.0137973 -0.0079646 -0.00123547 -0.0178854 -0.0126569 -0.00405338 0.0187631 0.00654623 0.018218 0.0068239 0.00902069 0.0146985 -0.0163099 -0.0182072 0.00788915 0.0183191 0.0129781 0.00403672 0.0207522 0.0217547 0.0172167 0.0187209 0.00266744 0.0262045 0.0243532 -0.0217212 0.00575581 0.0036545 0.0045733 0.00284875 0.00645522 0.000508065 0.00227974 0.0113812 -0.0181136 -0.0159017 -0.0195398 0.0198313 -0.0120352
internal_weight=34929 16974 17955 11746 5049 5228 12906 5100 4964 6646 8513 2646 4393 1424 2278 1422 4304 2029 6159 2582 4583 608 3163 660 338 2063 2354 6055 1198 856 2822 577 953 724 397 1877 607 847 469 318 3975 1222 1116 405 257 865 2473 1460 1068 515 3808 2905 2042 803 1239 907 542 1319 2095 564 651 5448
internal_count=34929 16974 17955 11746 5049 5228 12906 5100 4964 6646 8513 2646 4393 1424 2278 1422 4304 2029 6159 2582 4583 608 3163 660 338 2063 2354 6055 1198 856 2822 577 953 724 397 1877 607 847 469 318 3975 1222 1116 405 257 865 2473 1460 1068 515 3808 2905 2042 803 1239 907 542 1319 2095 564 651 5448
is_linear=0
shrinkage=0.03


Tree=58
num_leaves=63
num_cat=0
split_feature=0 0 5 9 1 7 9 4 0 1 3 0 5 10 0 9 9 9 6 9 3 9 9 10 7 9 9 5 9 5 6 9 0 6 9 4 6 2 10 2 10 1 0 0 10 7 9 9 10 10 9 4 3 10 3 6 10 10 10 1 3 5
split_gain=7486.99 851.523 178.548 163.888 149.755 135.35 115.559 88.7179 76.1671 65.8658 56.8737 45.8199 44.4781 40.6534 38.7784 34.7868 216.771 32.7821 31.4315 29.7987 29.5999 29.0886 28.9514 26.8698 22.0025 21.9014 19.0024 17.6132 17.0636 16.7608 16.7581 16.4221 16.1891 15.6379 18.5794 15.6202 13.3776 12.11 11.9968 11.8506 11.4636 11.4 11.3925 9.94875 9.57904 9.27998 9.06614 14.9372 9.02671 8.88499 15.7881 8.82545 8.47253 8.40922 8.28604 8.23639 7.75877 8.71813 7.59046 7.47484 7.42666 7.41409
threshold=0.025000000000000005 1.5050000000000001 0.15000000000000005 0.37940952255126048 0.32500000000000007 0.023553699522338052 0.78656609248549303 0.058333333333333307 1.0000000180025095e-35 2.5050000000000003 0.75000000000000011 1.0000000180025095e-35 0.15000000000000005 0.25000000000000011 0.15500000000000003 0.1294095225512602 0.25881904510252057 -0.70710678118654757 0.9919160630702849 -0.70710678118654757 0.57500000000000007 -0.12940952255126037 -0.70710678118654757 -0.6830127018922193 1.0127409894611834 0.98296291314453421 -0.12940952255126037 0.15000000000000005 -0.78656609248549325 0.55000000000000016 0.96010100249940655 0.98296291314453421 1.1950000000000001 0.9919160630702849 -0.70710678118654757 0.68285714285714294 0.9919160630702849 0.35000000000000003 0.68301270189221941 0.55000000000000016 0.68301270189221941 0.03500000000000001 0.56500000000000006 0.72500000000000009 0.68301270189221941 0.69509460789675181 1.0000000180025095e-35 0.1294095225512602 0.25000000000000011 -0.24999999999999994 -0.9159756150367534 0.85833333333333339 0.95000000000000007 0.25000000000000011 0.35000000000000003 0.72773610537564315 0.25000000000000011 -0.5 1.0000000180025095e-35 2.3350000000000004 0.95000000000000007 0.15000000000000005
decision_type=2 2 2 2 2 2 2 2 2 2 2 2 2 2 2 2 2 2 2 2 2 2 2 2 2 2 2 2 2 2 2 2 2 2 2 2 2 2 2 2 2 2 2 2 2 2 2 2 2 2 2 2 2 2 2 2 2 2 2 2 2 2
left_child=3 4 17 5 14 8 11 31 15 20 13 12 -5 19 21 -1 -17 37 -9 54 22 35 -4 -14 27 58 -10 -21 32 -23 -25 53 44 -22 60 41 -12 -3 59 -11 43 -2 -15 -38 49 -39 -28 -48 -41 52 -51 56 -16 -8 -6 -31 57 -32 -20 -19 -35 -30
right_child=1 2 9 6 10 -7 7 18 26 39 36 -13 23 42 28 16 -18 38 25 24 33 29 -24 30 -26 -27 46 -29 61 55 51 -33 -34 34 -36 -37 40 45 -40 48 -42 -43 -44 -45 -46 -47 47 -49 -50 50 -52 -53 -54 -55 -56 -57 -58 -59 -60 -61 -62 -63
leaf_value=-9.8600964864954506e-05 -9.3167699569327188e-05 0.0061336499591959125 0.002892785837558194 -9.88240361800258e-05 0.0031243842178203399 0.00029947799388376753 -9.8600964864954506e-05 -9.8600964864954506e-05 -0.0001008727705640684 0.0039842748779544386 0.00028197689263496104 4.6613248162822827e-05 -9.8600964864954506e-05 0.00083360789902962743 0.0014919820485769467 -3.4859424308527739e-05 -9.8600964864954506e-05 0.0010802464274720473 -9.8600964864954506e-05 0.0013911501651974818 0.00048356232253213668 0.00017928475000147836 0.00073602011447960992 -9.8600964864954506e-05 -6.9989577045724284e-05 -9.8600964864954506e-05 -5.9442716464878864e-05 0.00071645539396409936 0.00016594056745108712 -0.00011980442240609663 -9.8600964864954506e-05 -9.8600964864954506e-05 0.0019732783004546171 0.0021738094525989441 0.00020319355821651729 -6.2785331182786672e-06 0.00083496436859569834 0.002432835270295483 0.0037408423635251972 0.0021231066341895009 0.0010484734468951702 4.2448035352817861e-06 0.0023109599573898909 0.00058726236019032978 0.00049988180572942077 0.0044990820414858041 -9.8538546988217969e-05 -6.3875479669673807e-05 0.0047839145793402323 0.00047740545801638201 -0.00018318196883338549 -9.8600964864954506e-05 0.00030053113691668685 -9.8600964864954506e-05 0.002130393316701082 7.6282745198879423e-05 -9.8600964864954506e-05 -9.8600964864954506e-05 -9.8600964864954506e-05 0.0027819475017435312 0.00081573740245201613 6.2627754480402696e-05
leaf_weight=2266 492 1398 547 2205 133 91 1061 1753 310 557 1312 163 835 157 132 568 1494 262 1317 322 419 508 160 867 227 638 132 355 1008 154 147 471 182 674 188 609 404 184 195 315 282 127 625 623 325 632 120 103 118 258 273 465 184 831 234 201 579 444 1226 85 106 2003
leaf_count=2266 492 1398 547 2205 133 91 1061 1753 310 557 1312 163 835 157 132 568 1494 262 1317 322 419 508 160 867 227 638 132 355 1008 154 147 471 182 674 188 609 404 184 195 315 282 127 625 623 325 632 120 103 118 258 273 465 184 831 234 201 579 444 1226 85 106 2003
internal_value=-0.00411273 0.0101998 0.0194761 -0.0175419 0.00533106 -0.0221121 -0.0157533 -0.0182557 -0.0227733 0.0145089 0.00942032 -0.0125499 -0.013011 0.0131597 0.00236952 -0.0242273 -0.0213766 0.0250272 -0.0205471 0.00983491 0.0114845 -0.000989484 0.0164831 -0.0151977 0.00689503 -0.0187524 -0.0132883 0.00960177 0.00397847 0.00322917 -0.0167559 -0.0134645 0.00677491 0.00892651 0.0110217 -0.00395443 0.00648741 0.0266546 0.0183425 0.020888 0.00863359 -0.00730645 0.0185441 0.00714981 0.00547315 0.0236475 -0.00851124 -0.0121875 0.0170737 0.00378538 0.00140977 -0.014945 0.00776025 -0.0122029 0.017038 -0.00176966 -0.0135269 -0.0159628 -0.0174882 0.0149138 0.0130602 0.00271912
internal_weight=35056 16970 5840 18086 11130 5084 13002 7297 4993 3084 4674 5705 5542 2053 6456 4328 2062 2756 4934 1271 2094 2091 707 3337 904 3181 665 677 4365 863 2502 2363 1354 1387 968 1228 2621 2214 542 990 1309 619 782 1027 1172 816 355 223 433 847 531 1635 316 1892 367 355 1170 591 2543 347 780 3011
internal_count=35056 16970 5840 18086 11130 5084 13002 7297 4993 3084 4674 5705 5542 2053 6456 4328 2062 2756 4934 1271 2094 2091 707 3337 904 3181 665 677 4365 863 2502 2363 1354 1387 968 1228 2621 2214 542 990 1309 619 782 1027 1172 816 355 223 433 847 531 1635 316 1892 367 355 1170 591 2543 347 780 3011
is_linear=0
shrinkage=0.03


Tree=59
num_leaves=63
num_cat=0
split_feature=9 8 9 1 8 11 3 1 5 6 6 10 8 2 9 11 7 5 11 11 8 8 11 10 3 8 11 2 10 5 11 8 8 11 7 5 6 6 3 10 11 8 6 10 11 6 6 11 7 9 11 10 8 8 10 5 5 3 3 8 10 10
split_gain=5834.5 3268.39 621.863 515.976 240.362 138.872 130.281 125.326 120.661 103.82 86.7294 72.1125 71.4109 65.4292 59.6295 108.749 48.0694 47.6512 45.8556 42.3795 34.1895 32.1967 31.2959 27.5206 25.8707 25.7441 24.2385 23.7032 23.4339 23.4052 22.9173 23.6107 21.3334 21.1934 24.3518 20.4948 20.4262 20.0636 19.9324 18.9445 18.1769 17.3997 17.0628 16.9718 31.074 14.9399 14.4773 14.7359 14.1498 13.4557 15.534 13.194 12.7444 13.9123 14.449 12.5686 12.2158 12.0406 11.977 11.7691 10.7994 10.7709
threshold=-0.5 -1.0000000180025095e-35 -0.37940952255126015 1.5450000000000002 -0.60355339059327362 0.6830127018922193 0.75000000000000011 0.015000000000000001 0.083333333333333315 0.9919160630702849 0.72773610537564315 1.0000000180025095e-35 0.60355339059327384 0.55000000000000016 1.0000000180025095e-35 1.0000000180025095e-35 0.37853597069437572 0.15000000000000005 0.6830127018922193 -0.5 0.37940952255126054 0.25881904510252091 0.25000000000000017 -0.24999999999999994 0.95000000000000007 0.12940952255126045 0.25000000000000017 0.55000000000000016 -0.24999999999999994 0.45000000000000007 0.6830127018922193 0.37940952255126054 0.37940952255126054 -0.5 0.98448804119411615 0.15000000000000005 0.80250532449306278 0.39171654935837491 0.95000000000000007 0.25000000000000011 0.25000000000000017 -0.70710678118654735 0.9919160630702849 -0.5 0.25000000000000017 0.31691654995395618 0.97587888928342192 -0.68301270189221952 0.70662466379278588 -0.12940952255126037 0.6830127018922193 -0.6830127018922193 -0.78656609248549303 -0.91597561503675329 0.68301270189221941 0.35000000000000003 0.71666666666666667 0.52500000000000013 0.95000000000000007 -0.37940952255126059 0.68301270189221941 0.25000000000000011
decision_type=2 2 2 2 2 2 2 2 2 2 2 2 2 2 2 2 2 2 2 2 2 2 2 2 2 2 2 2 2 2 2 2 2 2 2 2 2 2 2 2 2 2 2 2 2 2 2 2 2 2 2 2 2 2 2 2 2 2 2 2 2 2
left_child=3 4 5 6 10 19 12 14 32 22 26 23 17 20 15 46 38 -1 39 -3 41 24 37 -12 36 35 45 -20 -7 -21 58 42 48 34 -18 60 -15 -6 49 -11 -41 -10 -32 -14 -45 -2 -4 -48 -5 -13 52 -27 53 55 -55 -51 -44 -53 -8 -39 -16 -38
right_child=1 2 7 8 9 28 30 -9 13 18 11 16 43 21 25 -17 33 -19 27 29 -22 -23 -24 -25 -26 51 -28 -29 -30 -31 31 -33 -34 -35 -36 -37 61 59 -40 40 -42 -43 56 44 -46 -47 47 -49 -50 50 -52 57 -54 54 -56 -57 -58 -59 -60 -61 -62 -63
leaf_value=0.0029127731616753554 -7.2838324972237186e-05 0.00021428619179120659 -0.00010877684074071929 0.0024310730040038348 -9.8542065668052301e-05 -9.9699415038176836e-05 0.00086084244519235456 1.2257960938234949e-05 0.0016751561269868342 -1.7516385992312233e-05 3.5081341212072118e-05 0.0011601718798266044 0.00065810797335484985 0.00053619055291939861 -9.5642935919005873e-05 -9.5642935919005873e-05 0.00077822089079770398 0.0018903096837141558 -6.3134335025192507e-05 8.300720932237077e-06 0.00045173996864483198 0.0005813100806115884 -9.810951349168398e-05 -4.8624361654009454e-05 0.00070134172959566358 -9.5642935919005873e-05 -0.00011682873862578577 -0.00010656432615463931 -9.5596811031622867e-05 -0.00010808524046000783 -6.0751527064767524e-05 -0.0001373937850639996 0.0012723688426991447 0.0016636755376010814 -0.00068229693706662155 -9.5642935919005873e-05 0.0024528126629150158 -1.9161056635966314e-05 -2.1521334520250255e-06 2.9829591438890286e-05 -0.00013941038661707681 0.0040195165766561142 0.00025162355407059856 0.00036209680616282271 -0.00018957745790027373 4.7910587789315356e-05 -9.5236900898772355e-06 -0.00010758601441887789 0.0056750731303084265 0.00031875604839660905 8.7414024036788937e-06 -9.5642935919005873e-05 0.00013491241254228332 0.00011129673936503228 -1.3223855300158304e-05 6.6799365830879504e-06 0.0011725300255283264 -9.5642935919005873e-05 0.00024870858896102632 -9.7040650772193938e-05 -9.5642935919005873e-05 0.0044161209968724283
leaf_weight=770 584 506 180 80 251 122 832 150 165 808 2448 81 296 106 395 738 395 1154 249 361 99 325 275 582 269 2187 319 338 244 235 369 285 143 509 83 885 668 142 492 569 162 1183 226 245 205 327 212 214 1685 221 347 2387 412 153 236 85 224 4155 2155 151 166 272
leaf_count=770 584 506 180 80 251 122 832 150 165 808 2448 81 296 106 395 738 395 1154 249 361 99 325 275 582 269 2187 319 338 244 235 369 285 143 509 83 885 668 142 492 569 162 1183 226 245 205 327 212 214 1685 221 347 2387 412 153 236 85 224 4155 2155 151 166 272
internal_value=-0.00395751 -0.0126335 -0.0225308 0.0132789 9.0998e-05 -0.00412526 0.00787489 -0.0248458 0.0205905 -0.00713849 0.00301856 0.00449628 0.0130288 0.0169139 -0.0252005 -0.0192268 0.00778109 0.0160831 -0.00363893 0.00119674 0.0215677 0.0127971 -0.0162073 0.00122732 0.014886 -0.0259876 -0.00424045 -0.0107653 -0.020109 -0.00422111 0.0045088 0.00081448 0.026527 0.0132085 0.00864301 -0.0222253 0.0170201 -0.012 0.00513314 -0.000915584 0.00258197 0.0228169 0.00340244 0.00514056 0.00146341 -0.00174342 -0.00978583 -0.00674473 0.0274349 0.00681641 0.00614433 -0.0266082 0.00787906 0.00538793 0.00161538 0.0101629 0.00731707 -0.0272994 0.00587349 -0.00663265 -0.017669 0.0184272
internal_weight=35112 23356 13137 11756 10219 1468 6761 11669 4995 2945 7274 6044 2670 3087 11519 1344 3014 1924 2126 1102 1447 1640 819 3030 1315 10175 1230 587 366 596 4091 1104 1908 987 478 1446 1046 544 2027 1539 731 1348 819 746 450 911 606 426 1765 1535 1454 8729 1107 695 389 306 450 6542 2987 293 561 940
internal_count=35112 23356 13137 11756 10219 1468 6761 11669 4995 2945 7274 6044 2670 3087 11519 1344 3014 1924 2126 1102 1447 1640 819 3030 1315 10175 1230 587 366 596 4091 1104 1908 987 478 1446 1046 544 2027 1539 731 1348 819 746 450 911 606 426 1765 1535 1454 8729 1107 695 389 306 450 6542 2987 293 561 940
is_linear=0
shrinkage=0.03


Tree=60
num_leaves=63
num_cat=0
split_feature=0 8 0 1 6 5 8 3 0 1 10 8 8 3 1 7 4 0 8 5 8 8 10 5 8 10 10 2 8 5 2 5 8 0 2 0 10 6 1 3 1 6 3 10 0 7 3 0 1 2 2 5 5 7 1 10 2 10 8 6 1 0
split_gain=7428.91 2403.85 806.56 153.345 144.872 128.788 61.4431 60.9982 57.6874 55.5885 39.1321 34.2098 33.5095 24.3882 24.3514 24.0701 23.5025 23.1739 22.0931 21.6871 21.3969 20.42 19.2927 18.7314 17.6795 17.3622 16.8053 16.1986 16.1563 16.0158 16.0019 15.2377 17.7821 21.013 14.79 14.4328 13.9385 15.5226 12.3334 12.0945 12.031 11.409 11.2184 11.1274 11.0093 14.9594 10.706 10.6232 10.5182 10.4944 10.4776 10.3903 10.1838 10.1818 9.98614 9.69881 9.61423 9.53426 9.45208 9.3503 9.0787 8.75288
threshold=0.025000000000000005 -1.0000000180025095e-35 1.7050000000000003 0.32500000000000007 0.9919160630702849 0.15000000000000005 -0.60355339059327362 0.75000000000000011 0.64500000000000013 2.5050000000000003 0.25000000000000011 -0.60355339059327362 0.78656609248549325 0.45000000000000007 1.0000000180025095e-35 1.0089574659665328 0.48333333333333339 0.115 0.12940952255126045 0.15000000000000005 -0.91597561503675329 -0.70710678118654735 0.68301270189221941 0.15000000000000005 -0.91597561503675329 1.0000000180025095e-35 -0.6830127018922193 0.55000000000000016 0.25881904510252091 0.15000000000000005 0.35000000000000003 0.45000000000000007 0.60355339059327384 1.135 0.75000000000000011 0.27500000000000008 0.68301270189221941 0.69300588406246244 0.19166666650000003 0.35000000000000003 2.6550000000000007 0.21090423132313618 0.62500000000000011 -0.5 0.21500000000000002 0.17768266152567258 0.95000000000000007 0.33500000000000008 0.58500000000000008 0.55000000000000016 0.45000000000000007 0.82500000000000007 0.45000000000000007 0.7820907797135066 0.68500000000000016 0.93301270189221952 0.65000000000000002 0.68301270189221941 0.37940952255126054 0.7767654897855063 2.0950000000000002 1.0000000180025095e-35
decision_type=2 2 2 2 2 2 2 2 2 2 2 2 2 2 2 2 2 2 2 2 2 2 2 2 2 2 2 2 2 2 2 2 2 2 2 2 2 2 2 2 2 2 2 2 2 2 2 2 2 2 2 2 2 2 2 2 2 2 2 2 2 2
left_child=1 4 3 8 6 20 34 10 12 13 15 24 19 -7 18 21 25 -14 29 22 -4 23 38 -5 -6 52 -20 -8 -23 -3 58 32 33 -10 -1 -24 60 -38 50 -35 -32 -36 43 -34 56 51 -26 -47 53 -19 -2 -46 -13 -12 -17 -39 -21 -15 -22 -53 -9 -28
right_child=2 14 5 7 11 9 27 36 31 -11 48 16 17 57 -16 54 -18 49 26 44 30 28 35 -25 46 -27 61 -29 -30 -31 40 -33 42 39 41 -37 37 55 -40 -41 -42 -43 -44 -45 45 47 -48 -49 -50 -51 -52 59 -54 -55 -56 -57 -58 -59 -60 -61 -62 -63
leaf_value=2.4636007281871389e-06 -4.300305193112974e-05 -9.277364784143569e-05 0.0017277209824534039 0.0014493119966185008 -1.6803131364823263e-05 0.0025176515366843134 -9.4391763649761331e-05 0.00036785995463709681 0.000641988220662523 0.0034186937449117772 0.0016356616138378857 -2.7619538742478191e-05 -6.9949543582797011e-05 0.001143754128748582 -4.3746162029072001e-05 -0.00020201362677068331 -9.4652987327256208e-05 -3.1233425083545021e-05 -9.277364784143569e-05 0.00020677222843993033 0.0059391919397341914 0.0031627969724252209 0.00047571909238573647 0.00070860322950411583 3.5344232180039137e-05 1.557264652087894e-05 -9.277364784143569e-05 -9.5348139124526687e-05 0.00033887135451223015 -9.277364784143569e-05 0.0024342381108879451 0.00034552284803482435 0.00072580901634419618 0.0020117977164069763 -0.00011252868092137612 0.00014615429322933088 8.3867338659573273e-05 0.0012154435108610103 0.00089663864410058965 0.0020954494819424908 0.0053953212015071536 -6.7155795046456462e-05 0.00065025759753653946 -4.5066286122011357e-07 0.00017344314175559192 0.00018043601350629948 -8.5291547948219707e-06 -0.00032742784507635414 0.0023753579807919709 7.3942398890660497e-05 0.00033905728607211861 0.00014600074392964263 1.8903568393801367e-05 0.00021823185389286569 0.00060918127296246012 0.00051942836816395749 -3.5851669793034776e-05 0.002867165775646266 0.0020432519073608022 0.00076380865176670196 0.0010772229261448967 -9.3128958776835885e-05
leaf_weight=302 232 567 95 339 660 433 180 2202 220 913 138 614 570 938 92 96 775 407 2389 204 1353 369 152 384 1700 635 7169 650 99 872 499 571 176 172 264 82 117 295 91 92 364 496 105 250 863 145 276 109 693 472 173 159 124 83 247 151 1242 201 197 164 174 324
leaf_count=302 232 567 95 339 660 433 180 2202 220 913 138 614 570 938 92 96 775 407 2389 204 1353 369 152 384 1700 635 7169 650 99 872 499 571 176 172 264 82 117 295 91 92 364 496 105 250 863 145 276 109 693 472 173 159 124 83 247 151 1242 201 197 164 174 324
internal_value=-0.00409328 -0.0174809 0.0101262 0.00592076 -0.00318107 0.0202623 -0.010206 0.00968263 0.00287282 0.0154103 0.0131809 -0.000401254 0.00130872 0.0119771 -0.0258446 0.010241 -0.0032108 -0.00254483 -0.0259698 0.00285319 0.0250618 0.0122567 0.00746922 0.00907459 0.00188851 -0.000851528 -0.0264818 -0.0163177 0.0171429 -0.0224375 0.0256131 0.00786389 0.0100689 0.0142268 -0.00541863 0.0145532 0.00676531 0.0110106 0.00410463 0.0199245 0.0222569 -0.00764783 0.0062594 0.00407494 0.00168341 0.00353921 0.00330804 -0.00305882 0.0180984 0.000511364 0.00184729 0.00495366 -0.00397835 0.0122973 0.00322674 0.013557 -0.00016586 0.00965789 0.0274662 0.00953704 0.00575515 -0.0271938
internal_weight=35120 18089 17031 12038 6676 4993 1892 5387 6651 2485 2448 4784 5065 1572 11413 1534 2148 1449 11321 3616 2508 1191 730 723 2636 1373 9882 830 468 1439 2413 1586 1015 484 1062 234 2939 563 496 264 863 760 531 426 2886 1440 1976 254 914 879 405 1186 738 221 343 446 1446 1139 1550 323 2376 7493
internal_count=35120 18089 17031 12038 6676 4993 1892 5387 6651 2485 2448 4784 5065 1572 11413 1534 2148 1449 11321 3616 2508 1191 730 723 2636 1373 9882 830 468 1439 2413 1586 1015 484 1062 234 2939 563 496 264 863 760 531 426 2886 1440 1976 254 914 879 405 1186 738 221 343 446 1446 1139 1550 323 2376 7493
is_linear=0
shrinkage=0.03


Tree=61
num_leaves=63
num_cat=0
split_feature=9 8 9 1 8 3 11 5 1 6 5 8 9 11 9 2 6 8 6 11 11 11 4 8 11 11 3 5 8 2 6 3 11 2 11 1 11 8 6 11 8 3 8 7 1 11 11 9 11 6 2 1 8 11 5 6 6 1 8 5 6 2
split_gain=5620.47 3324.18 541.768 524.27 204.928 135.443 123.264 120.254 117.841 105.524 87.1097 85.4394 62.8069 120.782 59.5935 48.0098 45.138 41.2406 38.1055 36.5875 36.0552 34.4934 31.5874 29.0768 28.5293 25.9573 24.7937 22.7561 24.9335 21.6279 21.1582 16.9864 16.5085 21.7079 16.4158 16.2489 18.0911 15.8566 15.1743 13.4861 12.6978 12.4576 12.3972 11.4189 11.5176 10.7686 10.5773 9.94005 9.76591 14.1091 9.4032 9.21827 12.7878 20.7686 9.00142 8.66231 8.63792 13.5783 7.808 7.45801 7.248 7.15367
threshold=-0.5 -1.0000000180025095e-35 -0.37940952255126015 1.7250000000000003 -0.60355339059327362 0.35000000000000003 -0.24999999999999994 0.15000000000000005 0.015000000000000001 0.9919160630702849 0.15000000000000005 0.60355339059327384 1.0000000180025095e-35 1.0000000180025095e-35 0.1294095225512602 0.55000000000000016 0.9919160630702849 0.37940952255126054 0.54269012772290737 0.6830127018922193 0.93301270189221952 0.25000000000000017 0.37222222222222229 0.37940952255126054 0.6830127018922193 0.6830127018922193 0.95000000000000007 0.45000000000000007 0.12940952255126045 0.55000000000000016 0.6284387002523627 0.95000000000000007 -0.68301270189221952 1.0000000180025095e-35 0.6830127018922193 3.0050000000000003 1.0000000180025095e-35 0.25881904510252091 0.9919160630702849 0.25000000000000017 0.37940952255126054 0.8500000000000002 -0.78656609248549303 0.98837988868869309 0.17500000000000002 0.93301270189221952 0.25000000000000017 -0.9159756150367534 -0.68301270189221952 0.9919160630702849 0.25000000000000006 0.60333333350000007 0.60355339059327384 -0.24999999999999994 0.35000000000000003 0.40469693966315429 0.22141493827114764 0.88500000000000012 -0.37940952255126059 0.15000000000000005 0.9919160630702849 0.8500000000000002
decision_type=2 2 2 2 2 2 2 2 2 2 2 2 2 2 2 2 2 2 2 2 2 2 2 2 2 2 2 2 2 2 2 2 2 2 2 2 2 2 2 2 2 2 2 2 2 2 2 2 2 2 2 2 2 2 2 2 2 2 2 2 2 2
left_child=3 4 6 5 10 11 55 23 12 21 14 45 13 48 43 35 25 41 39 58 31 30 54 50 51 56 37 28 59 -21 -6 -20 33 -16 -24 36 47 38 -17 -12 -27 -18 -34 44 -2 -1 -33 -9 49 -4 -5 52 -19 -54 -8 -3 57 61 -11 -14 -22 -7
right_child=1 2 8 7 9 16 22 15 -10 19 18 -13 27 -15 32 26 17 24 20 29 60 -23 34 -25 -26 40 -28 -29 -30 -31 -32 46 42 -35 -36 -37 -38 -39 -40 -41 -42 -43 -44 -45 -46 -47 -48 -49 -50 -51 -52 -53 53 -55 -56 -57 -58 -59 -60 -61 -62 -63
leaf_value=0.0028970037788228777 0.00036138035735892328 -8.6384578783848666e-05 -0.00011639795068705866 0.005987019416210256 -9.2725359524274925e-05 0.00064346439864050445 -4.3536316805565727e-05 0.0026170280605007962 9.6327219980307791e-06 1.1721480633370938e-05 -7.3530205195234132e-05 0.00016619151675697496 -8.9990438406192612e-05 -8.9990438406192612e-05 -2.2277688602032884e-05 0.0010308003747154886 0.0019038848108454444 0.0014295108576507394 6.8488164717599897e-05 -2.678125393400267e-05 -0.00013261389953661125 -9.2305783913197665e-05 -9.8437514110164372e-05 0.0012141532862096573 -0.00010648988856833462 -2.6393992886246663e-05 0.00044154812508798017 -8.9990438406192612e-05 -8.9990438406192612e-05 -0.00010052780675018245 -8.9099495308967691e-05 2.3156332899587376e-05 4.943344046775128e-06 0.00017656632819535172 -8.994569726543111e-05 0.0044516733462933522 0.0040775525050703735 0.00093853140597610705 0.0028617037350926345 -0.00011634118472724399 -0.00023032302435917193 0.00079766931763258872 8.664137314307617e-05 0.0011046751026907295 0.0017067126385841536 0.0024048169225657505 -7.8159450058095102e-05 0.0013441215442238606 -0.00010146558885056509 -6.7418500547174878e-06 0.0041215483229564472 -0.00012053618078121275 0.00063957778383340693 -0.00013135280570868656 -0.00010359513185848697 0.00016497910170736873 0.00031529141736383174 0.00067632479122958452 -1.4016235743881475e-05 -8.9990438406192612e-05 -5.8725569118277506e-05 -3.3419727706694294e-05
leaf_weight=902 223 93 106 1125 298 86 293 192 147 733 673 447 568 748 147 175 972 236 2147 251 84 273 211 158 323 429 268 4548 4819 323 223 672 1041 292 226 267 343 200 699 185 144 916 456 188 580 210 368 274 306 195 900 117 220 187 116 514 1169 136 783 252 316 635
leaf_count=902 223 93 106 1125 298 86 293 192 147 733 673 447 568 748 147 175 972 236 2147 251 84 273 211 158 323 429 268 4548 4819 323 223 672 1041 292 226 267 343 200 699 185 144 916 456 188 580 210 368 274 306 195 900 117 220 187 116 514 1169 136 783 252 316 635
internal_value=-0.00422215 -0.0127185 -0.0227071 0.0127253 8.18953e-05 0.00762833 -0.00542641 0.0206193 -0.0248546 -0.00669671 0.0027343 0.0154423 -0.0251945 -0.0190929 0.00675205 0.0159983 0.00543888 0.00796433 8.77193e-05 -0.00315638 0.00144649 -0.016 -0.0128217 0.025728 0.00329336 0.00255 0.0121966 -0.0260041 -0.0247074 -0.0096 -0.0114368 0.00251255 0.00368611 0.00879545 -0.0184247 0.0207242 0.0185556 0.0142326 0.0159771 -0.00558789 -0.00308362 0.0106406 0.00218291 0.0127319 0.014291 0.0198922 -0.000634006 0.0146467 -0.00912829 -0.0052649 0.0266979 0.00646518 0.00787267 0.00463235 -0.00680488 0.00488487 0.00414406 0.00185315 -0.000711931 -0.0198051 -0.00703242 0.000207756
internal_weight=35128 23398 13142 11730 10256 7129 1453 4601 11689 2884 7372 1559 11542 1355 2927 2418 5570 2971 4445 2090 3587 794 846 2183 1083 2599 1342 10187 5639 574 521 3187 1936 439 437 1076 809 1074 874 858 573 1888 1497 991 803 1112 1040 466 607 301 2025 760 643 407 409 607 2026 857 1516 820 400 721
internal_count=35128 23398 13142 11730 10256 7129 1453 4601 11689 2884 7372 1559 11542 1355 2927 2418 5570 2971 4445 2090 3587 794 846 2183 1083 2599 1342 10187 5639 574 521 3187 1936 439 437 1076 809 1074 874 858 573 1888 1497 991 803 1112 1040 466 607 301 2025 760 643 407 409 607 2026 857 1516 820 400 721
is_linear=0
shrinkage=0.03


Tree=62
num_leaves=63
num_cat=0
split_feature=0 8 0 5 6 1 11 0 8 3 5 8 8 0 2 1 11 6 0 11 11 0 8 11 8 8 5 1 0 0 2 6 6 7 4 2 2 1 1 11 0 0 4 0 11 5 6 3 4 3 4 4 7 6 1 8 11 11 3 4 6 3
split_gain=6990.07 2400.34 772.084 153.093 119.993 110.438 76.1248 60.5089 54.1695 54.6573 52.3649 43.6998 43.6389 42.6096 37.5069 32.837 32.7012 30.9696 29.3407 45.7406 28.7018 28.357 27.9598 25.5027 25.1852 24.5074 23.5241 22.9259 19.5221 18.0122 16.631 16.5803 16.5721 15.2782 15.1218 14.8829 14.792 12.9177 12.6417 16.1264 18.4016 12.4809 12.3429 13.0408 12.0464 12.5268 12.8197 12.0068 11.6875 17.275 11.7392 11.2794 9.93554 9.84684 9.62959 9.41578 9.2732 9.09943 8.30521 8.28967 8.21115 9.97799
threshold=0.025000000000000005 -1.0000000180025095e-35 1.6250000000000002 0.15000000000000005 0.72773610537564315 0.48250000000000004 0.6830127018922193 2.8250000000000006 0.60355339059327384 0.75000000000000011 0.22500000000000003 -0.60355339059327362 -0.37940952255126059 0.115 0.55000000000000016 1.0000000180025095e-35 1.0000000180025095e-35 0.9919160630702849 2.2850000000000006 -0.5 1.0000000180025095e-35 1.135 -0.37940952255126059 -0.9330127018922193 0.12940952255126045 -0.91597561503675329 0.15000000000000005 2.6150000000000007 1.0000000180025095e-35 1.905 0.8500000000000002 0.54269012772290737 0.9919160630702849 1.0127409894611834 0.4333333333333334 0.55000000000000016 0.25000000000000006 1.9450000000000001 0.17500000000000002 1.0000000180025095e-35 0.35500000000000004 2.0750000000000006 0.85833333333333339 0.64500000000000013 0.25000000000000017 0.71666666666666667 0.9919160630702849 0.57500000000000007 0.85833333333333339 0.75000000000000011 0.37222222222222229 0.083333333333333315 0.16796283225451042 0.9919160630702849 2.9650000000000003 -0.98296291314453399 -0.24999999999999994 1.0000000180025095e-35 0.8500000000000002 0.85833333333333339 0.9919160630702849 0.8500000000000002
decision_type=2 2 2 2 2 2 2 2 2 2 2 2 2 2 2 2 2 2 2 2 2 2 2 2 2 2 2 2 2 2 2 2 2 2 2 2 2 2 2 2 2 2 2 2 2 2 2 2 2 2 2 2 2 2 2 2 2 2 2 2 2 2
left_child=1 4 5 18 12 8 22 16 9 21 33 30 20 -10 51 24 27 -18 19 29 35 38 56 -15 26 -22 -3 41 34 -4 -8 -11 -12 47 -26 -1 -19 48 52 40 -40 -5 43 -25 55 58 59 57 49 50 -34 -13 -2 -24 -9 -33 -6 -7 -46 -47 -32 -62
right_child=2 15 3 7 6 10 11 54 13 31 32 14 -14 23 -16 -17 17 36 -20 -21 25 -23 53 42 28 -27 -28 -29 -30 -31 60 44 37 -35 -36 -37 -38 -39 39 -41 -42 -43 -44 -45 45 46 -48 -49 -50 -51 -52 -53 -54 -55 -56 -57 -58 -59 -60 -61 61 -63
leaf_value=5.4066073807417047e-05 0.00029108791958326889 -8.7290725254006833e-05 0.0013068101991714804 0.0004234136569195154 3.9876587705872482e-05 0.0010048187926719057 -1.1969467103185513e-06 0.0026317625001832882 -7.1874807113446332e-05 -2.433215791376203e-05 0.00028354646544166055 2.0751829015328155e-05 -8.9285644865524162e-05 0.0002735485378709009 -9.6740189789647159e-05 -3.5179390743825266e-05 -9.3703927871432446e-05 0.0045510487670862906 0.0054259324992047015 0.0034851145431617114 -2.2831428693170239e-05 0.0018249783219318808 -8.9487888270761842e-05 -4.2230227301398786e-05 -8.7290725254006833e-05 -0.00010638567658111666 -8.7290725254006833e-05 0.0022942132594853349 -8.7635376861345025e-05 0.00043105325836561014 -0.00013160725626926249 2.3909847327169137e-05 0.00057048753179082031 0.00039227992058220778 -8.7290725254006833e-05 -9.6273688765569526e-05 0.0025749426294569833 0.0021664115654572917 0.00060363835632151514 0.0016248643768351431 -0.00016260584623122021 0.0012324953314773739 0.00019784100330886865 0.00016062044902775282 0.00046906008892325481 -0.0003751212111118839 0.00057708090522833218 0.0011324036226725597 0.0011537804027139029 0.00027172149175953007 0.0018699145981045241 -0.00011389442039314882 -0.000229909094309238 -1.0550413589994261e-05 0.0044059515017100988 0.00028759458380292062 1.1449483981327202e-05 0.0027793291729031463 -0.00014692918414420633 0.00028120505175933746 -0.00010087625440348309 -1.3371266460822892e-06
leaf_weight=88 895 570 153 474 1291 267 730 260 705 1021 1148 151 244 252 402 97 87 229 1545 745 110 238 120 1157 5100 240 877 370 387 147 109 175 253 293 4429 436 455 188 113 338 133 552 185 618 99 110 311 427 294 626 235 110 98 766 308 641 1516 444 350 98 170 176
leaf_count=88 895 570 153 474 1291 267 730 260 705 1021 1148 151 244 252 402 97 87 229 1545 745 110 238 120 1157 5100 240 877 370 387 147 109 175 253 293 4429 436 455 188 113 338 133 552 185 618 99 110 311 427 294 626 235 110 98 766 308 641 1516 444 350 98 170 176
internal_value=-0.00445772 -0.0174288 0.00933736 0.0188077 -0.0031036 0.00503031 -0.00129376 0.0138487 0.0028615 0.00488206 0.00894397 -0.00626284 -0.0120643 -0.000339273 -0.0124247 -0.0257517 0.0115544 0.0165155 0.0240371 0.0201052 -0.00891429 0.00893722 0.00119383 0.00170809 -0.0259002 -0.0155556 -0.0221478 0.00880458 -0.0264455 0.0101661 -0.00280776 0.00225588 0.00651366 0.0135964 -0.0267167 -0.00445714 0.0186569 0.00849092 0.00747148 0.0109744 0.00510121 0.00648491 0.000550739 -0.000219595 0.004 0.00173375 0.00490385 0.0151712 0.00749468 0.00608072 0.0103067 -0.00354962 0.00540241 -0.00344983 0.0225659 0.00668299 0.00266026 0.0175702 -0.00193333 -0.000861244 -0.00730263 -0.00501441
internal_weight=35156 18119 17037 5325 6659 11712 5541 2735 7537 4620 4175 1848 1118 2917 663 11460 2167 771 2590 1045 874 1815 3693 2212 11363 350 1447 1396 9916 300 1185 2805 2744 1431 9529 524 684 1596 1577 584 246 1026 1960 1775 1784 968 519 1138 1408 1114 488 261 993 886 568 816 2807 711 449 208 455 346
internal_count=35156 18119 17037 5325 6659 11712 5541 2735 7537 4620 4175 1848 1118 2917 663 11460 2167 771 2590 1045 874 1815 3693 2212 11363 350 1447 1396 9916 300 1185 2805 2744 1431 9529 524 684 1596 1577 584 246 1026 1960 1775 1784 968 519 1138 1408 1114 488 261 993 886 568 816 2807 711 449 208 455 346
is_linear=0
shrinkage=0.03


Tree=63
num_leaves=63
num_cat=0
split_feature=0 8 0 5 1 4 9 0 1 3 11 1 11 8 11 5 8 11 8 8 3 0 10 10 5 9 0 11 3 0 5 10 0 0 4 0 1 5 4 3 11 8 3 8 0 10 7 10 10 8 9 1 0 10 5 10 11 5 10 3 0 11
split_gain=6882.1 2391.86 791.78 128.14 125.544 80.5727 76.1679 74.1032 49.3307 46.2647 44.4456 42.7395 42.0459 34.7079 27.9602 26.5287 50.9915 26.0339 24.8615 24.6222 24.5609 22.9119 21.6921 20.0434 19.2707 17.9107 17.1441 32.6849 17.0366 16.7293 16.3454 16.3781 15.5678 15.1223 15.0892 12.638 12.5724 12.9516 12.4017 13.2008 19.1219 15.5308 11.9611 11.8346 11.7037 11.374 11.3417 11.1055 10.6037 10.5117 10.4012 11.1764 14.8765 10.2159 10.1432 9.37336 12.8083 9.0486 8.72336 8.7072 9.78796 8.40379
threshold=0.025000000000000005 -1.0000000180025095e-35 1.7450000000000003 0.083333333333333315 0.84500000000000008 0.083333333333333315 0.78656609248549303 0.13500000000000004 2.6150000000000007 0.35000000000000003 0.6830127018922193 1.0000000180025095e-35 1.0000000180025095e-35 0.25881904510252091 0.25000000000000017 0.22500000000000003 0.60355339059327384 1.0000000180025095e-35 0.12940952255126045 0.25881904510252091 0.62500000000000011 1.0000000180025095e-35 -0.5 -0.6830127018922193 0.35000000000000003 -0.37940952255126015 2.4550000000000005 1.0000000180025095e-35 0.95000000000000007 2.4150000000000005 0.55000000000000016 1.0000000180025095e-35 0.85500000000000009 2.8050000000000002 0.78333333333333355 1.2850000000000004 2.0250000000000004 0.083333333333333315 0.64166666666666683 0.95000000000000007 -0.5 0.37940952255126054 0.95000000000000007 -0.37940952255126059 0.65500000000000014 -0.6830127018922193 0.9230993235070114 0.68301270189221941 0.68301270189221941 -0.70710678118654735 -0.12940952255126037 0.21500000000000002 0.34500000000000003 0.68301270189221941 0.55000000000000016 0.25000000000000011 0.25000000000000017 1.0000000180025095e-35 -0.24999999999999994 0.8500000000000002 1.3050000000000004 0.6830127018922193
decision_type=2 2 2 2 2 2 2 2 2 2 2 2 2 2 2 2 2 2 2 2 2 2 2 2 2 2 2 2 2 2 2 2 2 2 2 2 2 2 2 2 2 2 2 2 2 2 2 2 2 2 2 2 2 2 2 2 2 2 2 2 2 2
left_child=1 5 4 26 7 45 14 13 12 17 28 18 29 30 42 16 35 22 24 36 -14 23 -6 -20 53 38 27 -4 55 -5 31 -2 -27 -10 -12 47 37 -11 -17 40 -40 -42 -7 -30 -18 -1 -21 50 -22 -39 -9 -52 -53 -3 -16 -8 -57 -25 -56 -51 -61 -41
right_child=2 11 3 8 9 6 10 15 33 19 34 -13 20 -15 54 25 44 -19 21 46 48 -23 -24 57 -26 32 -28 -29 43 -31 -32 -33 -34 -35 -36 -37 -38 49 39 61 41 -43 -44 -45 -46 -47 -48 -49 -50 59 51 52 -54 -55 58 56 -58 -59 -60 60 -62 -63
leaf_value=-1.2859567275375662e-05 9.0104354508670219e-06 -8.467200349638663e-05 0.00171809025869753 0.0008686530222144198 4.1264348877941283e-05 4.0019174155563781e-05 -5.3517543548932131e-05 0.0013095970929875413 0.002612843634982303 0.0020778446311783827 -9.3662277450147992e-05 -3.1341742720375826e-05 0.0036141079883471126 -6.7195196758571224e-05 -2.2261361462126356e-05 0.00013598717127067116 -1.1141522681982e-05 0.0030363973688169099 -8.467200349638663e-05 -9.825151555091601e-05 0.0013486509475216318 -8.5006315555504679e-05 0.0012399236567171294 -8.467200349638663e-05 -8.467200349638663e-05 3.8548690723962243e-05 0.006019221981812848 0.0043223702802863096 -8.4489238249841632e-05 0.0016978361399200296 -5.1670661821471146e-05 0.00021613955389698092 -0.00049382101739141229 0.0041707327410232392 -9.1925949683334819e-05 0.0016371569534343454 0.0019705834067986656 0.00038032333109595026 0.0014697664273661108 0.00023907136631471461 0.0012639100155164603 2.0361330667066045e-05 -8.1499561752725818e-06 -8.7023175111984602e-05 0.00027059993057415907 1.9790759554834764e-05 0.00029924241469707623 0.00096550648757598413 0.0029513868183750442 0.0022911010436878908 -0.00034525744161070457 0.0007145762570363788 0.00017389757111933315 -8.467200349638663e-05 -1.2041950661622933e-05 3.144138174377558e-05 -8.7023175111984602e-05 -8.467200349638663e-05 -9.760545123426676e-05 0.00087611306460433998 1.6388773587133197e-05 -5.2459872687036364e-05
leaf_weight=642 248 536 412 728 127 589 500 536 451 179 332 101 457 883 825 1769 574 491 2346 306 147 397 203 2321 731 1005 1080 447 268 403 499 276 104 536 238 208 286 540 92 868 482 220 508 272 475 1454 103 330 106 279 93 81 198 194 200 223 105 4843 465 394 122 187
leaf_count=642 248 536 412 728 127 589 500 536 451 179 332 101 457 883 825 1769 574 491 2346 306 147 397 203 2321 731 1005 1080 447 268 403 499 276 104 536 238 208 286 540 92 868 482 220 508 272 475 1454 103 330 106 279 93 81 198 194 200 223 105 4843 465 394 122 187
internal_value=-0.0045245 -0.0173888 0.00922545 0.0195868 0.00516161 -0.00303081 -0.00528281 0.00340453 0.0155037 0.010452 -0.00977824 -0.0256765 0.0125896 -0.00185632 -0.00191267 0.00479302 0.00729567 0.0165328 -0.0258492 0.00818552 0.0183122 -0.0263938 0.00996979 -0.0266912 -0.0221409 0.00347081 0.0255309 0.0222907 -0.00683711 0.0089841 0.0019043 0.0056 0.000135135 0.0209211 -0.0168126 0.0109468 0.00969461 0.00859406 0.00449295 0.00621081 0.00913208 0.00742532 0.00172131 -0.0109797 0.00225714 0.00183119 0.00153659 0.00978208 0.010748 0.00756737 0.00805281 0.00418231 0.00717857 -0.018632 -0.00458753 -0.00412545 -0.000182371 -0.027492 -0.00734234 0.00976131 0.00742747 0.00400568
internal_weight=35015 18090 16925 4767 12158 6621 4525 9128 2828 3030 1938 11469 1841 1906 2587 7222 2495 821 11368 2209 710 9907 330 9510 1461 4727 1939 859 1368 1131 1023 524 1109 987 570 1446 1800 1514 3618 1849 794 702 1097 540 1049 2096 409 1238 253 1335 908 372 279 730 1490 828 328 7164 665 795 516 1055
internal_count=35015 18090 16925 4767 12158 6621 4525 9128 2828 3030 1938 11469 1841 1906 2587 7222 2495 821 11368 2209 710 9907 330 9510 1461 4727 1939 859 1368 1131 1023 524 1109 987 570 1446 1800 1514 3618 1849 794 702 1097 540 1049 2096 409 1238 253 1335 908 372 279 730 1490 828 328 7164 665 795 516 1055
is_linear=0
shrinkage=0.03


Tree=64
num_leaves=63
num_cat=0
split_feature=1 8 1 8 8 8 6 3 3 10 8 10 11 8 8 11 11 11 2 5 8 11 2 8 8 6 10 10 8 8 8 3 8 5 2 11 11 6 4 6 10 11 2 7 2 8 8 10 2 3 6 2 1 1 10 8 1 2 3 11 6 10
split_gain=5214.85 1416.57 544.783 254.153 341.346 410.985 140.381 114.639 93.3256 70.3453 67.5178 61.4851 41.8119 41.7557 39.9666 39.9481 38.5887 35.4564 34.9409 33.615 31.7836 30.3021 29.8628 25.5239 24.5128 23.0605 22.1037 20.9536 20.547 18.0788 31.8723 22.6496 17.2161 18.8242 16.2415 16.0895 15.9966 15.7337 15.7202 15.1726 14.8972 14.6124 14.1388 14.1084 13.9468 16.8733 18.3157 16.2346 13.6411 13.465 20.7504 19.5973 12.3114 11.9359 11.6336 11.4755 10.732 10.6349 9.96528 9.86152 9.34876 9.33851
threshold=0.015000000000000001 -1.0000000180025095e-35 1.7250000000000003 0.91597561503675362 0.25881904510252091 0.37940952255126054 0.72773610537564315 0.45000000000000007 0.75000000000000011 -0.5 -0.60355339059327362 0.25000000000000011 0.6830127018922193 0.37940952255126054 -0.70710678118654735 0.6830127018922193 -0.5 0.6830127018922193 0.55000000000000016 0.083333333333333315 0.37940952255126054 -0.5 0.35000000000000003 0.78656609248549325 -0.70710678118654735 0.9919160630702849 0.25000000000000011 1.0000000180025095e-35 0.98296291314453421 -0.91597561503675329 0.37940952255126054 0.35000000000000003 0.12940952255126045 0.15000000000000005 0.55000000000000016 1.0000000180025095e-35 0.25000000000000017 0.46106475055297069 0.37222222222222229 0.9919160630702849 1.0000000180025095e-35 0.25000000000000017 0.15000000000000005 1.0246784706305281 0.75000000000000011 -0.91597561503675329 -0.78656609248549303 0.68301270189221941 0.15000000000000005 0.75000000000000011 0.9919160630702849 1.0000000180025095e-35 1.9950000000000003 0.97500000000000009 0.68301270189221941 0.78656609248549325 2.5650000000000004 1.0000000180025095e-35 0.95000000000000007 0.25000000000000017 0.35816297423289001 1.0000000180025095e-35
decision_type=2 2 2 2 2 2 2 2 2 2 2 2 2 2 2 2 2 2 2 2 2 2 2 2 2 2 2 2 2 2 2 2 2 2 2 2 2 2 2 2 2 2 2 2 2 2 2 2 2 2 2 2 2 2 2 2 2 2 2 2 2 2
left_child=1 6 8 4 32 22 14 13 11 49 15 29 27 24 41 40 28 25 -14 56 34 48 -6 -19 26 -11 -4 59 -5 43 31 -31 33 54 52 -16 -29 60 -17 -36 57 -1 -26 -2 45 -42 47 -47 -13 50 -7 -52 -21 -23 -3 -53 -9 -8 -41 -12 -10 -39
right_child=2 3 7 16 5 9 10 19 37 17 12 21 18 -15 35 38 -18 23 -20 20 -22 53 -24 -25 42 -27 -28 36 -30 30 -32 -33 -34 -35 39 -37 -38 61 -40 58 44 -43 -44 -45 -46 46 -48 -49 -50 -51 51 55 -54 -55 -56 -57 -58 -59 -60 -61 -62 -63
leaf_value=-5.710701848422759e-05 0.00051658957185156493 -8.2131843391495019e-05 0.00091063129825621786 -8.2131843391495019e-05 0.0038690088420741098 -8.2131843391495019e-05 -4.1873497895464472e-05 0.002023490784301456 5.1493247917595608e-05 -8.2131843391495019e-05 -5.0054184497198483e-05 -0.0001287853646036992 -2.6972854294176939e-05 0.00076730258358054856 -8.4654334139221412e-05 1.0950527101339578e-05 -8.2131843391495019e-05 -8.2131843391495019e-05 -9.1080205605457697e-05 0.0010596035033758615 -0.00019090961345944929 0.0013246712070235464 0.0011332390188720748 -8.2131843391495019e-05 0.0059057465571493058 -8.4453866628156566e-05 0.0030149772126369071 1.8982140699241421e-05 -8.2131843391495019e-05 0.0028184239162184692 1.3333762897612295e-05 0.0011809592896392641 -8.2131843391495019e-05 -8.2131843391495019e-05 0.00076061856088845635 -8.4417778460346493e-05 -8.4414801044190244e-05 0.00017024526417452277 -4.4544060058291347e-05 0.0022509491809327709 0.00037150869565942492 -0.00010228196896299986 0.0039183398786527468 -0.00076624299397134998 2.1992976171121115e-05 0.00011341493094028629 0.00011790662182511827 -1.6617004048267174e-05 0.00059543115637176623 -8.2131843391495019e-05 -8.8632600163118517e-05 -8.2131843391495019e-05 0.0031790594166806949 0.0026909575029769911 -8.2131843391495019e-05 -8.8632600163118517e-05 0.0045093503433564072 2.3982194419698113e-05 0.00036773191786880624 -1.6362584523805025e-07 -0.00021294647681061412 0.00037629846472915214
leaf_weight=472 736 389 160 895 115 125 150 213 1194 1143 564 99 267 166 331 563 2854 908 414 88 108 557 356 479 994 2614 202 798 478 338 308 420 1457 895 321 174 202 1575 792 747 199 284 971 91 506 120 298 184 108 1045 269 745 449 374 171 392 210 871 114 239 106 1621
leaf_count=472 736 389 160 895 115 125 150 213 1194 1143 564 99 267 166 331 563 2854 908 414 88 108 557 356 479 994 2614 202 798 478 338 308 420 1457 895 321 174 202 1575 792 747 199 284 971 91 506 120 298 184 108 1045 269 745 449 374 171 392 210 871 114 239 106 1621
internal_value=-0.00457164 -0.0130709 0.0111922 -0.0182806 -0.0158943 -0.0127551 -0.00231794 0.0191547 0.00617295 -0.0144152 -0.000452335 0.0102408 -0.00427364 0.0235886 -0.0114342 0.00212541 -0.0245435 -0.0164431 -0.0106012 0.0142337 0.0124562 0.0157507 0.014428 -0.0205548 0.0246263 -0.0149202 0.0173554 -0.00187916 -0.0203712 0.00692186 0.00950328 0.0128063 -0.0247168 -0.0223558 0.0134477 -0.0179644 0.00101898 0.00342895 -0.00196903 0.0114624 0.00450837 -0.00705416 0.0259563 0.00358696 0.00662844 0.00908978 0.00656716 0.00137705 0.00533654 -0.0103609 -0.00855744 -0.00750533 0.0177881 0.0180579 -0.0179679 -0.00577329 0.0218632 0.00179061 0.0135383 -0.00548507 0.000645657 0.00456053
internal_weight=35028 22758 12270 15330 11103 8191 7428 4743 7527 7720 6167 3031 2484 2493 1261 3683 4227 5144 681 2250 1827 1138 471 1387 2327 3757 362 1803 1373 1893 1066 758 2912 1455 1719 505 1000 4496 1355 1182 2328 756 1965 827 1307 801 602 304 207 2576 1531 1406 537 931 560 1137 423 1021 861 803 1300 3196
internal_count=35028 22758 12270 15330 11103 8191 7428 4743 7527 7720 6167 3031 2484 2493 1261 3683 4227 5144 681 2250 1827 1138 471 1387 2327 3757 362 1803 1373 1893 1066 758 2912 1455 1719 505 1000 4496 1355 1182 2328 756 1965 827 1307 801 602 304 207 2576 1531 1406 537 931 560 1137 423 1021 861 803 1300 3196
is_linear=0
shrinkage=0.03


Tree=65
num_leaves=63
num_cat=0
split_feature=0 0 5 9 1 1 6 0 9 3 0 0 4 9 9 9 0 11 11 0 11 6 9 11 2 5 11 10 10 9 3 9 11 3 0 9 1 9 2 10 10 10 1 5 9 11 5 1 0 10 1 10 10 9 3 6 4 10 0 0 3 1
split_gain=6790.63 718.836 160.031 150.057 129.826 126.265 108.709 78.5421 68.7209 61.4925 51.0575 50.3297 44.9932 43.903 39.6736 231.925 38.802 34.152 31.0306 28.8836 48.6525 26.6619 22.5671 29.0704 20.4322 20.4135 19.2387 18.9124 17.9253 16.657 16.0051 15.8998 15.5951 16.5699 15.1615 14.8503 16.9852 14.754 14.9007 14.3668 13.9234 13.4532 13.0776 12.5329 12.4183 18.3739 12.3279 12.2461 12.196 11.9915 11.9172 10.6472 9.98094 9.7422 9.70953 9.68766 9.50222 9.33274 9.30651 11.5109 8.82085 8.77959
threshold=0.025000000000000005 1.6450000000000002 0.15000000000000005 0.37940952255126048 0.32500000000000007 0.025000000000000005 0.9919160630702849 1.0000000180025095e-35 0.98296291314453421 0.35000000000000003 2.4250000000000003 1.0000000180025095e-35 0.51666666666666683 0.78656609248549303 0.1294095225512602 0.25881904510252057 0.55500000000000016 1.0000000180025095e-35 1.0000000180025095e-35 2.8050000000000002 1.0000000180025095e-35 0.9919160630702849 -0.12940952255126037 -0.24999999999999994 0.35000000000000003 0.22500000000000003 0.6830127018922193 0.25000000000000011 1.0000000180025095e-35 0.78656609248549303 0.62500000000000011 -0.70710678118654757 0.25000000000000017 0.8500000000000002 0.13500000000000004 -0.12940952255126037 1.0000000180025095e-35 -0.5 0.55000000000000016 -0.6830127018922193 0.68301270189221941 0.68301270189221941 1.8050000000000004 0.95000000000000007 0.60355339059327384 0.25000000000000017 0.22500000000000003 2.0250000000000004 0.72500000000000009 -0.24999999999999994 2.4150000000000005 0.25000000000000011 -0.5 0.78656609248549303 0.95000000000000007 0.72773610537564315 0.27761904761904771 0.25000000000000011 0.65500000000000014 1.175 0.25000000000000006 2.5050000000000003
decision_type=2 2 2 2 2 2 2 2 2 2 2 2 2 2 2 2 2 2 2 2 2 2 2 2 2 2 2 2 2 2 2 2 2 2 2 2 2 2 2 2 2 2 2 2 2 2 2 2 2 2 2 2 2 2 2 2 2 2 2 2 2 2
left_child=3 4 19 5 16 7 13 14 11 18 17 12 29 39 -1 -16 34 57 56 20 28 47 -9 -24 -12 40 -14 31 -3 44 -19 -20 33 -15 35 36 51 -18 -39 -5 -10 42 48 -36 45 52 60 -11 -23 -50 -26 -2 -8 -28 -46 -37 58 -4 -6 -60 -47 -30
right_child=1 2 10 6 9 -7 8 22 25 21 24 -13 26 32 15 -17 37 30 27 -21 -22 41 23 -25 50 -27 53 -29 61 -31 -32 -33 -34 -35 43 55 -38 38 -40 -41 -42 -43 -44 -45 54 46 -48 -49 49 -51 -52 -53 -54 -55 -56 -57 -58 -59 59 -61 -62 -63
leaf_value=-7.9667888089750172e-05 -3.1318411544160669e-05 0.0010861305879837867 0.00043787780270363672 -7.9667888089750172e-05 -8.789302221821477e-05 0.0004410198189325811 -8.5973622158224962e-05 -8.2779606146438369e-05 -7.9667888089750172e-05 0.00018381123857886262 0.0037044477121613087 9.097273440423855e-05 -7.9667888089750172e-05 -7.9667888089750172e-05 -2.926408418029245e-05 -7.9667888089750172e-05 0.00061195001199701969 0.0032661423593807804 0.002720027929469702 0.0061672774312128498 0.0042820565413617534 0.00077381496199062708 -7.9576314511260052e-05 -3.2169784817665774e-05 0.0014603400183889569 -7.9667888089750172e-05 -7.9667888089750172e-05 0.0026373823645341626 0.0016714651739461249 -7.9667888089750172e-05 0.0013984571779290383 0.001277843084710304 -7.9667888089750172e-05 -7.9667888089750172e-05 5.495822167719953e-05 -7.5837782761265784e-05 2.7901938857213536e-05 -0.00016589816857349475 0.00034728814817555561 -7.9667888089750172e-05 -7.9667888089750172e-05 0.0011572879503724139 0.0016310282724690693 0.00028850735427296878 -8.9423729854373458e-05 -7.9807914428817338e-05 -7.9667888089750172e-05 0.0019419205418576789 0.00015474994764446968 0.00082785543855848874 0.0027335577101571082 -8.6321326957853901e-05 -7.9807914428817338e-05 -7.9667888089750172e-05 -7.9667888089750172e-05 0.00010151590999707173 0.0014017904008621781 0.0019187707902264188 0.00062163683618947504 0.00010800904720553617 6.1057272345108051e-06 0.0028988519533616019
leaf_weight=2273 428 281 746 398 107 80 249 328 432 1453 406 114 1608 489 593 1462 1447 355 176 807 899 668 129 238 258 486 485 326 363 2889 267 281 675 850 2809 181 295 191 117 1161 151 466 260 136 1298 279 163 114 511 482 452 315 428 497 119 634 82 210 163 112 134 251
leaf_count=2273 428 281 746 398 107 80 249 328 432 1453 406 114 1608 489 593 1462 1447 355 176 807 899 668 129 238 258 486 485 326 363 2889 267 281 675 850 2809 181 295 191 117 1161 151 466 260 136 1298 279 163 114 511 482 452 315 428 497 119 634 82 210 163 112 134 251
internal_value=-0.00447801 0.0090915 0.0182685 -0.0173247 0.00495619 -0.021683 -0.0155997 -0.0222791 -0.0138926 0.00849481 0.0131354 -0.0129635 -0.0132405 -0.0200532 -0.0237838 -0.0207344 0.00214678 0.00965168 0.0143029 0.023578 0.0214262 0.00665992 -0.0128879 -0.00774457 0.0180483 -0.0210561 -0.016511 0.0179464 0.0164397 -0.011714 0.0151204 0.013952 -0.0229876 -0.0210672 0.000750156 -0.0013754 -0.00375361 0.00596241 0 -0.01625 -0.0172089 0.00865578 0.00753902 0.00208758 -0.00999626 -0.012177 -0.0082149 0.00361607 0.00655235 0.00443662 0.0149367 -0.00616935 -0.015531 -0.0198372 -0.00806065 0.00165441 0.00812903 0.0060815 0.00610966 0.00902174 -0.00543478 0.0193171
internal_weight=35057 17049 5295 18008 11754 5103 12905 5023 9332 5201 2694 8263 8149 3573 4328 2055 6553 1578 1247 2601 1794 3954 695 367 1116 1069 2590 783 895 5559 622 457 2014 1339 4798 1853 1038 1755 308 1559 583 2387 1921 2945 2670 1253 576 1567 1661 993 710 743 677 982 1417 815 464 956 382 275 413 614
internal_count=35057 17049 5295 18008 11754 5103 12905 5023 9332 5201 2694 8263 8149 3573 4328 2055 6553 1578 1247 2601 1794 3954 695 367 1116 1069 2590 783 895 5559 622 457 2014 1339 4798 1853 1038 1755 308 1559 583 2387 1921 2945 2670 1253 576 1567 1661 993 710 743 677 982 1417 815 464 956 382 275 413 614
is_linear=0
shrinkage=0.03


Tree=66
num_leaves=63
num_cat=0
split_feature=0 0 9 5 1 0 2 0 3 9 9 2 0 9 9 11 0 1 9 9 11 0 11 9 9 1 10 1 4 10 11 10 3 4 1 7 10 3 2 3 11 5 11 9 10 7 5 0 9 3 2 9 10 9 5 4 10 0 11 10 10 10
split_gain=6482.94 701.504 150.058 143.155 134.999 121.584 110.811 81.2357 63.7369 63.1645 52.2882 51.4595 46.7671 42.2682 242.086 42.0452 42.642 42.0182 31.7327 27.5519 26.0545 23.2641 39.3291 22.5432 22.5329 22.0778 22.9685 21.3322 19.7338 21.3919 19.2099 18.4657 17.9394 18.6439 15.7269 20.249 16.098 15.636 14.5772 14.5731 14.5325 15.163 13.8149 12.6948 12.5715 11.9624 11.848 10.8753 19.2725 10.5634 10.0898 9.99667 9.60164 9.0824 14.8688 8.87931 8.80328 8.80086 8.84286 8.5934 8.3528 8.27071
threshold=0.025000000000000005 1.7620000000000002 0.37940952255126048 0.083333333333333315 0.025000000000000005 0.38500000000000006 0.55000000000000016 1.0000000180025095e-35 0.57500000000000007 0.91597561503675351 0.98296291314453421 0.55000000000000016 1.0000000180025095e-35 0.1294095225512602 0.25881904510252057 1.0000000180025095e-35 0.96500000000000008 0.24500000000000002 -0.70710678118654757 -0.12940952255126037 -0.24999999999999994 2.4550000000000005 -0.5 0.78656609248549303 -0.12940952255126037 0.23500000000000001 0.25000000000000011 1.1450000000000002 0.58333333333333337 0.25000000000000011 0.6830127018922193 0.25000000000000011 0.95000000000000007 0.64166666666666683 0.78500000000000014 1.0369748943574448 -0.5 0.95000000000000007 0.15000000000000005 0.95000000000000007 0.6830127018922193 0.15000000000000005 -0.9330127018922193 -0.70710678118654757 -0.93301270189221908 0.94161878555775524 0.083333333333333315 0.065000000000000016 0.1294095225512602 0.25000000000000006 0.25000000000000006 0.98296291314453421 1.0000000180025095e-35 0.78656609248549303 0.15000000000000005 0.083333333333333315 -0.24999999999999994 3.0450000000000004 -0.68301270189221952 1.0000000180025095e-35 0.25000000000000011 0.25000000000000011
decision_type=2 2 2 2 2 2 2 2 2 2 2 2 2 2 2 2 2 2 2 2 2 2 2 2 2 2 2 2 2 2 2 2 2 2 2 2 2 2 2 2 2 2 2 2 2 2 2 2 2 2 2 2 2 2 2 2 2 2 2 2 2 2
left_child=2 5 4 21 7 17 10 13 15 12 23 18 30 -1 -15 34 25 47 38 -9 -21 22 -3 42 32 28 45 -13 29 -17 37 43 33 46 50 36 -36 -8 -5 -19 41 -11 -4 -29 -25 -27 -10 48 -2 -18 -7 -43 -26 54 -32 -46 -34 58 -40 -23 -22 -12
right_child=1 3 6 11 -6 8 9 19 24 40 61 27 -14 14 -16 16 49 39 -20 20 60 59 -24 44 52 26 -28 31 -30 -31 53 -33 56 -35 35 -37 -38 -39 57 -41 -42 51 -44 -45 55 -47 -48 -49 -50 -51 -52 -53 -54 -55 -56 -57 -58 -59 -60 -61 -62 -63
leaf_value=-7.7277851447057674e-05 -7.9249041714084701e-05 0.00095171455510673466 -7.7277851447057674e-05 0.0044033721508591204 0.00041963315298190561 -2.2065110476059968e-05 -7.7277851447057674e-05 -8.0922803827977984e-05 0.00069164567480381857 -7.7277851447057674e-05 -7.7277851447057674e-05 8.283839029469608e-05 6.4809518114375888e-05 -2.9026575618832997e-05 -7.7277851447057674e-05 0.00028868441002992878 0.0023609547990021819 0.00067034235332795455 0.00087932647554528364 -7.7189025075922264e-05 -0.00010004333366308619 0.0041012783248304202 0.0035849445464383838 -7.7277851447057674e-05 -0.00032432680631229867 0.0016984257751009549 0.0023540111281332246 0.0015048040822983021 0.0013371413549900582 -0.00023682356522939372 -7.7482192400504384e-05 0.0031768194847365751 7.8895668708486014e-05 0.001195720366487376 0.00085102182177773926 -0.00011951499236844604 0.0015620265326443527 -7.7277851447057674e-05 0.0012571620850276644 0.00011717603378233215 -7.7277851447057674e-05 -7.7277851447057674e-05 -7.7903665967018852e-05 -0.00017254901625686101 -7.7277851447057674e-05 -0.00027348056392418105 0.00035148518845180582 1.163206983781119e-05 7.0820487956891367e-05 0.0021239096555578816 0.00036800678015587159 -7.7277851447057674e-05 0.00018035601417884821 -7.7277851447057674e-05 -7.7277851447057674e-05 -7.7277851447057674e-05 0.00031807863659261831 0.0034932090161816642 0.0023285551305188001 0.005843091529236572 0.00010104277429750791 -7.7277851447057674e-05
leaf_weight=2260 584 266 123 437 87 330 1905 317 267 415 384 192 89 597 1470 123 640 451 196 125 140 234 600 213 186 186 171 669 105 103 164 306 820 979 140 90 232 1608 121 469 703 974 2143 81 1440 82 1295 2952 282 307 222 469 190 479 830 711 1041 185 606 863 80 232
leaf_count=2260 584 266 123 437 87 330 1905 317 267 415 384 192 89 597 1470 123 640 451 196 125 140 234 600 213 186 186 171 669 105 103 164 306 820 979 140 90 232 1608 121 469 703 974 2143 81 1440 82 1295 2952 282 307 222 469 190 479 830 711 1041 185 606 863 80 232
internal_value=-0.00462588 0.00865032 -0.0171958 0.0184276 -0.0215679 0.00485222 -0.0154716 -0.0222144 0.00722636 -0.0177792 -0.0121098 0.0140551 -0.0158333 -0.023713 -0.0205851 0.0108821 0.0137427 0.00108884 0.0177167 -0.0123982 -0.00650289 0.0246385 0.0208997 -0.0110127 0.00513497 0.00848249 0.0128864 0.00951161 0.00262048 -0.00237885 -0.0162182 0.0111826 0.005737 0.00737608 0.00602956 0.010108 0.0131903 -0.015 0.0193556 0.00684039 -0.0216276 -0.0202044 -0.00886634 0.0086285 -0.0130655 0.00736059 0.00533589 -0.000298507 -0.0032526 0.0180063 0.00260398 -0.021669 -0.00190981 -0.0191113 -0.0174271 -0.0123652 0.00349624 0.0171522 0.0156181 0.0275683 -0.000271493 -0.0203241
internal_weight=34961 17003 17958 4756 5076 12247 12882 4989 7509 7636 5246 2793 5075 4327 2067 2731 1717 4738 1545 662 345 1963 866 4630 4778 770 439 1248 331 226 4986 1056 4402 2541 1014 462 372 3513 1349 920 2561 1858 2266 750 2364 268 1562 3818 866 947 552 1443 376 1473 994 2151 1861 912 727 1097 220 616
internal_count=34961 17003 17958 4756 5076 12247 12882 4989 7509 7636 5246 2793 5075 4327 2067 2731 1717 4738 1545 662 345 1963 866 4630 4778 770 439 1248 331 226 4986 1056 4402 2541 1014 462 372 3513 1349 920 2561 1858 2266 750 2364 268 1562 3818 866 947 552 1443 376 1473 994 2151 1861 912 727 1097 220 616
is_linear=0
shrinkage=0.03


Tree=67
num_leaves=63
num_cat=0
split_feature=0 8 1 6 0 5 3 8 8 9 8 9 3 1 3 4 0 10 1 8 8 5 10 3 8 4 10 8 1 5 6 4 6 7 9 0 8 8 0 0 0 10 4 10 10 8 0 10 5 8 0 6 3 3 3 10 4 10 5 1 0 3
split_gain=6447.05 2493.4 665.273 134.895 125.839 104.211 80.4705 59.5229 58.5786 45.587 43.7623 42.6983 40.7077 37.2718 34.0223 33.719 27.1026 26.5258 23.68 21.6378 21.1312 28.6479 20.1156 19.7277 19.7178 19.4625 19.2363 18.0505 17.9767 16.2693 15.4395 15.2552 14.6409 14.6176 20.0944 13.3058 13.1113 12.9692 12.6091 11.1762 11.1663 10.7864 15.0835 10.6818 10.4706 10.413 10.2819 10.2436 9.60526 9.46953 9.94765 9.36966 9.1386 9.04776 8.54779 8.50087 8.2502 8.14853 7.89271 7.7257 7.7072 7.67226
threshold=0.025000000000000005 -1.0000000180025095e-35 1.8450000000000004 0.81569335171151025 0.87500000000000011 0.083333333333333315 0.35000000000000003 0.60355339059327384 0.37940952255126054 0.78656609248549303 0.37940952255126054 0.78656609248549303 0.45000000000000007 1.0000000180025095e-35 0.95000000000000007 0.083333333333333315 0.115 0.25000000000000011 2.6650000000000005 -0.91597561503675329 0.12940952255126045 0.35000000000000003 -0.6830127018922193 0.8500000000000002 -0.91597561503675329 0.083333333333333315 -0.5 -0.70710678118654735 0.51500000000000012 1.0000000180025095e-35 0.97587888928342192 0.058333333333333307 0.9919160630702849 0.97432427743659145 -0.12940952255126037 1.0000000180025095e-35 0.37940952255126054 -0.98296291314453399 1.1150000000000004 2.1150000000000007 0.75500000000000012 0.68301270189221941 0.58333333333333337 0.68301270189221941 -0.93301270189221908 -0.37940952255126059 0.31500000000000006 0.25000000000000011 1.0000000180025095e-35 0.78656609248549325 0.65500000000000014 0.81569335171151025 0.95000000000000007 0.25000000000000006 0.083333333333333315 -0.6830127018922193 0.96250000000000002 -0.6830127018922193 0.22500000000000003 2.6150000000000007 0.91500000000000015 0.25000000000000006
decision_type=2 2 2 2 2 2 2 2 2 2 2 2 2 2 2 2 2 2 2 2 2 2 2 2 2 2 2 2 2 2 2 2 2 2 2 2 2 2 2 2 2 2 2 2 2 2 2 2 2 2 2 2 2 2 2 2 2 2 2 2 2 2
left_child=1 3 4 11 8 18 7 24 14 19 12 -1 27 20 17 47 61 30 36 -5 21 43 -22 37 26 57 -6 -7 -16 55 -2 49 -17 34 40 48 54 -8 -26 60 -32 42 -34 -3 -39 -13 -33 -11 -24 -18 -51 -46 59 -31 -4 -21 -55 -14 -19 -27 -25 -10
right_child=2 13 5 9 6 10 23 -9 16 15 -12 45 25 -15 28 32 31 58 -20 29 22 -23 35 39 38 52 -28 -29 -30 53 33 46 41 -35 -36 -37 -38 44 -40 -41 -42 -43 -44 -45 51 -47 -48 -49 -50 50 -52 -53 -54 56 -56 -57 -58 -59 -60 -61 -62 -63
leaf_value=-8.5150812037554125e-05 -7.0811328211628255e-05 -7.4959515903645947e-05 0.0037694679031967824 -1.9902625499735019e-05 -0.0002624116088443579 0.0013796914698756639 -0.00014707827742601486 0.00010337430777376394 -6.9139557826479185e-05 -1.1018715121494529e-05 -0.00013268063207284964 -8.721217668717931e-05 0.0021442364474829468 -3.3647202891659546e-05 9.8174277607165214e-06 -7.5926349774087668e-05 -0.00026083335381579169 0.0005113889110803843 0.0054953277917443267 1.3017105076483506e-05 -7.4959515903645947e-05 -7.4959515903645947e-05 -7.4959515903645947e-05 0.000888508424739628 0.0016417320807037672 0.0011628206304236215 0.0016489393439572046 0.0035823048646575787 0.00034111810569179723 -3.3989521930313668e-05 0.0012400257639480574 -2.0320975773406927e-06 -1.9318814325722167e-05 -0.0007111699401729962 0.00014217744785726904 -7.5289210599479211e-05 0.00086820018347400494 0.00036349182712571923 0.0025172006037765559 0.0017251689025844993 0.00049121045140733388 -1.5607928229252263e-06 -8.3639427251189739e-05 -7.4959515903645947e-05 0.0002122753266801497 -7.7171574318710438e-05 0.00021585238927787761 2.678743546448539e-05 -7.4959515903645947e-05 -2.8857257590546493e-05 0.00031094928326962367 0.001276513675479698 0.00078996924800429046 2.5224328349968672e-05 0.0025304313446486136 7.7845798636980954e-05 -0.00011034606450331049 0.0032541044516807894 0.00056154544179806416 0.0026219150960745188 0.00022567122261281616 -5.5786286587674393e-05
leaf_weight=690 290 534 427 750 84 112 92 315 114 506 157 281 149 106 1575 216 143 584 944 266 2423 724 2287 86 153 552 255 770 597 114 525 809 518 124 625 331 109 184 804 134 104 288 447 203 107 269 1030 389 4812 326 90 1229 210 1056 312 715 105 271 548 386 1094 625
leaf_count=690 290 534 427 750 84 112 92 315 114 506 157 281 149 106 1575 216 143 584 944 266 2423 724 2287 86 153 552 255 770 597 114 525 809 518 124 625 331 109 184 804 134 104 288 447 203 107 269 1030 389 4812 326 90 1229 210 1056 312 715 105 271 548 386 1094 625
internal_value=-0.00465532 -0.0171604 0.00857269 -0.00249584 0.0050763 0.0186205 0.00907669 0.0144603 0.00283724 -0.000435673 0.0147814 -0.0114102 0.015765 -0.0256475 0.00486226 -0.0035518 -0.000372849 0.00704748 0.0241941 0.0020153 -0.0258135 -0.0223871 -0.0263193 0.00610864 0.0173015 0.0128489 0.0110294 0.0209287 0.00204326 0.0034825 0.00463751 0.00117549 -0.00634694 0.00596084 0.00693227 -0.0271054 0.0204947 0.0083323 0.0195094 0.00337643 0.0107143 -0.00509569 -0.00661491 -0.0181707 0.00899408 -0.0176407 0.00249457 0.00103795 -0.0273845 -0.00316071 -0.000863309 0.00991773 0.0108094 0.00124608 0.0219324 0.00638493 0.00203959 0.0183848 0.0105914 0.0120767 0.00243861 -0.00539189
internal_weight=35075 18030 17045 6610 12646 4399 4537 1611 8109 5370 2607 1240 2450 11420 4972 2364 3137 2800 1792 3006 11314 1461 9853 2926 1296 1568 339 882 2172 2256 1668 2398 1469 1378 1254 7430 848 1612 957 1314 629 1253 965 737 1520 550 1839 895 7099 559 416 1336 1148 1275 739 981 1161 420 1132 938 1180 739
internal_count=35075 18030 17045 6610 12646 4399 4537 1611 8109 5370 2607 1240 2450 11420 4972 2364 3137 2800 1792 3006 11314 1461 9853 2926 1296 1568 339 882 2172 2256 1668 2398 1469 1378 1254 7430 848 1612 957 1314 629 1253 965 737 1520 550 1839 895 7099 559 416 1336 1148 1275 739 981 1161 420 1132 938 1180 739
is_linear=0
shrinkage=0.03


Tree=68
num_leaves=63
num_cat=0
split_feature=0 8 0 6 5 1 9 5 11 0 0 0 0 11 8 11 11 6 8 2 8 11 10 8 9 11 10 0 2 0 5 10 6 11 9 8 10 5 10 2 10 11 7 10 8 9 8 11 1 1 10 7 1 10 2 5 7 0 5 2 8 5
split_gain=6368.46 2527.32 698.57 135.381 130.051 105.199 72.6734 52.926 52.2641 49.5373 46.9394 36.0804 34.579 58.9375 30.8639 29.8789 29.1998 29.8572 29.1382 30.8535 27.6357 24.3505 22.7318 21.6276 21.3836 20.9925 26.5956 20.3782 19.6182 18.7992 17.5628 16.7095 14.5049 15.2889 29.6711 15.8583 41.5373 14.2105 14.0911 13.8097 13.7255 13.0378 12.4284 12.2476 17.4592 11.641 14.5547 14.1613 11.2085 11.0765 14.4474 10.6143 11.0668 10.6008 10.5831 10.4387 9.8194 9.6958 9.5746 9.44053 9.43774 9.14007
threshold=0.025000000000000005 -1.0000000180025095e-35 1.7050000000000003 0.9919160630702849 0.15000000000000005 0.32500000000000007 0.91597561503675351 0.55000000000000016 0.6830127018922193 1.1533333333333335 2.4150000000000005 1.0000000180025095e-35 2.8050000000000002 1.0000000180025095e-35 0.37940952255126054 0.25000000000000017 0.6830127018922193 0.55160846378518025 -0.60355339059327362 0.55000000000000016 0.78656609248549325 1.0000000180025095e-35 0.25000000000000011 0.12940952255126045 0.60355339059327384 1.0000000180025095e-35 0.25000000000000011 0.065000000000000016 0.35000000000000003 1.3450000000000004 0.35000000000000003 -0.6830127018922193 0.59844731329174716 -0.24999999999999994 -0.37940952255126015 0.37940952255126054 -0.24999999999999994 0.63333333333333341 0.25000000000000011 0.25000000000000006 1.0000000180025095e-35 1.0000000180025095e-35 0.91425987866249747 -0.5 0.25881904510252091 0.78656609248549303 -0.91597561503675329 0.25000000000000017 0.065000000000000016 1.0250000000000001 0.25000000000000011 1.0369748943574448 0.95500000000000007 0.68301270189221941 0.45000000000000007 0.083333333333333315 0.44838374368370032 1.1050000000000002 0.15000000000000005 0.65000000000000002 -0.70710678118654735 0.45000000000000007
decision_type=2 2 2 2 2 2 2 2 2 2 2 2 2 2 2 2 2 2 2 2 2 2 2 2 2 2 2 2 2 2 2 2 2 2 2 2 2 2 2 2 2 2 2 2 2 2 2 2 2 2 2 2 2 2 2 2 2 2 2 2 2 2
left_child=1 3 5 6 12 9 16 14 40 20 21 23 13 22 25 -11 17 53 -10 -20 32 38 -4 30 -18 51 29 -22 -12 42 -3 -25 -2 34 -34 37 -37 -35 43 -23 45 -42 58 60 -45 46 -5 -47 -29 -9 -51 52 -7 -1 -33 -17 -28 -54 -27 -8 -6 -30
right_child=2 11 4 8 10 7 59 49 18 15 28 -13 -14 -15 -16 55 24 -19 19 -21 27 39 -24 31 -26 26 56 48 61 -31 -32 54 33 35 -36 36 -38 -39 -40 -41 41 -43 -44 44 -46 47 -48 -49 -50 50 -52 -53 57 -55 -56 -57 -58 -59 -60 -61 -62 -63
leaf_value=-7.2090193591450131e-05 -1.5611364509070612e-05 -7.2710730426536556e-05 0.001003265150733592 -5.9028898403533179e-05 -7.8334165324098201e-05 0.00039514532313826036 -7.7861812003519795e-05 0.00016970841971808618 -9.2123804387385726e-06 0.00025467106380770764 0.0032335818888020312 -7.2844872812169215e-05 0.0058818085846139446 0.0039373565816531843 2.1461520976830683e-05 0.0020684418081643686 -8.6840602530324207e-05 1.8984874997081826e-05 -2.112473502560254e-05 -8.1902027191683871e-05 -8.4797217423085769e-05 0.0035429032127570472 0.002213968267853732 -7.2710730426536556e-05 -9.3377777954087852e-05 0.0017798187711756022 0.0012907115847076509 -1.8572650631903542e-05 0.002189254213358722 0.0021553272101709543 -7.2710730426536556e-05 -7.2710730426536556e-05 0.00080028476382638762 0.00036514582911581581 9.7870885890708471e-05 0.00051802425813190947 -0.00012776325446937244 1.4745053532321666e-05 0.0022447806755695426 0.0019467032697882386 4.7321801030744031e-05 9.7325424850883831e-06 2.3071536815044978e-05 0.00049719276959639229 -0.0012338586234836683 -3.0184620425594649e-05 3.3317876743735059e-05 2.3862380669541173e-05 0.00013890094969874688 0.00043729961443510879 0.0012858184449430624 -0.00024615303452545686 0.0014994695069846802 -9.5940071756832673e-05 -7.2710730426536556e-05 0.0020336970545177624 0.0022223928238081152 0.00099214423255631397 0.00091372500345065382 -7.3442108528750906e-05 0.0014091834355893628 0.0015769546714707527
leaf_weight=414 1080 703 405 138 92 543 118 1389 1010 349 416 431 812 829 291 99 222 490 251 319 301 169 443 2355 156 160 210 1210 336 203 733 2008 278 939 545 339 723 546 174 393 976 769 158 212 86 464 642 215 123 623 283 80 199 150 5171 159 467 424 283 293 288 393
leaf_count=414 1080 703 405 138 92 543 118 1389 1010 349 416 431 812 829 291 99 222 490 251 319 301 169 443 2355 156 160 210 1210 336 203 733 2008 278 939 545 339 723 546 174 393 976 769 158 212 86 464 642 215 123 623 283 80 199 150 5171 159 467 424 283 293 288 393
internal_value=-0.00475129 -0.0171823 0.00839149 -0.0024487 0.017754 0.00445314 -0.00935466 0.00760444 0.000213166 0.00195009 0.0129961 -0.0257455 0.0226386 0.020149 0.0102153 0.0101151 -0.00615492 -0.00358294 -0.00425047 -0.00966725 0.00113394 0.00932862 0.0145583 -0.0260815 -0.0132982 0.011206 0.0136235 -0.00220183 0.0175131 0.00991304 -0.0225887 -0.0266051 0.00235902 0.00332839 0.00688107 0.00217818 -0.000620884 0.004179 0.00611958 0.0141741 0.00241498 0.00420962 0.00722591 0.00415317 -0.000401338 0.000267123 0.00276569 -0.00260294 -0.000607196 0.00416812 0.00674752 0.00832398 0.00904884 -0.00828319 -0.0273384 0.0178378 0.0180088 0.0117788 0.0097973 -0.0204612 0.00771654 0.0145068
internal_weight=35080 18028 17052 6627 5048 12004 1843 5313 4784 6691 2559 11401 2489 1677 3018 607 1432 1054 1580 570 6084 1414 848 10970 378 2727 1481 1634 1145 804 1436 9534 4450 3370 823 2547 1062 1485 852 562 3204 1745 601 678 298 1459 780 679 1333 2295 906 1246 1166 564 7179 258 677 623 443 411 380 729
internal_count=35080 18028 17052 6627 5048 12004 1843 5313 4784 6691 2559 11401 2489 1677 3018 607 1432 1054 1580 570 6084 1414 848 10970 378 2727 1481 1634 1145 804 1436 9534 4450 3370 823 2547 1062 1485 852 562 3204 1745 601 678 298 1459 780 679 1333 2295 906 1246 1166 564 7179 258 677 623 443 411 380 729
is_linear=0
shrinkage=0.03


Tree=69
num_leaves=63
num_cat=0
split_feature=0 0 9 1 3 1 6 0 9 10 9 9 9 0 0 9 3 0 11 2 0 7 6 9 9 11 9 11 1 11 11 3 3 11 0 1 7 4 1 1 1 4 10 10 11 6 10 4 10 10 3 0 11 1 9 3 11 9 6 4 11 0
split_gain=6238.62 660.212 146.426 125.636 123.919 115.744 104.181 79.2705 70.0963 49.4786 50.8623 45.0424 247.882 40.7234 38.1658 36.78 33.9521 33.2058 30.1045 40.6313 21.4221 20.3257 19.9076 19.8938 18.1375 28.9864 18.1344 18.1035 42.5648 17.6001 17.2117 19.042 16.976 35.2375 23.8576 29.556 22.819 19.8641 15.4628 14.4953 13.7554 12.7695 12.5876 11.4831 11.1872 10.7011 10.6741 12.2025 9.80758 9.74169 9.60766 10.5813 12.2099 9.95854 9.5594 9.23407 9.21254 9.80017 9.14711 9.14363 8.59861 8.54529
threshold=0.025000000000000005 1.675 0.37940952255126048 0.025000000000000005 0.45000000000000007 0.84500000000000008 0.9919160630702849 1.0000000180025095e-35 0.98296291314453421 0.25000000000000011 -0.70710678118654757 0.1294095225512602 0.25881904510252057 2.4850000000000008 1.0000000180025095e-35 0.91597561503675351 0.35000000000000003 0.15500000000000003 0.6830127018922193 0.55000000000000016 2.3950000000000005 0.98307471950346159 0.9919160630702849 -0.12940952255126037 -0.12940952255126037 -0.24999999999999994 0.78656609248549303 0.25000000000000017 2.9450000000000007 -0.5 0.6830127018922193 0.35000000000000003 0.75000000000000011 0.25000000000000017 1.1450000000000002 0.12500000000000003 0.68959882803696204 0.58333333333333337 1.0000000180025095e-35 2.6150000000000007 0.44166666650000003 0.083333333333333315 0.68301270189221941 0.25000000000000011 1.0000000180025095e-35 0.4354827905513497 -0.24999999999999994 0.58333333333333337 0.25000000000000011 -0.6830127018922193 0.95000000000000007 0.92500000000000016 0.25000000000000017 0.9850000000000001 0.78656609248549303 0.35000000000000003 0.6830127018922193 -0.5 0.72773610537564315 0.17499999999999996 -0.5 0.75500000000000012
decision_type=2 2 2 2 2 2 2 2 2 2 2 2 2 2 2 2 2 2 2 2 2 2 2 2 2 2 2 2 2 2 2 2 2 2 2 2 2 2 2 2 2 2 2 2 2 2 2 2 2 2 2 2 2 2 2 2 2 2 2 2 2 2
left_child=2 5 3 7 9 17 15 11 14 10 27 -1 -13 22 18 30 21 23 60 54 44 49 -6 38 -9 -26 -21 28 -3 48 31 -4 33 37 35 46 -37 40 -2 -15 -19 -10 -33 -27 -11 -44 -35 -48 -24 -7 51 52 -18 -53 -20 -36 57 -34 -25 -38 -8 -59
right_child=1 4 6 -5 13 16 8 24 41 20 -12 12 -14 39 -16 -17 50 32 19 26 -22 -23 29 58 25 43 -28 -29 -30 -31 -32 42 56 34 55 36 59 -39 -40 -41 -42 -43 45 -45 -46 -47 47 -49 -50 -51 -52 53 -54 -55 -56 -57 -58 61 -60 -61 -62 -63
leaf_value=-7.0529408513740456e-05 -6.0826597347100105e-05 0.001058928142083189 -7.0529408513740456e-05 0.00041991745994401659 0.00021060360778793252 0.0014169596759230391 -7.0529408513740456e-05 -7.3424511344856425e-05 -7.0529408513740456e-05 0.0013755739918737181 0.00022252059791583179 -2.5812442575576261e-05 -7.0529408513740456e-05 0.0015031765539770291 6.0688848689523165e-05 -7.0529408513740456e-05 0.0016939764332392032 -2.1070243044622632e-05 -7.7556229778744006e-05 -7.0529408513740456e-05 0.0055297019314812729 0.00073465149639570656 0.00050268429249919748 -5.3409640815673918e-05 -7.0429331821295131e-05 -9.5838475421900971e-05 -7.0529408513740456e-05 0.0035584507784143854 0.0035017755843519925 0.0021864959405105328 -7.0529408513740456e-05 -7.0529408513740456e-05 0.0002137213031596291 0.00035532426253189961 0.0017903768903593958 0.0015862135142308529 0.0011095958594913905 0.00060078694388666454 2.1675756261960165e-05 0.0034422498138660272 0.00035391743191992786 -7.0529408513740456e-05 -7.0529408513740456e-05 0.00011388095358952944 0.003226535963911913 -7.0529408513740456e-05 -0.00011420560280775398 0.00035419709665036409 0.0018379171931600889 0.0024097930367538425 0.0004440518113547992 -0.00013575747455235292 0.0011228246604425521 0.0010799800513705061 -7.0529408513740456e-05 0.0017241666734817203 -1.1367559805921453e-05 7.1566631033094375e-05 0.00012781417352413977 -0.0005799930859525257 -7.0529408513740456e-05 -0.00030659333885873493
leaf_weight=2271 859 352 167 82 323 120 2335 322 424 218 185 602 1431 339 111 1232 192 979 448 712 829 258 399 207 125 143 714 584 303 597 470 1228 1877 268 162 431 126 194 402 556 277 640 204 83 329 317 253 219 125 383 739 90 144 865 464 102 832 1007 688 88 3546 134
leaf_count=2271 859 352 167 82 323 120 2335 322 424 218 185 602 1431 339 111 1232 192 979 448 712 829 258 399 207 125 143 714 584 303 597 470 1228 1877 268 162 431 126 194 402 556 277 640 204 83 329 317 253 219 125 383 739 90 144 865 464 102 832 1007 688 88 3546 134
internal_value=-0.00489133 0.00813395 -0.0171697 -0.021504 0.0171187 0.00425149 -0.015483 -0.0221113 -0.0138137 0.0213781 0.0174316 -0.0236098 -0.0203392 0.0120128 -0.0128844 -0.0198121 0.00959527 0.00261256 -0.0131204 -0.0160068 0.0254466 0.015 0.00888581 -0.000639777 -0.0125074 -0.00775568 -0.0191731 0.019621 0.0161433 0.0107754 -0.0176204 -0.016338 0.00362158 0.00527419 0.00827273 0.00668831 0.0113777 0.00186079 -0.00306656 0.0170424 0.000477327 -0.0210704 -0.0172629 -0.00132159 0.0207482 -0.0212069 0.00259109 -0.00012685 0.00674286 0.0185119 0.00756278 0.00912539 0.0137092 0.0075 -0.0110405 0.0165283 0.00229031 0.00306062 0.00277902 0.00334884 -0.0119704 0.0008669
internal_weight=35106 17035 18071 5059 5139 11896 13012 4977 9394 2800 1424 4304 2033 2339 8330 3618 2791 9105 8219 2338 1376 761 1444 2156 673 351 1426 1239 655 1121 2386 1916 6949 3099 1649 1385 645 1450 1261 895 1256 1064 1749 226 547 521 740 472 524 503 2030 1291 336 955 912 264 3850 3018 895 214 5881 1141
internal_count=35106 17035 18071 5059 5139 11896 13012 4977 9394 2800 1424 4304 2033 2339 8330 3618 2791 9105 8219 2338 1376 761 1444 2156 673 351 1426 1239 655 1121 2386 1916 6949 3099 1649 1385 645 1450 1261 895 1256 1064 1749 226 547 521 740 472 524 503 2030 1291 336 955 912 264 3850 3018 895 214 5881 1141
is_linear=0
shrinkage=0.03


Tree=70
num_leaves=63
num_cat=0
split_feature=0 8 0 6 0 5 11 8 3 8 3 11 2 0 11 8 8 6 6 5 0 11 11 10 10 4 10 8 11 10 4 6 10 8 6 2 6 3 0 11 10 8 8 5 5 8 11 8 11 4 7 8 5 10 0 0 11 0 0 11 3 4
split_gain=6030.71 2601.98 676.509 138.211 116.641 98.2927 92.4648 88.3019 61.7442 60.7603 51.9604 38.867 38.6957 36.9786 32.0828 27.6541 26.9513 25.471 23.6561 23.4888 20.866 19.4376 18.6917 18.8734 18.6408 18.5717 18.1628 17.6844 17.6567 20.577 19.7061 17.5157 15.9748 18.9245 15.8933 14.6561 14.3392 14.1287 14.0168 28.076 13.8339 13.7176 13.2924 13.1675 12.7123 12.4257 12.181 15.8284 11.91 11.7806 11.4122 10.8863 14.5202 10.8007 11.26 10.7008 15.1648 10.5122 10.3079 9.65553 9.22066 9.12749
threshold=0.025000000000000005 -1.0000000180025095e-35 2.0150000000000001 0.9919160630702849 1.0150000000000003 0.083333333333333315 1.0000000180025095e-35 -0.60355339059327362 0.35000000000000003 0.37940952255126054 0.95000000000000007 0.93301270189221952 0.35000000000000003 1.0000000180025095e-35 0.25000000000000017 0.25881904510252091 0.12940952255126045 0.97587888928342192 0.9919160630702849 0.22500000000000003 0.115 0.93301270189221952 -0.24999999999999994 0.25000000000000011 0.25000000000000011 0.17499999999999996 -0.6830127018922193 -0.78656609248549303 -0.24999999999999994 -0.24999999999999994 0.083333333333333315 0.84272314683140503 0.25000000000000011 -0.5 0.21090423132313618 0.95000000000000007 0.81569335171151025 0.11666666666666667 2.9550000000000005 -0.5 0.68301270189221941 -0.37940952255126059 -0.60355339059327362 0.55000000000000016 1.0000000180025095e-35 -0.78656609248549303 1.0000000180025095e-35 -0.70710678118654735 0.6830127018922193 0.68285714285714294 0.32835779377566127 -0.91597561503675329 0.083333333333333315 0.25000000000000011 2.4350000000000005 2.7850000000000006 -0.5 0.24500000000000002 0.83500000000000008 -0.68301270189221952 0.45000000000000007 0.58333333333333337
decision_type=2 2 2 2 2 2 2 2 2 2 2 2 2 2 2 2 2 2 2 2 2 2 2 2 2 2 2 2 2 2 2 2 2 2 2 2 2 2 2 2 2 2 2 2 2 2 2 2 2 2 2 2 2 2 2 2 2 2 2 2 2 2
left_child=1 3 4 7 9 15 24 21 -8 10 17 22 38 16 31 -4 19 -2 -10 40 -11 34 23 37 51 -13 -18 -25 30 58 60 41 33 -19 -1 -24 -14 -5 39 -7 -3 43 -37 -9 -28 -27 -12 -48 -36 -31 -26 52 -6 54 59 56 -17 -51 -30 -38 -22 -39
right_child=2 13 5 11 6 12 8 14 18 20 46 25 36 -15 -16 55 26 32 -20 -21 28 -23 35 27 50 45 44 -29 29 49 -32 -33 -34 -35 48 42 53 61 -40 -41 -42 -43 -44 -45 -46 -47 47 -49 -50 57 -52 -53 -54 -55 -56 -57 -58 -59 -60 -61 -62 -63
leaf_value=-7.9364971313487142e-05 6.0911345176973308e-05 -6.8413526258328253e-05 0.0047385761166857483 -7.2067780669248728e-05 0.0007950323938628528 0.0011199129133559638 0.0022314519806879039 -7.8064857685904156e-07 -0.00011408649036429963 -5.4011529378069269e-05 0.00012788063027064411 2.6871360123855857e-05 0.00059820944542134623 -6.8477341456395441e-05 -7.0377599369802102e-05 0.00084164997218936274 -6.8413526258328253e-05 0.00030767910420986897 0.0014859015738484737 -6.8413526258328253e-05 -0.00011496723447023283 -0.00010682800506569573 1.0948250328105908e-05 -1.0910271126056656e-05 0.00027024159462121219 -4.9448758374820609e-05 -6.8413526258328253e-05 7.0089669295364925e-05 4.7350525537214196e-05 -0.00018501679632514659 0.00017459249965139423 -4.1687810540523584e-05 0.00060958339831026131 0.0015503963739340212 2.1660405661128816e-05 -3.8569800948531389e-06 0.00010340257142587683 3.0169498394879988e-05 0.0043118918809931135 0.0035554692232943092 -6.8413526258328253e-05 -7.0772039188104482e-05 -7.7329084120521141e-05 -9.5606606496520749e-05 -6.8413526258328253e-05 -7.8107277070187326e-05 -0.00016841722807588654 7.0101006013449123e-05 -8.748584503546087e-05 -0.00011445445694512647 0.0013504116407140681 0.00043256476192843476 -0.00049016821418180893 0.00323766184298095 0.0017211142178977217 0.0034097924284892177 0.0024472951818129162 0.00034794136781711031 0.00083524928340403867 0.0020928198358743594 0.0002048988834484755 -4.11851304547688e-05
leaf_weight=326 519 488 1265 117 101 199 921 83 199 758 1394 169 184 436 266 122 2330 1322 839 797 209 87 2202 157 206 210 2344 553 523 484 968 126 1121 260 463 266 128 506 225 398 182 207 200 127 4847 218 376 606 170 135 462 1161 268 310 502 83 164 180 88 231 131 162
leaf_count=326 519 488 1265 117 101 199 921 83 199 758 1394 169 184 436 266 122 2330 1322 839 797 209 87 2202 157 206 210 2344 553 523 484 968 126 1121 260 463 266 128 506 225 398 182 207 200 127 4847 218 376 606 170 135 462 1161 268 310 502 83 164 180 88 231 131 162
internal_value=-0.00491107 -0.0170006 0.00788594 -0.0020269 0.0046773 0.0190215 0.00883838 -0.00897091 0.0135765 0.00277025 0.00470441 0.000680529 0.0148347 -0.02567 -0.0164074 0.0245872 -0.0260115 0.00718585 0.00854668 -0.022173 -0.000345125 -0.00320917 0.00170749 0.00439171 0.00461119 -0.00647157 -0.0266005 0.00793249 0.000882677 -0.00144578 0.0033919 -0.0121875 0.00835429 0.00640556 -0.00196875 0.000202323 0.0117035 0.00118321 0.0199757 0.0175084 -0.0179732 -0.0151435 -0.00462527 -0.00966825 -0.0273596 -0.00979021 0.00133782 -0.00122075 0.000804416 -0.0046125 0.00878924 0.0027825 -0.0017027 0.0129266 0.0111717 0.0172703 0.0144251 -9.49367e-05 0.00269608 0.00708333 -0.00281525 0.00286996
internal_weight=35081 18039 17042 6615 13231 3811 4157 1855 1959 9074 5598 4760 2177 11424 809 1634 10988 3222 1038 1467 3476 1046 4163 1495 2198 597 9521 710 2718 1410 1308 543 2703 1582 959 2668 1355 785 822 597 670 417 466 210 7191 428 2376 982 633 799 668 1530 369 1171 861 369 286 315 611 359 340 668
internal_count=35081 18039 17042 6615 13231 3811 4157 1855 1959 9074 5598 4760 2177 11424 809 1634 10988 3222 1038 1467 3476 1046 4163 1495 2198 597 9521 710 2718 1410 1308 543 2703 1582 959 2668 1355 785 822 597 670 417 466 210 7191 428 2376 982 633 799 668 1530 369 1171 861 369 286 315 611 359 340 668
is_linear=0
shrinkage=0.03


Tree=71
num_leaves=63
num_cat=0
split_feature=0 8 1 6 0 3 3 8 8 8 5 4 1 10 8 4 8 8 4 5 8 0 5 8 8 0 8 0 8 10 10 1 10 7 8 2 6 5 0 2 10 10 8 3 10 2 8 10 8 8 3 10 8 4 3 3 3 6 8 2 3 2
split_gain=6005.15 2587.21 602.99 133.992 109.632 97.7832 78.3192 72.7306 53.9167 50.2345 43.018 40.601 39.3294 33.5341 32.3926 30.2933 28.1787 25.6362 24.166 23.5678 22.4622 21.878 21.4151 21.3077 21.1315 20.8992 18.7041 17.9848 17.087 16.053 16.0207 14.1634 24.3116 14.7483 13.9985 13.188 13.3306 12.777 12.6377 12.2021 12.1474 12.1265 11.5782 11.3319 15.691 11.0668 10.4427 11.277 18.7191 11.6788 10.3551 10.3288 9.91671 9.90709 9.56982 9.54602 9.20514 9.68372 10.51 9.19842 8.83133 8.76835
threshold=0.025000000000000005 -1.0000000180025095e-35 1.9450000000000001 0.96010100249940655 0.64500000000000013 0.45000000000000007 0.75000000000000011 -0.60355339059327362 0.60355339059327384 0.25881904510252091 0.15000000000000005 0.68285714285714294 1.0000000180025095e-35 0.25000000000000011 0.37940952255126054 0.083333333333333315 0.25881904510252091 0.12940952255126045 0.083333333333333315 0.55000000000000016 -0.70710678118654735 1.0000000180025095e-35 0.15000000000000005 -0.98296291314453399 -0.91597561503675329 1.3450000000000004 -0.5 0.13500000000000004 -0.60355339059327362 -0.6830127018922193 0.68301270189221941 0.24500000000000002 1.0000000180025095e-35 0.77938322938322946 -0.37940952255126059 0.75000000000000011 0.20078576419566965 0.083333333333333315 2.3950000000000005 0.25000000000000006 1.0000000180025095e-35 1.0000000180025095e-35 0.37940952255126054 0.57500000000000007 -0.5 0.55000000000000016 -0.37940952255126059 0.68301270189221941 -0.78656609248549303 -0.91597561503675329 0.45000000000000007 -0.24999999999999994 -0.60355339059327362 0.48333333333333339 0.8500000000000002 0.35000000000000003 0.25000000000000006 0.9919160630702849 -0.70710678118654735 0.8500000000000002 0.75000000000000011 0.25000000000000006
decision_type=2 2 2 2 2 2 2 2 2 2 2 2 2 2 2 2 2 2 2 2 2 2 2 2 2 2 2 2 2 2 2 2 2 2 2 2 2 2 2 2 2 2 2 2 2 2 2 2 2 2 2 2 2 2 2 2 2 2 2 2 2 2
left_child=1 3 4 7 9 13 8 35 10 19 25 46 17 16 15 -7 20 22 -11 31 -4 29 -3 -8 40 61 59 -20 54 -19 -25 32 -2 55 -9 -1 -37 -17 -15 -22 -12 51 56 44 -10 -39 47 49 -49 -5 -31 -30 -51 -38 -13 -33 -26 -58 -59 -21 -34 -6
right_child=2 12 5 11 6 14 23 34 43 18 24 28 -14 38 -16 37 -18 21 27 26 39 -23 -24 30 42 -27 -28 -29 41 50 -32 33 60 -35 -36 36 53 45 -40 -41 -42 -43 -44 -45 -46 -47 -48 48 -50 52 -52 -53 -54 -55 -56 -57 57 58 -60 -61 -62 -63
leaf_value=1.5344963130219849e-05 -3.8346980213121088e-05 -6.6361120470578402e-05 0.0010447791001272294 -2.484797484653009e-05 0.00094467057676304032 0.0029720281291449923 -0.00041530370554033493 -7.4461955358931089e-05 0.00045083706475428721 -7.5561290260552427e-05 -0.00026220841842248985 -3.6938841965168847e-05 -3.2416769349283231e-05 0.0028959698931660832 -0.00055863398123611743 0.0023804492385875809 0.00083160820046214836 -6.6361120470578402e-05 -4.6373310319698186e-05 0.00014568536126070868 0.0039294454054744328 -6.6677987898799046e-05 -6.6361120470578402e-05 0.00027357674176681197 0.0021741923665292147 0.0021481603696968769 0.00032093505136170813 6.6811408662116633e-05 -7.5009211596905511e-05 -6.6361120470578402e-05 0.00079776998755845367 0.0015540215971297541 0.00028473824648461471 0.00033443058911063108 -6.8424717605674123e-05 -9.2843516213454976e-05 -0.00010305304701608542 0.0016079943806276069 0.0052989339187897722 0.0026429315202522313 0.0011439985255414977 -6.3076934025087787e-05 0.00060070011559211934 0.00049120993919938238 -6.1912552321906892e-05 0.0014890779836153128 -8.330020009265178e-06 1.5901177704363485e-06 0.00010371733673492777 3.3892877772095284e-05 -6.6361120470578402e-05 -6.7034908847326318e-05 -1.0596521784090457e-06 -7.927095537248445e-06 1.4634451662997785e-05 0.00069801068575721522 0.00024193204703307989 0.00040831623316610831 0.0023309016120532434 -3.8339589653834765e-05 8.8135137025447665e-05 0.0015114132951615919
leaf_weight=259 456 580 102 366 296 645 110 336 257 533 173 392 89 294 95 123 207 2322 728 469 415 393 876 2023 151 799 518 1636 160 2388 544 148 357 307 353 255 96 234 801 348 124 341 214 166 309 796 832 249 377 1172 4769 89 617 299 407 424 103 145 526 994 149 334
leaf_count=259 456 580 102 366 296 645 110 336 257 533 173 392 89 294 95 123 207 2322 728 469 415 393 876 2023 151 799 518 1636 160 2388 544 148 357 307 353 255 96 234 801 348 124 341 214 166 309 796 832 249 377 1172 4769 89 617 299 407 424 103 145 526 994 149 334
internal_value=-0.00488438 -0.0169614 0.00787557 -0.00200879 0.00472141 0.017966 0.00757291 -0.00956848 0.0104641 0.00205804 0.0123203 0.000407755 -0.0256043 0.0223201 0.0129725 0.0138744 0.0185089 -0.0257604 -0.000921325 0.00431598 0.0208891 -0.0263142 -0.0219904 0.00368559 0.00864301 0.016007 0.00204339 0.00038055 -0.00394964 -0.0266044 0.00424065 0.00675896 0.00423676 0.00951136 -0.016913 -0.00398901 -0.00626728 0.0109445 0.026031 0.0226571 0.00151007 -0.00781726 0.0105 0.00319236 0.00116402 0.00983511 0.00208356 0.00296549 0.00650718 0.00193414 -0.0273219 -0.01284 0.00293296 -0.00280303 -0.0010875 0.012356 0.0119546 0.0106065 0.0119196 0.000307377 0.0087574 0.0118859
internal_weight=35070 18017 17053 6600 12993 4060 6274 1598 3597 6719 2865 5002 11417 2167 1893 1798 1072 11328 2897 3822 865 9872 1456 2677 1436 1429 1981 2364 1389 9479 2567 1841 962 879 689 909 650 1153 1095 763 297 590 1139 732 566 1030 3613 2781 626 2155 7157 249 1789 395 799 572 925 774 671 1463 506 630
internal_count=35070 18017 17053 6600 12993 4060 6274 1598 3597 6719 2865 5002 11417 2167 1893 1798 1072 11328 2897 3822 865 9872 1456 2677 1436 1429 1981 2364 1389 9479 2567 1841 962 879 689 909 650 1153 1095 763 297 590 1139 732 566 1030 3613 2781 626 2155 7157 249 1789 395 799 572 925 774 671 1463 506 630
is_linear=0
shrinkage=0.03


Tree=72
num_leaves=63
num_cat=0
split_feature=0 8 0 6 1 5 8 11 8 11 3 3 1 2 11 8 8 11 6 1 2 0 8 0 4 2 10 0 5 2 1 11 10 8 11 10 2 5 11 10 0 1 10 6 10 8 10 11 8 6 10 4 8 8 2 5 0 8 8 11 0 3
split_gain=5935.06 2587.62 597.799 138.6 129.134 96.3436 76.8997 52.8329 51.8988 51.7605 51.4784 43.3847 41.1724 37.8756 33.6383 33.5356 29.4809 26.5554 25.5251 25.1882 25.1316 22.8811 22.849 22.6507 21.4541 20.8322 20.5677 19.0361 18.5139 16.5081 16.341 28.4436 15.6418 14.3371 28.4089 25.258 22.731 14.5164 13.0079 12.2521 12.6163 12.2203 18.4949 11.8813 11.8267 11.5828 11.4442 11.3349 12.0983 11.3227 11.1388 11.7437 11.06 11.0174 10.9865 10.9505 10.7712 10.711 10.409 10.1883 10.1025 9.99953
threshold=0.025000000000000005 -1.0000000180025095e-35 2.0150000000000001 0.9919160630702849 0.80500000000000016 0.083333333333333315 -0.70710678118654735 -0.5 0.78656609248549325 0.6830127018922193 0.75000000000000011 0.35000000000000003 1.0000000180025095e-35 0.35000000000000003 0.25000000000000017 -0.60355339059327362 0.25881904510252091 0.6830127018922193 0.81569335171151025 0.065000000000000016 0.55000000000000016 1.4650000000000001 0.12940952255126045 1.0000000180025095e-35 0.96250000000000002 0.65000000000000002 -0.6830127018922193 0.12500000000000003 0.15000000000000005 0.55000000000000016 2.9050000000000007 1.0000000180025095e-35 0.25000000000000011 0.60355339059327384 1.0000000180025095e-35 -0.6830127018922193 0.25000000000000006 0.63333333333333341 0.25000000000000017 0.25000000000000011 2.7350000000000008 1.9450000000000001 1.0000000180025095e-35 0.69300588406246244 0.25000000000000011 -0.37940952255126059 0.68301270189221941 -0.24999999999999994 0.37940952255126054 0.63876619146158231 0.68301270189221941 0.78333333333333355 -0.91597561503675329 -0.70710678118654735 0.45000000000000007 0.083333333333333315 1.4850000000000001 -0.60355339059327362 0.91597561503675362 1.0000000180025095e-35 0.42500000000000004 0.62500000000000011
decision_type=2 2 2 2 2 2 2 2 2 2 2 2 2 2 2 2 2 2 2 2 2 2 2 2 2 2 2 2 2 2 2 2 2 2 2 2 2 2 2 2 2 2 2 2 2 2 2 2 2 2 2 2 2 2 2 2 2 2 2 2 2 2
left_child=1 3 4 6 8 16 17 41 10 24 21 -9 22 30 25 -11 61 29 -15 27 -17 33 28 26 52 49 -24 -10 46 -1 31 -7 53 34 36 -35 60 50 -23 40 -20 42 56 -12 -18 -27 -3 -45 -49 -8 51 -36 -5 -13 -28 -38 -6 -54 -21 -37 -2 -4
right_child=2 12 5 9 7 13 14 11 19 15 43 32 -14 18 -16 20 44 -19 39 58 -22 38 23 -25 -26 45 54 -29 -30 -31 -32 -33 -34 35 37 59 55 -39 -40 -41 -42 -43 -44 47 -46 -47 -48 48 -50 -51 -52 -53 57 -55 -56 -57 -58 -59 -60 -61 -62 -63
leaf_value=7.2209494053574933e-05 -4.4038995688491789e-06 -6.4370286856461052e-05 0.0046178809793962763 -2.1334155461026731e-05 0.00025084390919601144 0.0011497888397673363 -6.804728770722593e-05 0.0021601264388285005 -7.028683833104423e-05 -4.7888799379506348e-06 -1.3510874949182287e-05 -0.00014024021891474739 -3.1931762599205955e-05 9.5169140600325216e-05 -6.552673035351681e-05 -1.8571547844328014e-05 0.001068461060793836 -9.4866668559687005e-05 0.0011260000761623339 0.00038775688453436774 -7.3995069343168833e-05 0.00057229273949148786 -6.4370286856461052e-05 -6.4677648261835072e-05 -0.00010559645512322192 -8.8444879240723653e-05 -6.4370286856461052e-05 -1.75770775687812e-05 -6.4370286856461052e-05 -4.9214097830745322e-05 0.0038026903508840922 0.0041235977874803289 0.0013554425903724808 0.00061392878861909193 0.00066010492183672003 0.00031417705509268341 0.00029610728527726729 -3.670116832392156e-05 0.0024094302129749339 0.0034141416958111113 0.0020687897679697608 0.00082285637758043454 0.00062149458616191696 0.00024359811949115518 0.0021441748226746454 -6.6371976077503903e-05 -6.4370286856461052e-05 0.00019453259814821599 -6.7620235211469313e-05 5.0161855731452017e-05 0.0008457436397471894 0.0011091784217340144 4.4057633156942886e-05 0.00091638772406756768 -6.4370286856461052e-05 0.0001150433606224499 -0.0005568050690427553 1.0200802493283622e-05 7.9253249415729006e-07 -0.00012525596492812471 -0.0009908337737855931 0.002910818010403373
leaf_weight=128 172 408 1094 215 438 304 89 849 555 1006 1679 154 95 185 275 251 134 301 547 120 340 230 2308 389 145 192 2059 944 884 588 240 282 616 158 712 84 154 132 205 311 317 472 587 911 244 186 163 1259 482 84 364 290 1348 601 5165 267 192 1461 92 351 98 166
leaf_count=128 172 408 1094 215 438 304 89 849 555 1006 1679 154 95 185 275 251 134 301 547 120 340 230 2308 389 145 192 2059 944 884 588 240 282 616 158 712 84 154 132 205 311 317 472 587 911 244 186 163 1259 482 84 364 290 1348 601 5165 267 192 1461 92 351 98 166
internal_value=-0.00509965 -0.0170632 0.0076302 -0.00211044 0.00459716 0.0180706 -0.00909436 0.0091688 0.00266631 0.000591567 0.00373559 0.0122107 -0.0256773 0.0139369 -0.0158888 -0.00381101 0.0235754 -0.00356582 0.010845 -0.00205023 -0.00947635 0.0066097 -0.0258416 -0.0263626 0.00281073 -0.0115761 -0.0266548 -0.00342 -0.0222734 -0.00041841 0.0190085 0.0162521 0.00889942 0.00560546 0.00672603 0.00146465 0.00169075 0.00904603 0.0130046 0.0124745 0.0106127 0.00516568 0.00357143 0.00159972 0.0161478 -0.0155145 -0.0179895 0.0028496 0.00142939 -0.00293103 0.00996342 0.00831505 0.00335207 0.00599206 -0.0274547 0.00604265 0 0.00385409 0.00760563 -0.00227064 -0.00509225 0.0257891
internal_weight=35072 18080 16992 6609 13168 3824 1843 3909 9259 4766 7548 2220 11471 2186 826 1597 1638 1017 1360 1711 591 3217 11376 9921 3169 551 9532 1499 1455 716 826 586 1371 2782 2189 593 691 1498 435 1175 864 1689 1217 4331 378 378 571 2652 1741 173 1366 1002 3024 755 7224 421 630 2809 212 435 270 1260
internal_count=35072 18080 16992 6609 13168 3824 1843 3909 9259 4766 7548 2220 11471 2186 826 1597 1638 1017 1360 1711 591 3217 11376 9921 3169 551 9532 1499 1455 716 826 586 1371 2782 2189 593 691 1498 435 1175 864 1689 1217 4331 378 378 571 2652 1741 173 1366 1002 3024 755 7224 421 630 2809 212 435 270 1260
is_linear=0
shrinkage=0.03


Tree=73
num_leaves=63
num_cat=0
split_feature=0 8 1 6 5 0 9 11 0 11 3 8 6 8 11 8 8 5 10 10 7 8 0 0 8 11 10 10 8 10 10 5 0 8 1 3 10 7 9 11 6 7 11 0 3 5 9 3 10 8 8 10 3 3 5 1 1 3 3 0 3 0
split_gain=5902.98 2563.64 551.655 119.615 104.455 101.857 88.7768 88.0592 68.6426 49.4728 46.3759 44.6486 42.5488 41.8507 33.0268 31.0921 28.7055 29.2339 28.1654 27.588 26.1455 25.548 23.666 22.2375 19.0287 18.5344 22.5547 18.2562 18.1704 17.9255 17.6142 17.0956 16.8761 16.8526 16.4676 16.2973 20.596 19.8314 22.0773 16.1044 17.3365 16.02 14.5119 18.2623 16.5647 14.506 14.4503 13.4101 12.7106 12.3776 13.405 13.6471 12.3088 11.9015 11.1207 11.0266 10.9045 10.8849 10.7763 10.5553 10.4277 9.35751
threshold=0.03500000000000001 -1.0000000180025095e-35 1.9450000000000001 0.9919160630702849 0.083333333333333315 1.0150000000000003 0.78656609248549303 0.25000000000000017 1.0000000180025095e-35 0.6830127018922193 0.35000000000000003 0.37940952255126054 0.9919160630702849 0.37940952255126054 -0.24999999999999994 0.25881904510252091 0.12940952255126045 0.35000000000000003 0.68301270189221941 0.25000000000000011 0.6386868466989768 -0.60355339059327362 0.18500000000000003 2.9850000000000008 -0.70710678118654735 1.0000000180025095e-35 -0.24999999999999994 -0.6830127018922193 0.78656609248549325 1.0000000180025095e-35 1.0000000180025095e-35 0.82500000000000007 2.7850000000000006 -0.37940952255126059 1.2450000000000003 0.95000000000000007 0.25000000000000011 0.96905905260764547 -0.12940952255126037 0.6830127018922193 0.21090423132313618 0.046996671788054618 0.25000000000000017 1.0950000000000004 0.62500000000000011 0.71666666666666667 0.37940952255126048 0.62500000000000011 0.25000000000000011 -0.37940952255126059 -0.78656609248549303 0.68301270189221941 0.95000000000000007 0.45000000000000007 0.35000000000000003 0.62500000000000011 2.6150000000000007 0.62500000000000011 0.95000000000000007 0.13500000000000004 0.083333333333333315 2.4150000000000005
decision_type=2 2 2 2 2 2 2 2 2 2 2 2 2 2 2 2 2 2 2 2 2 2 2 2 2 2 2 2 2 2 2 2 2 2 2 2 2 2 2 2 2 2 2 2 2 2 2 2 2 2 2 2 2 2 2 2 2 2 2 2 2 2
left_child=1 3 5 6 15 11 39 19 16 30 -9 12 29 18 33 24 17 -3 23 20 45 -11 57 42 -4 28 -27 -18 41 -2 -5 48 -17 -8 -21 36 37 38 -14 40 -1 58 43 -6 -44 61 -41 -31 -12 50 51 -32 56 -29 -52 -38 -45 -13 -24 -49 -23 -7
right_child=2 8 4 9 13 7 14 10 -10 21 31 22 35 -15 -16 32 27 -19 -20 34 -22 60 25 -25 -26 26 -28 53 -30 47 49 -33 -34 -35 -36 -37 55 -39 -40 46 -42 -43 44 52 -46 -47 -48 59 -50 -51 54 -53 -54 -55 -56 -57 -58 -59 -60 -61 -62 -63
leaf_value=-8.2446977297122057e-05 -5.5716247517787665e-05 -6.2439178250767218e-05 0.0017788263385542036 4.2315834089280518e-07 0.0033906300549755249 0.00067747735215664294 -7.5267264071009793e-05 0.0023776062101592854 -6.273731881398001e-05 -8.2016905555678385e-06 0.0012147308859325788 -5.6189114214723535e-05 0.0012188053509917284 -0.00036657053281301141 -6.4407410158004601e-05 0.00091691398710977445 -6.2439178250767218e-05 -6.2439178250767218e-05 0.0039268817170348214 0.00042728324844451548 -0.00023524022600923233 -5.8442909703520264e-05 0.0013085979158603991 0.0027059354237472899 0.0046952688964372489 0.00020252479279687328 -0.00015111445361295903 -6.2439178250767218e-05 3.9793567005627966e-05 0.00083964382250935126 8.6971237730894816e-05 -0.00040292205786852828 0.0035164397998618613 -6.4604977201966e-05 0.0014531692103769501 0.00014676643858559658 0.0004194056754605675 -0.00087965574937810093 0.00013533371187112966 -3.0657702746883446e-05 1.8549678141998924e-05 6.5132242835651963e-05 0.0029785655344259101 0.00083608509617248553 0.0010353806284779412 -7.0921184290394235e-06 -9.6072345340567054e-05 -7.8148378424697988e-05 0.002284747438856529 -1.2211082559620418e-07 9.1818495455082947e-05 -7.0577665149228457e-06 -0.00013588637140054871 -6.2439178250767218e-05 3.6481406466320805e-05 0.0015477471765594922 0.0016904528783222754 -2.0466284132543038e-05 0.00032478355231650518 0.00016653045978803598 -7.0823395209805104e-05 0.0011808920480037269
leaf_weight=295 1016 730 203 1524 95 632 201 803 561 1057 487 296 742 138 387 254 2337 723 403 545 443 157 134 337 1150 356 641 2439 736 95 111 88 82 206 378 575 767 134 582 159 503 176 244 446 92 322 156 178 261 417 578 368 115 4756 287 284 502 711 197 942 417 90
leaf_count=295 1016 730 203 1524 95 632 201 803 561 1057 487 296 742 138 387 254 2337 723 403 545 443 157 134 337 1150 356 641 2439 736 95 111 88 82 206 378 575 767 134 582 159 503 176 244 446 92 322 156 178 261 417 578 368 115 4756 287 284 502 711 197 942 417 90
internal_value=-0.00504338 -0.0167735 0.00788101 -0.00219373 0.0174963 0.00478354 -0.00856918 0.0087037 -0.0253884 0.000280659 0.0140671 0.00292888 0.0046219 0.013426 -0.0162264 0.0232012 -0.0259121 -0.0219326 0.0144161 0.00505185 0.00252016 -0.00398897 0.00015702 0.0128221 0.0252363 0.00187416 -0.00117234 -0.0265163 0.00431672 0.00146505 0.0024011 0.00910394 0.0149555 -0.0102206 0.00912338 0.00690438 0.00794821 0.005634 0.00674717 -0.00309695 -0.000826033 0.0086811 0.0112375 0.00962899 0.0167359 0.00511005 -0.00882911 0.0039227 0.0105741 0.00444381 0.00584387 0.0018125 0.00848684 -0.0272777 0.00807159 0.0111502 0.00961012 -0.00366071 0.0125602 0.00299732 -0.00907826 0.00746888
internal_weight=35041 18369 16672 6823 4061 12611 1907 4049 11546 4916 1639 8562 5315 2372 794 1689 10985 1453 2234 2410 1487 1631 3247 1831 1353 2240 997 9532 1243 2231 3285 836 336 407 923 3084 2509 1458 1324 1113 798 507 1494 1158 336 1044 315 1215 748 1761 1344 479 1063 7195 865 1051 948 1007 331 1120 574 722
internal_count=35041 18369 16672 6823 4061 12611 1907 4049 11546 4916 1639 8562 5315 2372 794 1689 10985 1453 2234 2410 1487 1631 3247 1831 1353 2240 997 9532 1243 2231 3285 836 336 407 923 3084 2509 1458 1324 1113 798 507 1494 1158 336 1044 315 1215 748 1761 1344 479 1063 7195 865 1051 948 1007 331 1120 574 722
is_linear=0
shrinkage=0.03


Tree=74
num_leaves=63
num_cat=0
split_feature=0 8 1 6 0 5 5 9 8 8 11 1 11 1 2 9 9 8 8 0 8 0 6 11 8 6 5 0 10 8 11 2 2 3 10 8 11 1 11 10 10 2 5 0 8 10 2 10 6 10 0 6 2 0 6 10 10 3 1 8 2 8
split_gain=5715.91 2548.88 581.779 120.507 103.782 91.661 70.4596 70.1756 56.7631 46.9296 45.8479 40.0424 34.0196 31.2089 29.7806 27.0141 24.3175 24.1923 24.0403 27.2796 23.7141 23.2839 23.0625 22.8571 22.3174 20.5468 20.2721 20.1273 19.3781 18.45 17.8474 16.4044 16.1688 15.9957 15.7 13.7891 14.2361 12.9365 21.3805 12.8325 12.5472 11.9425 11.7203 12.0933 11.1934 11.1275 10.9444 10.94 10.4412 10.0528 9.9222 9.59737 9.38407 11.6207 9.34039 8.86981 8.75016 8.68004 8.66645 8.57473 10.7132 8.32785
threshold=0.025000000000000005 -1.0000000180025095e-35 1.9450000000000001 0.96010100249940655 0.53500000000000014 0.15000000000000005 0.22500000000000003 0.78656609248549303 0.37940952255126054 0.25881904510252091 0.93301270189221952 1.0000000180025095e-35 1.0000000180025095e-35 0.24500000000000002 0.55000000000000016 -0.5 0.78656609248549303 -0.60355339059327362 0.12940952255126045 1.0000000180025095e-35 -0.70710678118654735 2.7150000000000003 0.9919160630702849 0.25000000000000017 -0.91597561503675329 0.9919160630702849 0.15000000000000005 1.7620000000000002 -0.5 -0.37940952255126059 0.6830127018922193 0.25000000000000006 0.55000000000000016 0.35000000000000003 1.0000000180025095e-35 0.78656609248549325 -0.5 2.9650000000000003 1.0000000180025095e-35 0.68301270189221941 0.25000000000000011 0.55000000000000016 0.55000000000000016 0.19500000000000003 0.91597561503675362 1.0000000180025095e-35 0.75000000000000011 0.25000000000000011 0.31691654995395618 0.68301270189221941 0.88500000000000012 0.39171654935837491 0.25000000000000006 1.0550000000000004 0.9919160630702849 -0.6830127018922193 1.0000000180025095e-35 0.57500000000000007 2.5550000000000002 1.0000000180025095e-35 0.75000000000000011 0.37940952255126054
decision_type=2 2 2 2 2 2 2 2 2 2 2 2 2 2 2 2 2 2 2 2 2 2 2 2 2 2 2 2 2 2 2 2 2 2 2 2 2 2 2 2 2 2 2 2 2 2 2 2 2 2 2 2 2 2 2 2 2 2 2 2 2 2
left_child=1 3 4 7 13 9 8 41 12 20 16 18 45 35 37 25 24 57 26 32 39 56 58 29 -5 -8 49 28 -10 51 -18 -22 -20 50 -33 48 44 38 -7 -4 -24 -1 43 -38 54 -6 -32 -27 -2 -3 -14 -9 53 -30 -37 -34 -11 -12 -16 -49 -61 -15
right_child=2 11 5 10 6 14 15 23 27 21 17 -13 33 61 22 -17 30 -19 19 -21 31 -23 40 -25 -26 47 -28 -29 52 -31 46 34 55 -35 -36 36 42 -39 -40 -41 -42 -43 -44 -45 -46 -47 -48 59 -50 -51 -52 -53 -54 -55 -56 -57 -58 -59 -60 60 -62 -63
leaf_value=4.2848609394067753e-05 -4.7104400131689895e-05 -6.0566002903244203e-05 0.00095677564318190746 -1.3028945244530839e-05 0.00027871934285174718 0.0010228914267833532 0.00020375573850379635 -8.5593185341505197e-05 0.00053493427618352845 -4.6664813236180209e-06 1.6280733593393541e-05 -2.884794199160977e-05 0.0015128715725798646 0.00032963120474948558 -0.00022057205720921514 -6.8639230926938045e-05 1.0999416209254032e-06 -6.9676560323081812e-05 -6.0566002903244203e-05 -6.0855199249560609e-05 0.0051946360196989281 0.0027205766089633096 0.0013264929743437271 -5.9959102189159031e-05 3.4381939456560283e-05 0.00066162685105887237 -6.0566002903244203e-05 0.0012727686421637908 -0.00024711677143680736 -6.2666827885907031e-05 -4.984162492935942e-05 0.0019975733416592589 -6.0566002903244203e-05 0.0015985008320122695 0.0042659690721058505 1.2297193669404743e-05 -5.4443143163622369e-05 0.003000435183953589 0.0034910745595097912 0.003072469110852463 0.0030434200012988883 -6.9012576806340642e-05 -0.00010023420488474998 4.1136155603070936e-05 -2.4080554444943292e-05 0.00093335272918851798 -7.0119885691998391e-05 0.0015169019075071998 7.0415867665332468e-05 -6.0566002903244203e-05 0.0024997796766488096 -5.5222429349075733e-06 0.00024168244749396043 1.2291733836268803e-05 0.00048412544417355071 -6.0566002903244203e-05 0.00088940656749648039 -6.6422073236352091e-05 0.0014177228982715406 0.0013662853228818817 0.00014366097390952124 -3.2359612560663095e-05
leaf_weight=144 642 417 161 503 268 404 1200 130 368 88 216 92 169 1466 169 728 1577 225 3555 398 743 108 555 218 1878 1285 861 152 129 250 231 228 1116 313 421 120 313 286 247 96 222 790 207 197 428 383 162 394 2376 164 674 116 268 151 102 4737 200 191 131 170 209 170
leaf_count=144 642 417 161 503 268 404 1200 130 368 88 216 92 169 1466 169 728 1577 225 3555 398 743 108 555 218 1878 1285 861 152 129 250 231 228 1116 313 421 120 313 286 247 96 222 790 207 197 428 383 162 394 2376 164 674 116 268 151 102 4737 200 191 131 170 209 170
internal_value=-0.00516598 -0.0169514 0.00733621 -0.00217581 0.00421486 0.0172389 0.0067371 -0.00920558 0.0103164 0.0217155 0.000150482 -0.0255903 0.0135564 0.00134009 0.0126849 0.0041535 0.0012477 -0.00739336 -0.0257516 -0.0262894 0.0239455 0.0123929 0.00926716 -0.0162797 0.00328715 0.00532065 -0.022079 0.00482694 0.00314068 -0.0126761 -0.00121766 0.0254989 -0.0266171 0.0166465 0.0219231 2.05198e-05 -0.00247807 0.0165991 0.0142178 0.0154651 0.0119923 -0.0037861 -0.00538997 -0.00293542 0.000737327 0.00805215 -0.00692893 0.00713939 0.0011527 -0.0176804 0.0188033 -0.00680162 -0.000437158 -0.00427046 0.00618834 -0.0276068 0.00788927 -0.00301471 0.00219269 0.00996124 0.00671053 0.00487477
internal_weight=34912 17971 16941 6631 12882 4059 6861 1648 2875 2045 4983 11340 1807 6021 2014 3986 4351 632 11248 9806 1649 396 1077 714 2381 3258 1442 1068 916 496 1970 1392 9408 1156 649 4385 1367 937 651 257 777 934 717 510 650 651 393 2058 3018 581 843 246 548 280 222 5853 288 407 300 773 379 1636
internal_count=34912 17971 16941 6631 12882 4059 6861 1648 2875 2045 4983 11340 1807 6021 2014 3986 4351 632 11248 9806 1649 396 1077 714 2381 3258 1442 1068 916 496 1970 1392 9408 1156 649 4385 1367 937 651 257 777 934 717 510 650 651 393 2058 3018 581 843 246 548 280 222 5853 288 407 300 773 379 1636
is_linear=0
shrinkage=0.03


Tree=75
num_leaves=63
num_cat=0
split_feature=9 8 8 1 11 5 6 5 8 8 11 8 8 10 9 6 4 8 8 8 8 10 2 8 5 11 8 2 4 10 10 6 2 7 10 11 10 8 5 2 10 5 2 11 10 4 6 2 8 11 11 10 11 8 8 10 7 4 1 1 4 7
split_gain=4301 2775.86 1001.35 439.063 251.159 115.636 114.094 104.803 80.4489 70.9791 65.6527 62.2954 41.0923 38.0347 36.1403 35.9012 33.6606 33.3704 31.9112 29.6635 27.5195 27.1697 26.8477 26.1583 24.0219 22.2537 21.9518 20.5367 19.9834 19.6316 19.4363 18.7754 17.8106 17.2195 16.6491 16.1742 15.727 17.8286 14.9179 14.4731 13.1099 13.0044 12.7018 21.5354 13.4395 12.4358 12.2273 16.8229 11.3409 19.964 13.0732 11.1554 11.0882 10.3541 11.7231 11.2749 10.2437 10.8561 10.8744 10.1294 9.76552 9.42437
threshold=1.0000000180025095e-35 -1.0000000180025095e-35 0.78656609248549325 1.9450000000000001 1.0000000180025095e-35 0.15000000000000005 0.84272314683140503 0.15000000000000005 0.91597561503675362 0.60355339059327384 0.6830127018922193 -0.37940952255126059 0.25881904510252091 -0.24999999999999994 -0.70710678118654757 0.9919160630702849 0.68285714285714294 0.91597561503675362 -0.60355339059327362 0.12940952255126045 0.37940952255126054 0.93301270189221952 0.55000000000000016 -0.70710678118654735 0.15000000000000005 0.25000000000000017 1.0000000180025095e-35 0.75000000000000011 0.96250000000000002 1.0000000180025095e-35 -0.5 0.9919160630702849 0.95000000000000007 0.95119898168678663 0.68301270189221941 -0.5 0.25000000000000011 -0.5 0.35000000000000003 0.55000000000000016 -0.24999999999999994 0.45000000000000007 0.8500000000000002 1.0000000180025095e-35 1.0000000180025095e-35 0.17499999999999996 0.38229330116778887 0.55000000000000016 0.60355339059327384 0.25000000000000017 1.0000000180025095e-35 -0.24999999999999994 0.6830127018922193 -0.98296291314453399 0.37940952255126054 0.68301270189221941 0.38867049132506354 0.64166666666666683 0.35500000000000004 0.18500000000000003 0.68285714285714294 0.023553699522338052
decision_type=2 2 2 2 2 2 2 2 2 2 2 2 2 2 2 2 2 2 2 2 2 2 2 2 2 2 2 2 2 2 2 2 2 2 2 2 2 2 2 2 2 2 2 2 2 2 2 2 2 2 2 2 2 2 2 2 2 2 2 2 2 2
left_child=2 6 3 5 17 9 11 12 13 35 28 25 23 41 15 52 40 59 -18 24 22 -15 36 34 -3 46 56 -25 30 -14 -8 -24 61 -31 -5 -1 37 -9 -32 -21 -12 -6 44 -44 -16 -42 47 -2 49 -46 -50 -27 -7 55 -55 -37 57 -17 -59 -4 -34 -28
right_child=1 19 4 7 8 14 10 20 -10 -11 16 -13 29 21 42 26 18 -19 -20 39 -22 -23 31 27 -26 51 32 -29 -30 33 38 -33 60 -35 -36 53 -38 -39 -40 -41 45 -43 43 -45 48 -47 -48 -49 50 -51 -52 -53 -54 54 -56 -57 -58 58 -60 -61 -62 -63
leaf_value=0.00058016187483376505 8.0706219466402702e-05 -5.8749022816146876e-05 3.2366057610502538e-05 0.00084934849487410891 1.2966559609268605e-05 0.00018695502818081412 -2.6922549173675296e-06 0.00075834988651061921 -5.8749022816146876e-05 5.4715703319621611e-06 1.8907755275263081e-05 -6.0176808278286798e-05 0.00036981297075523446 -5.8793607359245719e-05 7.1221858907499216e-05 0.00012529607626221849 -6.4017194682119106e-05 -6.9654982592087306e-05 -6.5896970310773889e-05 -5.8749022816146876e-05 -0.00033028055495328945 -6.0271118594489988e-05 0.00043247618497820772 0.0044619242172181999 -5.8749022816146876e-05 -4.7958757743816143e-05 0.0011256028460135039 0.002278737559599211 -9.7097933656027934e-05 0.00081995324792955785 5.5634550786747729e-05 0.001764117317494806 -0.00069157255078960891 0.0021823997349464494 0.0029781007032215565 0.00023517333696393845 0.0037444969468435293 0.0020855077818673772 1.3454431064986722e-05 -5.8749022816146876e-05 5.2028837033834057e-06 -8.4763755083315604e-05 9.6436943988387455e-05 -0.00010404912582426753 0.00026379824150569525 -6.6543782653508547e-05 1.810733201021936e-05 -8.4178940492841747e-05 0.0008790496677478335 0.00095682510674766422 -0.00016522627257387247 -6.8825017031780818e-05 -0.00010412612655386434 0.0020429488672496993 0.00087429287730443389 0.0010204186209315672 0.0019444889016061999 0.00071676179296192052 0.0018300061226581071 0.00033414797444192041 0.00025211568616063414 0.00050030894540678713
leaf_weight=318 82 568 611 152 164 1535 1410 179 717 470 394 273 109 364 1217 173 362 724 229 3415 115 128 277 1276 877 124 483 123 202 105 1657 754 85 184 97 197 254 509 1012 5402 283 81 862 932 326 354 316 418 99 223 98 177 434 1081 333 158 540 85 197 115 171 471
leaf_count=318 82 568 611 152 164 1535 1410 179 717 470 394 273 109 364 1217 173 362 724 229 3415 115 128 277 1276 877 124 483 123 202 105 1657 754 85 184 97 197 254 509 1012 5402 283 81 862 932 326 354 316 418 99 223 98 177 434 1081 333 158 540 85 197 115 171 471
internal_value=-0.00533008 -0.0158254 0.00518286 0.00837858 -0.0109053 0.00511393 -0.00167398 0.0166578 -0.0197113 0.0106607 0.000147358 -0.00940331 0.0214851 -0.0127236 0.00332451 0.00524551 -0.00499076 -0.00206754 -0.0106926 -0.0258813 0.0119196 -0.0175254 0.0127508 0.0235779 -0.0218465 -0.00625224 0.00787398 0.0251786 0.00209482 0.012782 0.00255147 0.00938953 0.00515277 0.0168621 0.01452 0.0130316 0.0164157 0.0140203 0.00405618 -0.02654 -0.00171512 -0.00304878 0.00118946 -0.000635097 0.00285642 -0.00437304 -0.00367197 -0.00658683 0.0060241 0.00823636 -0.000151515 -0.0132119 0.00229949 0.0141525 0.0153074 0.00952247 0.0111747 0.00782895 0.0114488 0.00247593 -0.0018677 0.00703665
internal_weight=35081 17555 17526 14622 2904 10488 7293 4134 1454 2557 5903 1390 2046 737 7931 4174 1622 1450 591 10262 2088 492 1973 1648 1445 1117 2205 1399 4281 398 4079 1031 1210 289 249 2087 942 688 2669 8817 1031 245 3757 1794 1963 637 816 500 746 549 197 301 1969 1769 1414 355 995 455 282 726 256 954
internal_count=35081 17555 17526 14622 2904 10488 7293 4134 1454 2557 5903 1390 2046 737 7931 4174 1622 1450 591 10262 2088 492 1973 1648 1445 1117 2205 1399 4281 398 4079 1031 1210 289 249 2087 942 688 2669 8817 1031 245 3757 1794 1963 637 816 500 746 549 197 301 1969 1769 1414 355 995 455 282 726 256 954
is_linear=0
shrinkage=0.03


Tree=76
num_leaves=63
num_cat=0
split_feature=0 8 0 5 6 1 8 11 0 0 10 8 0 11 11 8 3 4 3 5 8 11 0 9 11 3 9 10 3 8 3 9 4 11 10 8 0 5 10 9 0 8 8 6 4 10 1 6 3 9 5 6 10 0 10 0 8 6 1 8 0 10
split_gain=5744.31 2454.74 563.466 136.569 115.085 106.943 62.6174 59.0694 44.8354 44.5506 44.4591 38.595 36.8784 67.2618 34.8699 30.5555 29.7271 28.6979 26.493 24.3954 34.1264 20.5664 19.2579 18.9269 17.3752 17.0928 30.9456 16.7909 15.5166 16.2661 27.4792 21.0964 17.6226 18.7491 15.7749 14.1346 14.0391 13.8315 13.443 13.1561 15.1413 13.0896 12.1483 11.5184 11.4307 11.3274 10.9635 10.7584 10.089 11.3365 9.9681 9.70299 9.3095 9.26418 9.24673 8.98456 8.87397 8.76965 8.63619 8.51746 8.4411 8.20401
threshold=0.015000000000000001 -1.0000000180025095e-35 1.7450000000000003 0.083333333333333315 0.81569335171151025 0.58500000000000008 -0.60355339059327362 0.6830127018922193 0.19500000000000003 2.8850000000000002 -0.24999999999999994 -0.60355339059327362 2.8050000000000002 -0.5 1.0000000180025095e-35 0.37940952255126054 0.62500000000000011 0.58333333333333337 0.75000000000000011 0.22500000000000003 0.12940952255126045 -0.5 0.025000000000000005 0.91597561503675351 1.0000000180025095e-35 0.57500000000000007 -0.70710678118654757 -0.6830127018922193 0.95000000000000007 0.60355339059327384 0.57500000000000007 0.1294095225512602 0.083333333333333315 -0.24999999999999994 -0.5 0.25881904510252091 2.3950000000000005 0.95000000000000007 1.0000000180025095e-35 -0.12940952255126037 0.78500000000000014 -0.91597561503675329 -0.37940952255126059 0.9919160630702849 0.85833333333333339 -0.24999999999999994 3.2050000000000005 0.91428148076137306 0.11666666666666667 -0.12940952255126037 0.55000000000000016 0.21090423132313618 0.68301270189221941 1.175 1.0000000180025095e-35 1.0000000180025095e-35 -0.91597561503675329 0.70439444458987499 1.5850000000000002 -0.98296291314453399 2.0250000000000004 0.25000000000000011
decision_type=2 2 2 2 2 2 2 2 2 2 2 2 2 2 2 2 2 2 2 2 2 2 2 2 2 2 2 2 2 2 2 2 2 2 2 2 2 2 2 2 2 2 2 2 2 2 2 2 2 2 2 2 2 2 2 2 2 2 2 2 2 2
left_child=1 4 5 12 6 8 24 23 15 14 25 44 13 38 36 50 60 -13 48 20 52 42 -17 47 51 26 -7 -21 29 30 31 -10 34 -34 -31 39 61 59 -4 40 -27 -26 -8 -25 -9 -35 -11 -6 49 -12 -2 -1 -3 -28 -14 -22 -49 -32 -18 -30 -16 -5
right_child=2 19 3 9 7 10 21 11 28 46 18 17 54 -15 16 22 58 -19 -20 27 55 -23 -24 43 41 35 53 -29 37 32 57 -33 33 45 -36 -37 -38 -39 -40 -41 -42 -43 -44 -45 -46 -47 -48 56 -50 -51 -52 -53 -54 -55 -56 -57 -58 -59 -60 -61 -62 -63
leaf_value=-6.1437088085474639e-05 0.00010202021640699507 -5.6986552131662472e-05 -0.00018904491450871306 0.00022980848159122102 0.00010606053411335883 0.0025236576105554668 -8.050002156647478e-05 1.4830620752437871e-06 0.001104960386822383 0.0021742577792150971 0.0024285910640966025 -6.1205386392581526e-05 0.002583635468951212 0.0029535554685308561 0.0015875084163580555 -5.7267072587589381e-05 -0.00012593161416498883 -6.3920061201450671e-05 0.00063340719845298484 -5.6986552131662472e-05 -5.6986552131662472e-05 -5.8871110539241083e-05 -4.1598679852043135e-05 -6.3711872000949706e-05 -1.7624232609675705e-05 0.00075829569459221456 0.00071831259062703375 -5.6986552131662472e-05 -0.00018744038289108622 0.00015462150946859196 -0.00036776229665465916 1.4912279776598258e-05 0.00037478368993867938 0.00027150907508066273 -6.7442146895466395e-05 -0.00041096299735777272 0.0012601164159633537 0.00036059064134169843 0.00095782687006147886 -0.00024408241627363046 0.00021434510639678272 -8.2292656112695496e-05 -5.8354557803591332e-05 -4.5778045867802054e-06 -9.4250665360317773e-05 -0.00015474662721568465 0.0036955692461057219 -2.6428699249312287e-05 0.0013128643127647227 0.0006420643782010302 -2.1347207507159995e-05 4.6537131096796821e-05 -5.6986552131662472e-05 -4.8442667719325037e-05 0.0049841163445498117 -5.6627470786671778e-05 2.4127823958031684e-05 0.0003304962333552229 0.0018534689788821429 2.5803449459097514e-05 0.0036835276841099282 0.001264704967188942
leaf_weight=191 788 474 100 651 100 144 122 827 896 381 267 385 107 886 177 168 98 280 1114 1424 4132 317 1176 102 118 266 248 5034 110 262 122 187 416 226 461 230 599 211 305 117 609 183 124 773 251 180 199 218 747 86 843 157 192 178 601 106 2281 1061 187 1469 331 183
leaf_count=191 788 474 100 651 100 144 122 827 896 381 267 385 107 886 177 168 98 280 1114 1424 4132 317 1176 102 118 266 248 5034 110 262 122 187 416 226 461 230 599 211 305 117 609 183 124 773 251 180 199 218 747 86 843 157 192 178 601 106 2281 1061 187 1469 331 183
internal_value=-0.00543904 -0.017423 0.00682367 0.0155618 -0.00260809 0.00348566 -0.0109316 -0.000672672 0.00159496 0.0112861 0.00753182 -0.00517775 0.021555 0.0185062 0.0093489 -0.00138105 0.0143955 -0.0108559 0.0103747 -0.0258048 -0.0241835 -0.0182447 -0.00472862 0.00158849 -0.00456923 0.00401562 0.00830123 -0.027032 0.00317565 0.00425761 0.00587561 0.00932657 0.00188228 0.00488457 -0.00153315 0.00201145 0.00654812 0.000871022 0.00834975 0.00356495 0.00482877 -0.00983444 -0.0116599 -0.00222603 -0.00166821 0.00029484 0.0186919 0.00287308 0.0136785 0.0178814 0.00137868 0 -0.0178111 0.00421546 0.0270804 -0.0251805 0.002484 0.00271115 0.00660839 -9.49367e-05 0.0187426 0.00402395
internal_weight=35178 17791 17387 4805 6429 12582 1212 5217 8576 2806 4006 1743 1999 1291 2226 2975 793 665 2214 11362 4904 563 1344 3474 649 1792 570 6458 5601 3811 2266 1083 1545 822 723 1222 1433 1790 405 992 875 301 246 875 1078 406 580 2599 1100 353 1631 348 666 426 708 4238 2499 1183 285 1579 508 834
internal_count=35178 17791 17387 4805 6429 12582 1212 5217 8576 2806 4006 1743 1999 1291 2226 2975 793 665 2214 11362 4904 563 1344 3474 649 1792 570 6458 5601 3811 2266 1083 1545 822 723 1222 1433 1790 405 992 875 301 246 875 1078 406 580 2599 1100 353 1631 348 666 426 708 4238 2499 1183 285 1579 508 834
is_linear=0
shrinkage=0.03


Tree=77
num_leaves=63
num_cat=0
split_feature=0 8 0 6 10 8 3 9 9 11 2 0 5 8 0 11 0 6 8 5 10 2 8 10 10 8 8 9 10 11 10 11 7 9 3 5 10 3 2 8 7 0 2 0 6 2 7 0 10 0 3 9 8 11 10 10 11 3 8 3 0 5
split_gain=5514.16 2569.14 540.397 113.511 99.2183 87.3578 103.997 72.8769 70.0834 46.5572 45.5043 40.9408 32.013 28.9213 28.4157 28.1821 27.4907 26.9148 25.9494 26.3585 22.5626 22.4023 20.9367 38.6029 20.3233 19.7791 19.7248 18.5484 17.964 20.7633 17.8811 17.308 17.0561 15.8331 15.7285 15.3246 14.9995 14.9324 14.2489 13.6906 13.2892 17.7577 12.9307 12.6735 12.347 12.3327 12.0629 15.6636 11.3669 10.4418 10.0868 9.95423 16.1282 15.6631 11.9507 10.4859 9.94106 9.61195 9.46144 9.40069 9.25991 8.9607
threshold=0.025000000000000005 -1.0000000180025095e-35 2.0150000000000001 0.96010100249940655 0.25000000000000011 0.37940952255126054 0.75000000000000011 -0.12940952255126037 0.91597561503675351 0.6830127018922193 0.35000000000000003 1.0000000180025095e-35 0.083333333333333315 -0.60355339059327362 2.8050000000000002 0.6830127018922193 0.19500000000000003 0.55160846378518025 0.12940952255126045 0.15000000000000005 1.0000000180025095e-35 0.55000000000000016 -0.70710678118654735 0.25000000000000011 0.68301270189221941 0.37940952255126054 -0.5 -0.37940952255126015 -0.5 0.6830127018922193 -0.6830127018922193 -0.5 0.93159993239505889 0.60355339059327384 0.95000000000000007 0.22500000000000003 -0.6830127018922193 0.95000000000000007 0.35000000000000003 0.25881904510252091 0.48370732167716673 0.37500000000000006 0.45000000000000007 1.1150000000000004 0.9919160630702849 0.35000000000000003 0.094904775295781438 0.74500000000000011 0.68301270189221941 0.59500000000000008 0.62500000000000011 0.78656609248549303 -0.78656609248549303 -0.5 0.25000000000000011 -0.93301270189221908 1.0000000180025095e-35 0.57500000000000007 -0.5 0.35000000000000003 1.135 0.35000000000000003
decision_type=2 2 2 2 2 2 2 2 2 2 2 2 2 2 2 2 2 2 2 2 2 2 2 2 2 2 2 2 2 2 2 2 2 2 2 2 2 2 2 2 2 2 2 2 2 2 2 2 2 2 2 2 2 2 2 2 2 2 2 2 2 2
left_child=1 3 5 8 10 6 7 12 15 51 25 18 36 -11 31 17 50 24 19 48 40 -15 23 32 -1 26 -4 34 46 38 -20 -6 60 -17 -8 -29 -2 39 43 44 -9 -42 -32 -30 -12 -33 47 49 -3 -18 -7 52 53 -5 -54 -53 -22 -19 -46 -58 -14 -56
right_child=2 11 4 9 14 16 27 20 -10 13 37 -13 22 21 -16 33 28 57 30 -21 56 -23 -24 -25 -26 -27 -28 35 29 -31 42 45 -34 -35 -36 -37 -38 -39 -40 -41 41 -43 -44 -45 58 -47 -48 -49 -50 -51 -52 55 54 -55 61 -57 59 -59 -60 -61 -62 -63
leaf_value=-5.2663525996794766e-05 0.0013899022096908564 -5.5276955567712594e-05 0.0013314071519770481 7.9270775987448985e-05 0.0014345869125911492 -6.157940470783288e-05 0.00072979355506333921 -0.00021817233410212477 -5.6997152089335595e-05 -9.4053422836605931e-06 0.00036661063024855497 -5.5273543554929254e-05 0.0006741672257286216 -2.6299460986978557e-05 0.0049903520497017271 -6.9982911031387504e-05 0.000192923518634945 8.3894469248022173e-05 -5.5276955567712594e-05 -5.5276955567712594e-05 0.0001344389196363166 -6.241627379628246e-05 0.0017259078353028215 0.0015794214418578885 -8.1940065264886762e-05 0.00016601838258383265 0.0028583156541136254 0.0002456014301690078 -0.00012316530055152849 -0.00031304083396066441 -5.5276955567712594e-05 0.0032014175076325833 -0.00091253330497235768 -7.1097687417618908e-05 0.00013282756994790085 -3.8793280202487467e-05 0.002112805991075 -0.00020229849181767234 0.000145822517098306 0.00037276874179121623 0.00074436426177824715 -0.00029448736653320777 -5.5276955567712594e-05 0.00013309807236114578 0.00085024088273865869 0.0027093744984272405 -1.8161666280360339e-05 0.00083994927323322282 -5.5276955567712594e-05 -0.00022338301127327014 -2.8387194005740564e-05 -3.5486881713157718e-05 2.9765839734427583e-05 -6.8562551686426014e-06 0.00013796670794046848 6.1214539785709327e-06 0.0005898856101397772 5.4637689961545967e-07 0.0020315463444307291 0.0001738035250534753 -0.0002091782692826527 7.7201090674583573e-05
leaf_weight=417 147 406 200 189 248 353 1190 271 350 1048 181 444 270 264 655 185 340 88 2351 888 446 351 1092 263 151 90 663 220 320 334 2050 429 124 126 2054 1368 651 102 1240 201 96 174 5196 224 182 311 259 462 174 86 830 169 433 704 244 1447 159 313 562 100 144 121
leaf_count=417 147 406 200 189 248 353 1190 271 350 1048 181 444 270 264 655 185 340 88 2351 888 446 351 1092 263 151 90 663 220 320 334 2050 429 124 126 2054 1368 651 102 1240 201 96 174 5196 224 182 311 259 462 174 86 830 169 433 704 244 1447 159 313 562 100 144 121
internal_value=-0.00550482 -0.0170309 0.00674393 -0.00210877 0.0166745 0.00386972 0.00560661 0.0092255 -0.00897609 0.00014484 0.0124702 -0.0255873 0.0120022 -0.00394832 0.0222445 -0.00571429 0.000445044 -0.00318557 -0.025947 -0.0221784 0.00322374 -0.00910714 0.009868 0.00617207 -0.00738137 0.0173899 0.0187847 0.00265673 0.00186467 0.000226522 -0.0265212 0.0189889 0.00155844 -0.0135577 0.00395686 0 0.0170463 0.00864117 0.00151261 0.0096362 -0.00138376 0.00332103 -0.027272 -0.00253211 0.0111771 0.0212955 0.00488676 0.00654668 -0.0171429 0.00238876 -0.00347128 0.00220375 0.00381206 0.00104027 0.00690864 0.000519481 0.00675637 0.00276119 0.0128859 0.0114231 0.00448193 0.0109016
internal_weight=35150 18109 17041 6600 3824 13217 8769 3937 1630 4970 2181 11509 2691 1663 1643 1280 4448 969 11065 1468 1246 615 1893 801 568 953 863 4832 3265 2118 9597 988 538 311 3244 1588 798 1228 1784 1126 541 270 7246 544 925 740 1147 888 580 426 1183 3307 1691 893 798 1616 705 401 744 259 414 365
internal_count=35150 18109 17041 6600 3824 13217 8769 3937 1630 4970 2181 11509 2691 1663 1643 1280 4448 969 11065 1468 1246 615 1893 801 568 953 863 4832 3265 2118 9597 988 538 311 3244 1588 798 1228 1784 1126 541 270 7246 544 925 740 1147 888 580 426 1183 3307 1691 893 798 1616 705 401 744 259 414 365
is_linear=0
shrinkage=0.03


Tree=78
num_leaves=63
num_cat=0
split_feature=9 1 9 1 9 9 9 10 6 11 9 9 1 3 3 9 9 9 9 11 9 3 3 10 11 5 2 7 9 5 11 5 1 11 5 9 10 10 10 3 11 5 10 4 10 4 2 3 2 11 1 10 11 9 11 5 5 6 9 2 6 3
split_gain=4178.88 768.579 230.981 261.082 205.633 335.355 211.771 143.056 125.768 114.271 188.141 77.7225 62.3524 58.6387 51.8096 49.9707 47.1817 44.5389 36.491 35.078 32.7489 26.7877 26.3888 26.1733 23.8078 22.9027 22.2982 22.2767 20.7006 20.6703 19.2997 18.5906 18.5378 17.3378 15.7366 15.5525 20.1758 15.0844 14.9305 14.5258 14.4362 14.1244 13.4888 13.4593 13.2041 13.0593 12.8717 14.0952 11.8408 15.0249 29.8733 10.4155 10.2312 10.2218 10.2207 10.1863 9.95718 9.92099 9.92027 13.7196 9.89249 9.87955
threshold=1.0000000180025095e-35 1.2250000000000003 -0.5 0.025000000000000005 0.1294095225512602 0.25881904510252057 0.37940952255126048 0.25000000000000011 0.9919160630702849 -0.24999999999999994 -0.12940952255126037 0.98296291314453421 2.5250000000000004 0.8500000000000002 0.45000000000000007 0.78656609248549303 -0.37940952255126015 -0.70710678118654757 0.78656609248549303 0.6830127018922193 -0.70710678118654757 0.35000000000000003 0.45000000000000007 -0.24999999999999994 0.6830127018922193 0.083333333333333315 0.75000000000000011 1.1637156385087535 -0.37940952255126015 0.35000000000000003 1.0000000180025095e-35 0.63333333333333341 2.6150000000000007 0.25000000000000017 0.22500000000000003 -0.60355339059327384 -0.6830127018922193 -0.24999999999999994 -0.93301270189221908 0.95000000000000007 0.6830127018922193 0.15000000000000005 0.68301270189221941 0.083333333333333315 1.0000000180025095e-35 0.17499999999999996 0.65000000000000002 0.083333333333333315 0.35000000000000003 0.25000000000000017 2.9450000000000007 -0.93301270189221908 0.25000000000000017 -0.12940952255126037 0.6830127018922193 0.083333333333333315 0.55000000000000016 0.38229330116778887 -0.9159756150367534 0.35000000000000003 0.54269012772290737 0.75000000000000011
decision_type=2 2 2 2 2 2 2 2 2 2 2 2 2 2 2 2 2 2 2 2 2 2 2 2 2 2 2 2 2 2 2 2 2 2 2 2 2 2 2 2 2 2 2 2 2 2 2 2 2 2 2 2 2 2 2 2 2 2 2 2 2 2
left_child=1 2 13 9 -2 52 -7 14 15 28 16 18 22 20 17 41 19 48 37 31 21 58 30 -21 -20 27 -26 -5 -4 42 -9 -11 -16 39 -12 36 -22 46 -18 -17 -15 -8 -13 -14 -37 -34 47 -10 49 50 51 -3 57 61 -43 -49 -39 -6 59 -1 -30 -27
right_child=4 7 3 25 5 6 8 12 11 10 34 29 43 40 32 33 38 -19 24 23 35 -23 -24 -25 26 53 -28 -29 60 -31 -32 -33 45 -35 -36 44 -38 56 -40 -41 -42 54 -44 -45 -46 -47 -48 55 -50 -51 -52 -53 -54 -55 -56 -57 -58 -59 -60 -61 -62 -63
leaf_value=0.0027676772448016066 -5.3618646900681223e-05 0.0016310094964696359 8.1887525760272054e-05 0.00081672044152567014 -8.844852750718224e-05 -5.3618646900681223e-05 -5.3831960961998669e-05 0.001211952072603022 -6.0388636740981778e-05 -4.3500048611273779e-05 0.00027799194279730285 -5.3618646900681223e-05 0.0046057051607638665 0.00012341460782494123 0.00052113104637647957 -5.3618646900681223e-05 -6.4440226433271926e-05 0.00044021006697724294 -5.3618646900681223e-05 -7.2581156020608937e-05 0.0005865424548798957 0.00083744218215589105 0.0013182032594451214 -5.3573910457849592e-05 -5.3618646900681223e-05 0.00040683521888656261 -5.3618646900681223e-05 -7.3865690782743031e-05 -6.7200902303942751e-05 -5.3618646900681223e-05 0.0029633794272465701 -9.3838468995064578e-05 0.0019717459457530328 -5.3618646900681223e-05 -3.4147554929084364e-05 0.00062470569387173159 -5.1147491017027314e-05 -5.3822203708244826e-05 -5.3618646900681223e-05 -5.3618646900681223e-05 -7.4214715461974609e-05 -5.3618646900681223e-05 -5.3618646900681223e-05 0.0032394097485050751 0.0018700638438189257 0.0010955738337537035 -5.3618646900681223e-05 1.2466599734662916e-05 0.0017467397071296363 0.0027771613578184639 0.0026536952492501303 9.761914549487605e-05 -2.563994193915762e-05 -4.434107767804847e-05 -5.3618646900681223e-05 -5.3605913613155729e-05 -5.3611954761229074e-05 6.3820865537632664e-05 0.00099486499764826265 0.0019360620908204784 -3.9272398232138305e-05 6.0649259141695442e-05
leaf_weight=108 1473 96 499 453 120 1464 220 231 413 301 213 474 819 2400 1515 669 106 316 3036 102 216 960 716 250 626 375 524 84 99 419 383 111 277 668 297 242 597 1750 801 708 827 1127 177 299 120 306 615 211 392 429 198 115 589 601 283 510 767 733 412 157 418 603
leaf_count=108 1473 96 499 453 120 1464 220 231 413 301 213 474 819 2400 1515 669 106 316 3036 102 216 960 716 250 626 375 524 84 99 419 383 111 277 668 297 242 597 1750 801 708 827 1127 177 299 120 306 615 211 392 429 198 115 589 601 283 510 767 733 412 157 418 603
internal_value=-0.00554582 0.00485641 0.000243108 -0.00431878 -0.0158696 -0.0148864 -0.016244 0.0134515 -0.0150409 -0.00972795 -0.0135976 -0.0132185 0.0190608 0.00425662 0.00967901 -0.0197579 -0.0184629 0.0138462 -0.0122513 -0.0129412 0.00742268 0.0101648 0.0146506 -0.0198867 -0.0142441 0.00385451 -0.0179322 0.00920074 -0.00141593 -0.0208403 0.0192195 -0.00697337 0.00660314 -0.0228886 0.00234834 0.00359694 0.00128993 -0.0102929 -0.0230947 -0.0209216 0.00149628 -0.0158185 -0.0174387 0.0242895 0.00876033 0.0111473 -0.00814286 -0.00623789 0.0164257 0.0184505 0.0142683 0.00636792 -0.00108108 0.00203165 -0.0169242 -0.00369806 -0.0117832 0.00101874 0.0147345 0.0192857 -0.00561776 0.00392237
internal_weight=35020 17444 11352 5313 17576 16103 14661 6092 13197 3197 2181 9522 2448 6039 3644 3675 1671 1546 8452 764 2812 1637 1330 352 4186 2116 1150 537 1016 1070 614 412 2098 2045 510 1175 813 4266 907 1377 3227 1630 651 1118 362 583 1749 1134 1230 838 409 211 1442 1579 1410 721 2517 853 677 265 517 978
internal_count=35020 17444 11352 5313 17576 16103 14661 6092 13197 3197 2181 9522 2448 6039 3644 3675 1671 1546 8452 764 2812 1637 1330 352 4186 2116 1150 537 1016 1070 614 412 2098 2045 510 1175 813 4266 907 1377 3227 1630 651 1118 362 583 1749 1134 1230 838 409 211 1442 1579 1410 721 2517 853 677 265 517 978
is_linear=0
shrinkage=0.03


Tree=79
num_leaves=63
num_cat=0
split_feature=0 8 1 6 2 0 9 8 11 11 0 0 8 2 8 8 8 6 8 10 11 8 6 10 10 10 0 6 4 10 0 0 4 10 2 11 10 0 1 10 1 1 1 8 0 8 10 1 4 1 2 4 7 11 4 11 9 6 10 0 10 2
split_gain=5387.15 2586.65 490.036 120.218 108.812 75.2749 67.9048 51.935 50.7568 48.1192 47.1834 46.6852 37.3933 38.9331 34.6449 33.0369 29.7198 29.1035 28.1119 27.7326 25.9782 23.9369 23.1716 21.6115 21.3145 19.8721 17.5976 16.4873 15.5926 15.2634 14.8694 13.5619 13.0412 12.9418 12.9059 12.8157 11.5798 11.3422 14.7424 10.8093 16.807 10.4699 12.9157 12.5572 11.5947 15.707 10.4682 10.3734 10.2394 10.0102 9.82401 9.81374 9.46986 9.40218 9.38751 9.23782 12.5922 12.5422 10.0621 9.15816 9.07292 8.92685
threshold=0.025000000000000005 -1.0000000180025095e-35 1.9450000000000001 0.96010100249940655 0.35000000000000003 0.38500000000000006 0.78656609248549303 0.25881904510252091 0.6830127018922193 0.25000000000000017 1.0000000180025095e-35 0.97500000000000009 -0.60355339059327362 0.55000000000000016 -0.70710678118654735 0.25881904510252091 0.25881904510252091 0.9919160630702849 0.12940952255126045 0.25000000000000011 0.25000000000000017 0.37940952255126054 0.88495649876721172 0.68301270189221941 0.25000000000000011 -0.6830127018922193 2.4350000000000005 0.39171654935837491 0.96250000000000002 -0.24999999999999994 2.8050000000000002 0.075000000000000025 0.17499999999999996 1.0000000180025095e-35 0.95000000000000007 0.25000000000000017 0.25000000000000011 1.675 0.13500000000000004 1.0000000180025095e-35 0.025000000000000005 1.0000000180025095e-35 0.32500000000000007 0.60355339059327384 0.85500000000000009 0.37940952255126054 0.25000000000000011 0.80500000000000016 0.58333333333333337 2.5050000000000003 0.15000000000000005 0.083333333333333315 0.6386868466989768 1.0000000180025095e-35 0.48333333333333339 0.6830127018922193 0.37940952255126048 0.31691654995395618 0.68301270189221941 1.8650000000000004 -0.24999999999999994 0.55000000000000016
decision_type=2 2 2 2 2 2 2 2 2 2 2 2 2 2 2 2 2 2 2 2 2 2 2 2 2 2 2 2 2 2 2 2 2 2 2 2 2 2 2 2 2 2 2 2 2 2 2 2 2 2 2 2 2 2 2 2 2 2 2 2 2 2
left_child=1 3 5 6 7 16 55 14 28 19 18 21 32 -14 23 22 34 -13 51 26 27 -11 -6 -4 -24 -20 41 -8 33 -23 46 -18 -10 -5 39 -35 -16 -21 -39 40 -2 43 -43 -7 -44 47 -9 -46 -42 -26 -19 -3 -49 -33 -45 57 -57 58 -1 -40 -55 -27
right_child=2 10 4 8 15 9 20 30 12 11 -12 17 13 -15 36 -17 31 50 25 37 -22 29 24 -25 49 61 -28 -29 -30 -31 -32 53 -34 35 -36 -37 -38 38 59 -41 48 42 44 54 45 -47 -48 52 -50 -51 -52 -53 -54 60 -56 56 -58 -59 -60 -61 -62 -63
leaf_value=-3.9225344156076492e-05 -8.9606204435567252e-05 -5.2010087493660779e-05 0.00058426421318497621 5.8883612191187611e-06 0.00036507718700713233 0.00128972327977826 -5.3912408097172979e-05 0.00011944840225893371 3.0813411585783567e-05 0.00075169514934780022 -5.2006777841260941e-05 2.244905637811906e-05 -5.7800004211283097e-06 -6.1169731777957047e-05 0.0027621384890023147 0.00047199936896227422 -6.4069227821590463e-05 0.0018268190625011531 -5.2010087493660779e-05 0.0002716316240761543 -5.1840913591575274e-05 0.00027013583000156657 0.0015793106727662852 0.0024513433188232967 0.0020149371117141241 -5.2010087493660779e-05 0.0010179690711027295 -5.4175991367670399e-05 -8.4181163590892161e-05 -0.00022831008609731584 0.0021429742166760397 2.9679149693030427e-05 -2.4870743680982885e-05 4.1794933109650047e-05 7.6815031860393442e-06 -1.1065345901141443e-06 0.004954676658918764 0.0011959509657247062 0.0012098885140056936 0.00020633121218504766 0.00059221223451720074 -0.00033106964679266763 0.00022151985647463179 4.9269554852904431e-05 -0.00034885694359886228 -0.00047344226749976737 0.0010723692166917668 0.00066176813966262898 1.0457683576256468e-05 0.0037183043164213023 0.00166272238261112 -5.2010087493660779e-05 -0.00010255204676238193 4.6388941261727486e-05 0.00051256938981070839 -2.925481888279564e-05 -8.4635891983621858e-05 2.5933494495688829e-05 -8.6392721826943861e-05 0.00035564513841873755 -9.5443995335992392e-05 -5.2010087493660779e-05
leaf_weight=224 300 470 148 1456 177 116 245 153 339 1235 465 186 267 367 646 402 445 405 2342 1525 223 225 970 89 216 2349 138 253 160 258 84 902 713 1327 1050 390 647 101 99 763 279 166 711 408 219 186 136 448 181 371 1182 958 367 253 151 115 112 356 82 138 577 4858
leaf_count=224 300 470 148 1456 177 116 245 153 339 1235 465 186 267 367 646 402 445 405 2342 1525 223 225 970 89 216 2349 138 253 160 258 84 902 713 1327 1050 390 647 101 99 763 279 166 711 408 219 186 136 448 181 371 1182 958 367 253 151 115 112 356 82 138 577 4858
internal_value=-0.0055311 -0.0169439 0.00656327 -0.00203167 0.0156906 0.00372954 -0.00916201 0.0209086 0.000256972 0.00545917 -0.0255825 0.00813574 -0.0039834 -0.00973228 0.0233573 0.0110342 0.000719848 0.0115502 -0.0259801 0.00350021 -0.0159972 0.00460733 0.01283 0.0127311 0.0139987 -0.0265728 0.00166953 -0.0121443 0.00240252 -0.00105372 0.0108289 -0.0018595 -0.000512821 0.00286389 0.0029021 0.00462747 0.0252937 0.0063573 0.0113274 0.00466535 0.00212878 0.00114677 0.000100095 0.00439349 0.000791925 -0.000982801 0.00755172 0.000463768 0.00572668 0.0185204 0.0128652 -0.0220014 0.00202206 -0.000657819 0.00251786 -0.00360674 -0.00881579 -0.00180995 -0.00625407 0.00718487 -0.00296029 -0.0273654
internal_weight=35124 18071 17053 6629 4039 13014 1610 1903 5019 8264 11442 3491 1686 634 1530 2136 4750 1773 10977 4773 721 1718 1734 237 1557 9549 2910 498 3333 483 373 2177 1052 3173 2573 1717 1293 1863 338 1523 760 2772 2097 675 1931 1220 289 1034 460 587 1587 1428 815 1732 559 889 227 662 306 237 830 7207
internal_count=35124 18071 17053 6629 4039 13014 1610 1903 5019 8264 11442 3491 1686 634 1530 2136 4750 1773 10977 4773 721 1718 1734 237 1557 9549 2910 498 3333 483 373 2177 1052 3173 2573 1717 1293 1863 338 1523 760 2772 2097 675 1931 1220 289 1034 460 587 1587 1428 815 1732 559 889 227 662 306 237 830 7207
is_linear=0
shrinkage=0.03


Tree=80
num_leaves=63
num_cat=0
split_feature=0 8 0 5 8 3 8 2 8 10 11 8 1 11 0 2 8 0 5 10 2 11 3 4 11 11 2 1 8 7 1 8 10 10 1 0 0 1 0 11 5 3 3 10 10 8 1 0 7 5 1 4 7 11 4 0 8 8 5 10 11 10
split_gain=5280.94 2585.88 517.552 117.328 89.0411 117 78.0122 69.4252 56.5272 48.6323 48.2948 47.2751 46.2797 30.2668 29.254 27.4798 22.359 25.0878 23.4697 22.9524 21.9249 21.3367 20.1188 18.7559 17.9317 17.773 17.404 16.7754 16.5693 14.6255 14.5902 14.7692 13.6594 13.5981 16.5268 13.1323 12.9715 12.7351 12.6907 17.2832 12.0515 11.1442 11.0751 11.0581 10.716 10.6883 10.6076 17.1957 9.56077 10.7862 9.54439 14.1076 9.14007 8.65192 8.51572 11.4198 8.44142 8.42307 11.4837 9.25652 8.40374 8.40104
threshold=0.025000000000000005 -1.0000000180025095e-35 2.0150000000000001 0.15000000000000005 0.37940952255126054 0.75000000000000011 -0.60355339059327362 0.65000000000000002 -0.70710678118654735 1.0000000180025095e-35 0.6830127018922193 0.25881904510252091 1.0000000180025095e-35 0.6830127018922193 0.075000000000000025 0.35000000000000003 0.12940952255126045 1.0000000180025095e-35 0.15000000000000005 -0.6830127018922193 0.35000000000000003 0.6830127018922193 0.95000000000000007 0.083333333333333315 -0.5 1.0000000180025095e-35 0.25000000000000006 0.93500000000000016 -0.70710678118654735 0.28409573147784878 0.86166666650000012 0.78656609248549325 1.0000000180025095e-35 0.68301270189221941 1.0000000180025095e-35 1.5050000000000001 2.6750000000000003 3.0650000000000004 3.0750000000000006 1.0000000180025095e-35 0.22500000000000003 0.95000000000000007 0.95000000000000007 0.68301270189221941 -0.24999999999999994 0.60355339059327384 0.16500000000000004 1.175 0.26148818501759685 0.22500000000000003 0.055000000000000007 0.058333333333333307 1.0172029338051012 -0.5 0.11666666666666667 0.83500000000000008 -0.78656609248549303 0.25881904510252091 0.71666666666666667 -0.93301270189221908 1.0000000180025095e-35 0.68301270189221941
decision_type=2 2 2 2 2 2 2 2 2 2 2 2 2 2 2 2 2 2 2 2 2 2 2 2 2 2 2 2 2 2 2 2 2 2 2 2 2 2 2 2 2 2 2 2 2 2 2 2 2 2 2 2 2 2 2 2 2 2 2 2 2 2
left_child=1 6 4 11 5 8 13 43 9 46 41 26 16 22 -6 38 18 19 61 -18 -10 30 -1 -15 36 35 28 42 -4 -27 31 33 -28 34 -16 -11 -13 57 39 -5 -21 -9 48 -8 -23 -35 -2 52 -7 -50 53 -52 -48 -33 -29 -56 -25 58 59 -17 -47 -3
right_child=2 12 3 15 14 27 7 10 20 25 -12 24 -14 23 21 37 17 -19 -20 40 -22 44 -24 56 -26 29 32 54 -30 -31 -32 50 -34 45 -36 -37 -38 -39 -40 -41 -42 -43 -44 -45 -46 60 47 -49 49 -51 51 -53 -54 -55 55 -57 -58 -59 -60 -61 -62 -63
leaf_value=3.8958202533675678e-05 -0.00010147815289997287 -5.0449784868850953e-05 0.0014851196455409176 0.00086055046685058702 -6.6750185709590212e-05 0.00028591972434993283 -2.1546077724942469e-05 -3.7050750048936696e-05 0.0019608307762747214 0.00013923366501130858 -5.6011510040767795e-05 0.00010605929174496042 -2.5013394907701232e-05 3.0926946980303644e-05 0.00049790222009876576 0.00023536341074942402 -5.0449784868850953e-05 -5.0467124674960097e-05 -5.0449784868850953e-05 -5.0449784868850953e-05 0.0017509482308019119 4.0647413685497397e-05 -1.6652623843966678e-05 -2.8377174316311761e-05 0.0022179310511667924 0.0003278622493813019 0.0016444153041419833 0.00077539210486986916 0.0045430084045163105 0.0016507561332862893 -0.00015271409009649906 2.6751172498813578e-05 0.0033567250129811509 0.00029195909261958805 -3.1623450155069123e-05 0.0014632573044695894 0.0016889677724154595 0.002450864496045143 0.0031590529284224247 0.0033705834391048869 -5.0449784868850953e-05 -5.2231275845616092e-05 -9.3587622933929974e-06 2.2964117786788717e-05 -0.00019208917903539626 9.0031149442033637e-05 0.00080039525822636647 -0.00023305939835405962 0.00047341637605228138 -8.7669992104106445e-05 -6.1761057950683633e-05 0.00023571774149834328 -0.00015156290918867622 -4.2410586214482984e-05 0.00089806794714535781 0.00020630809097185843 -8.0579723834696868e-05 0.00021505348269101304 0.00028202239826879191 0.0015757375527736515 -0.00015143373201925798 -5.0449784868850953e-05
leaf_weight=1663 305 419 133 281 435 577 1122 540 341 508 428 131 99 268 788 114 2343 390 913 2958 1099 280 720 743 231 252 230 279 754 366 325 632 429 296 190 154 86 206 128 203 4165 529 2264 350 459 114 593 291 123 457 84 126 99 436 277 847 294 192 201 527 235 164
leaf_count=1663 305 419 133 281 435 577 1122 540 341 508 428 131 99 268 788 114 2343 390 913 2958 1099 280 720 743 231 252 230 279 754 366 325 632 429 296 190 154 86 206 128 203 4165 529 2264 350 459 114 593 291 123 457 84 126 99 436 277 847 294 192 201 527 235 164
internal_value=-0.00565095 -0.0169374 0.00631653 0.0160021 0.00350034 0.00523718 -0.00206819 -0.00568687 0.00902469 0.00635267 -0.0102336 0.0210526 -0.0255807 0.000845758 1.36333e-05 0.0105559 -0.0257588 -0.0262839 -0.0222846 -0.0265934 0.0137821 0.000824508 0.00285654 -0.00282542 0.0124276 0.0104918 0.0235423 0.00208912 0.0263176 0.0141519 0.00187791 0.00255341 0.0197727 0.00445197 0.00668029 0.00705882 0.00619266 0.00797744 0.0157586 0.0134845 -0.0274523 -0.00681308 0.000955582 -0.00105906 -0.00377027 0.00106811 0.00223429 0.00375 0.00334197 0.000619621 0.000140735 0.00597156 0.00632035 -0.00101029 0.00485043 0.00368 -0.00465318 0.0066087 0.00790036 0.00985981 -0.00248571 -0.0175171
internal_weight=35186 18108 17078 3846 13232 8832 6657 2969 4008 2568 1497 1994 11451 3688 4400 1852 11352 9856 1496 9466 1440 3965 2383 1305 448 1280 1546 4824 887 618 3226 2901 659 1623 978 662 217 1240 612 484 7123 1069 3421 1472 739 645 1288 983 1157 580 1278 210 692 1068 1403 1124 1037 1034 842 641 349 583
internal_count=35186 18108 17078 3846 13232 8832 6657 2969 4008 2568 1497 1994 11451 3688 4400 1852 11352 9856 1496 9466 1440 3965 2383 1305 448 1280 1546 4824 887 618 3226 2901 659 1623 978 662 217 1240 612 484 7123 1069 3421 1472 739 645 1288 983 1157 580 1278 210 692 1068 1403 1124 1037 1034 842 641 349 583
is_linear=0
shrinkage=0.03


Tree=81
num_leaves=63
num_cat=0
split_feature=0 8 0 6 5 8 8 3 1 11 11 2 8 11 0 8 2 8 5 1 8 0 0 8 0 8 5 11 3 0 1 0 4 11 0 2 11 4 4 11 8 2 3 11 6 1 2 8 1 5 7 6 0 5 8 8 4 11 6 6 8 11
split_gain=5339.49 2541.97 438.845 129.071 114.783 82.5395 66.4414 106.224 58.9254 52.5678 37.9125 37.7876 35.5685 34.0056 32.179 28.4332 28.8359 26.3615 25.5505 22.9472 22.3347 21.6028 21.412 19.4627 17.292 16.8515 18.5467 15.1944 15.1198 14.2645 13.511 15.3978 13.2145 12.9078 12.5147 12.3056 12.1658 12.0564 11.1449 11.8062 13.9006 13.6598 11.1207 10.9562 10.666 10.0445 9.9687 9.94318 9.93542 9.75335 10.0792 9.58395 8.87082 13.0886 8.61684 8.60968 11.0358 10.1613 8.49918 8.29754 8.18573 16.8359
threshold=0.03500000000000001 -1.0000000180025095e-35 2.0150000000000001 0.9919160630702849 0.083333333333333315 -0.60355339059327362 0.37940952255126054 0.75000000000000011 1.0000000180025095e-35 1.0000000180025095e-35 0.6830127018922193 0.15000000000000005 0.25881904510252091 -0.24999999999999994 1.0000000180025095e-35 -0.60355339059327362 0.55000000000000016 0.12940952255126045 0.22500000000000003 0.82500000000000007 -0.37940952255126059 2.8050000000000002 0.82500000000000007 -0.70710678118654735 1.1533333333333335 -0.91597561503675329 0.083333333333333315 1.0000000180025095e-35 0.35000000000000003 0.45500000000000007 0.03500000000000001 1.5650000000000002 0.37222222222222229 -0.5 2.6050000000000004 0.55000000000000016 -0.5 0.96250000000000002 0.083333333333333315 1.0000000180025095e-35 0.91597561503675362 0.75000000000000011 0.35000000000000003 0.6830127018922193 0.20078576419566965 1.0050000000000001 0.25000000000000006 -0.91597561503675329 2.2950000000000004 0.083333333333333315 0.97432427743659145 0.27367423887636216 0.16500000000000004 0.083333333333333315 -0.60355339059327362 0.25881904510252091 0.083333333333333315 -0.68301270189221952 0.22881278820686382 0.72773610537564315 -0.78656609248549303 -0.5
decision_type=2 2 2 2 2 2 2 2 2 2 2 2 2 2 2 2 2 2 2 2 2 2 2 2 2 2 2 2 2 2 2 2 2 2 2 2 2 2 2 2 2 2 2 2 2 2 2 2 2 2 2 2 2 2 2 2 2 2 2 2 2 2
left_child=1 3 6 5 12 36 7 9 14 19 37 48 23 20 17 -12 -17 18 -3 -2 51 27 52 -4 45 26 -9 55 -24 38 31 32 -31 34 -14 -19 -1 47 -8 40 41 -40 -41 -34 -38 -21 -25 -5 -6 50 -26 -7 -11 -54 60 56 -13 -57 -43 -28 61 -49
right_child=2 8 4 10 11 13 29 25 -10 22 15 21 33 -15 -16 16 -18 35 -20 24 -22 -23 28 46 49 -27 59 -29 -30 30 -32 -33 43 -35 -36 -37 44 -39 39 42 -42 58 -44 -45 -46 -47 -48 54 -50 -51 -52 -53 53 -55 -56 57 -58 -59 -60 -61 -62 -63
leaf_value=8.2399671304609908e-06 1.2969528075016319e-05 -4.8936291322785421e-05 0.0015534686576206636 -2.9749874871195236e-05 0.001783481717498917 -7.3290150284302673e-05 -4.9933820350091125e-05 0.00047396046448350965 -1.3877397077087014e-05 0.0001807446336835724 -7.9731657730974448e-06 0.0013688475562248724 -1.8870222873442755e-05 -5.0664337570247608e-05 -4.9208077620806762e-05 -9.7311369827482193e-06 -5.5779436596965154e-05 -4.8936291322785421e-05 -4.8936291322785421e-05 0.00049178774103547391 -5.0859500842743081e-05 0.0016682747043444454 0.0019116172982763296 0.0043606227537177468 0.0015448094890742931 0.00021025368353524282 -8.2869598907728677e-05 0.0020531409891334116 0.0015206513719255481 2.1259221390587528e-05 -7.6472615096253996e-05 0.00064769186793615756 0.00055458958168789812 0.0019482763854837648 0.0022837133903538852 -4.8936291322785421e-05 -6.9139138978158995e-05 -9.3906693350337002e-05 0.00072060737358790872 7.2163297031729311e-05 -2.2708314327441401e-05 -2.3537090688379256e-05 -9.5292941770067796e-05 -0.00032127332238086073 -5.5975867163937186e-05 0.0017362638972043733 0.0028859487041002206 8.7905286742873226e-05 0.003295696160957757 9.8990043925903929e-05 0.00030119445271342639 3.3335271576855166e-05 0.0013647162075183096 0.00092620381088656765 6.4739408791812885e-06 -0.0011753512220685275 0.00072403603907775812 0.0005590612755394075 0.00016794532533502332 1.8723494403038166e-05 8.249938890411472e-05 -4.6877578146818987e-06
leaf_weight=346 645 685 170 231 135 93 439 98 105 254 1055 142 95 412 477 250 327 3586 804 90 199 536 820 647 145 3275 437 363 561 902 550 241 415 193 84 5925 203 147 88 150 356 199 644 104 578 172 467 211 280 309 83 123 219 576 1478 82 516 163 267 915 717 442
leaf_count=346 645 685 170 231 135 93 439 98 105 254 1055 142 95 412 477 250 327 3586 804 90 199 536 820 647 145 3275 437 363 561 902 550 241 415 193 84 5925 203 147 88 150 356 199 644 104 578 172 467 211 280 309 83 123 219 576 1478 82 516 163 267 915 717 442
internal_value=-0.00579269 -0.0169644 0.00641966 -0.00242184 0.0152788 -0.00893095 0.00376997 0.00529884 -0.0255167 0.00898065 0.000197572 0.010807 0.0212553 -0.0161232 -0.0257214 -0.00352725 -0.00887543 -0.026054 -0.0222886 0.00444291 -0.010024 0.00891847 0.0116742 0.0236265 0.0078375 0.00227888 -0.000413508 0.0067719 0.0141317 0.000750689 0.00244013 0.00378833 0.00259494 0.0130295 0.00716667 -0.0266411 -0.00364362 0.00208243 -0.00099347 0.000105572 0.00243688 0.00540541 -0.00256604 0.00640385 -0.00571611 0.0141445 0.0250762 0.00248377 0.0189663 0.00473978 0.00943231 -0.00331797 0.00842857 0.00998744 0.00296946 0.0046792 0.00646434 -0.000121951 0.00334047 -0.00133038 0.00468271 0.00224771
internal_weight=35221 18394 16827 6812 3873 1954 12954 8599 11582 3874 4858 2217 1656 827 11477 1632 577 11000 1489 1444 415 1802 2430 1284 799 4725 1450 1266 1381 4355 2212 1662 1421 372 179 9511 1127 3226 2143 1704 910 554 794 519 781 262 1114 3079 415 537 228 216 1049 795 2848 903 658 245 466 1352 1370 653
internal_count=35221 18394 16827 6812 3873 1954 12954 8599 11582 3874 4858 2217 1656 827 11477 1632 577 11000 1489 1444 415 1802 2430 1284 799 4725 1450 1266 1381 4355 2212 1662 1421 372 179 9511 1127 3226 2143 1704 910 554 794 519 781 262 1114 3079 415 537 228 216 1049 795 2848 903 658 245 466 1352 1370 653
is_linear=0
shrinkage=0.03


Tree=82
num_leaves=63
num_cat=0
split_feature=0 8 0 6 10 1 9 8 1 2 11 3 11 7 11 0 11 0 8 0 0 9 8 11 11 2 8 3 0 6 10 8 6 10 9 3 8 6 10 11 6 8 10 2 1 7 0 8 3 11 11 11 8 10 6 2 10 3 1 9 6 8
split_gain=5232.25 2542.81 464.019 112.491 99.78 87.763 78.6592 46.7922 45.7009 39.6795 37.8908 33.1685 32.2366 30.545 29.894 24.9895 23.834 24.6176 23.5578 25.6593 21.5331 21.0079 18.5601 17.7545 16.4292 23.2916 16.1152 14.4148 14.4145 14.1331 13.9196 13.4502 19.1758 13.1975 12.9168 27.4664 11.9975 13.1358 11.9099 11.178 16.1522 10.7182 10.5226 10.4912 9.94978 9.82772 9.38026 11.5783 9.62789 10.1248 9.37893 9.31028 8.87603 8.68611 8.65973 8.64153 8.61466 13.6595 8.57468 8.4871 8.43993 8.38219
threshold=0.025000000000000005 -1.0000000180025095e-35 2.0150000000000001 0.96010100249940655 0.25000000000000011 0.80500000000000016 0.78656609248549303 0.25881904510252091 1.0000000180025095e-35 0.25000000000000006 0.93301270189221952 0.45000000000000007 1.0000000180025095e-35 0.92101535768282028 0.25000000000000017 0.22500000000000003 0.25000000000000017 2.9550000000000005 0.12940952255126045 1.0000000180025095e-35 2.6950000000000007 0.91597561503675351 -0.37940952255126059 0.6830127018922193 0.6830127018922193 0.55000000000000016 -0.60355339059327362 0.45000000000000007 2.8050000000000002 0.55160846378518025 -0.6830127018922193 0.25881904510252091 0.9919160630702849 0.68301270189221941 -0.70710678118654757 0.62500000000000011 0.25881904510252091 0.72773610537564315 0.25000000000000011 0.6830127018922193 0.68180145234509759 -0.5 0.25000000000000011 0.45000000000000007 3.0650000000000004 0.99257459861692243 0.82500000000000007 -0.91597561503675329 0.8500000000000002 0.25000000000000017 -0.24999999999999994 1.0000000180025095e-35 0.37940952255126054 -0.5 0.9919160630702849 0.65000000000000002 1.0000000180025095e-35 0.11666666666666667 1.4450000000000001 0.37940952255126048 0.27367423887636216 -0.70710678118654735
decision_type=2 2 2 2 2 2 2 2 2 2 2 2 2 2 2 2 2 2 2 2 2 2 2 2 2 2 2 2 2 2 2 2 2 2 2 2 2 2 2 2 2 2 2 2 2 2 2 2 2 2 2 2 2 2 2 2 2 2 2 2 2 2
left_child=1 3 5 6 9 15 23 11 18 16 21 12 53 -6 22 36 17 -4 27 30 31 50 -8 29 -23 -26 -12 -3 51 33 -20 32 -11 -1 35 -17 37 -2 46 40 -37 -34 45 -32 -22 -14 58 -48 61 -50 -5 -15 54 -7 -41 -28 57 -36 -13 -25 -24 -49
right_child=2 8 4 10 13 7 14 -9 -10 20 26 38 42 28 -16 34 -18 -19 19 -21 44 24 60 59 25 -27 55 -29 -30 -31 43 -33 41 -35 56 39 -38 -39 -40 52 -42 -43 -44 -45 -46 -47 47 48 49 -51 -52 -53 -54 -55 -56 -57 -58 -59 -60 -61 -62 -63
leaf_value=-8.9616611693154632e-06 -5.5201213272514106e-05 -4.7468202583101865e-05 0.0006090975578636953 4.5665507991019655e-05 0.0022024490311443527 1.5108895258458821e-05 -6.6445999126138369e-05 4.6353387216191418e-06 -2.9700382086065603e-05 -0.00015375217457086476 -2.7397217529547474e-05 0.00057999511109815816 0.0018826780120292429 0.0019615679994874845 -4.7502056379739026e-05 0.00094608329537507099 0.0031720520755704027 0.0027407679285845398 -4.7468202583101865e-05 -4.7530377996035528e-05 0.0011031013142857227 -7.0318269940067979e-06 -4.9194564262572272e-05 -6.3055863087255431e-05 3.0244705171753652e-05 -5.5980911425486348e-05 -6.2685233567684386e-05 -4.7468202583101865e-05 0.0045554263869015113 3.8420640861129038e-05 -4.7468202583101865e-05 -6.8215452402086709e-05 0.00071980275205992504 -7.8826323280923157e-05 0.00034909115430474134 3.0552265752134544e-06 -3.2994781444527356e-05 0.00011212666743389048 0.00096558117388096634 -0.00018459667780726274 0.00050172170200376838 0.0020385339132528578 0.0024650461062405721 -4.7468202583101865e-05 0.0019986919600725973 0.00067111125867147178 -0.00024673127744516545 7.6686388548633525e-05 0.00052225998712234574 -0.00043012495906987494 8.8109633101277928e-06 0.0036404320417521663 -0.00036016657451191757 0.00077243926246981789 0.0005415708483104282 -4.9693827511409419e-05 0.00011760151989901882 -4.563623465587786e-05 0.0021747215569356041 -8.0461534006119788e-05 -4.9450240034954772e-05 0.0015939183288831416
leaf_weight=293 502 553 258 1155 667 148 256 683 104 152 412 226 318 213 233 798 281 181 2316 394 368 791 110 121 80 108 88 919 534 260 2028 208 172 115 349 535 1356 1107 742 214 649 317 320 5132 221 99 216 85 347 93 2218 239 109 288 292 130 1810 1506 80 131 126 283
leaf_count=293 502 553 258 1155 667 148 256 683 104 152 412 226 318 213 233 798 281 181 2316 394 368 791 110 121 80 108 88 919 534 260 2028 208 172 115 349 535 1356 1107 742 214 649 317 320 5132 221 99 216 85 347 93 2218 239 109 288 292 130 1810 1506 80 131 126 283
internal_value=-0.00577997 -0.0170117 0.00618495 -0.00222239 0.0154014 0.00351399 -0.00902187 0.00726903 -0.0255735 0.011144 2.40819e-05 0.00877079 0.0128024 0.0209492 -0.016405 0.00191482 0.0168932 0.0124773 -0.0257551 -0.0262891 0.00825573 0.00101999 -0.0121704 -0.00319218 -0.00284694 -0.0107937 -0.00684628 -0.0221589 0.0243161 -0.000627803 -0.0266034 0.00518824 0.00733645 -0.00410758 0.00298898 0.00460739 -0.000354012 0.00139752 0.00648336 0.00255 0.00425316 0.0102245 0.016626 -0.0272727 0.012661 0.0134211 0.00477836 0.00339512 0.00504326 0.00204082 0.00214286 0.0202649 -0.000730519 0.00631579 0.000946746 -0.0134247 0.00184124 0.000404095 0.00938111 -0.00996047 -0.0182278 0.00861789
internal_weight=35039 18073 16966 6627 3811 13155 1645 3928 11446 2158 4982 3245 1173 1653 725 9227 720 439 11342 9870 1438 4352 492 920 979 188 630 1472 986 668 9476 849 641 408 6262 2597 2965 1609 2072 1799 1184 489 737 7160 589 417 1330 1024 808 440 3373 452 615 436 506 218 3665 1855 306 252 236 368
internal_count=35039 18073 16966 6627 3811 13155 1645 3928 11446 2158 4982 3245 1173 1653 725 9227 720 439 11342 9870 1438 4352 492 920 979 188 630 1472 986 668 9476 849 641 408 6262 2597 2965 1609 2072 1799 1184 489 737 7160 589 417 1330 1024 808 440 3373 452 615 436 506 218 3665 1855 306 252 236 368
is_linear=0
shrinkage=0.03


Tree=83
num_leaves=63
num_cat=0
split_feature=0 8 0 6 5 0 8 1 8 8 4 10 0 8 8 5 10 0 8 5 8 0 4 0 8 10 9 6 8 5 0 6 2 5 6 2 10 10 0 6 2 2 1 0 2 6 6 10 1 10 7 8 8 9 8 4 10 1 0 9 8 6
split_gain=5060.78 2542.92 441.801 122.145 111.512 83.9749 51.3913 43.7521 43.394 38.9858 36.0988 31.0778 28.3319 28.0899 27.1173 25.4671 25.145 22.455 22.0938 20.0367 34.3745 20.9018 19.4308 18.5865 17.0394 16.5528 16.0965 15.5112 14.3465 24.1542 19.582 14.2895 13.5385 13.4043 13.2445 13.1002 12.6013 12.2231 12.013 11.9051 11.8856 11.6955 10.7353 17.1954 10.6625 10.6273 15.0701 10.5549 10.4737 10.1142 10.0054 9.91003 14.3272 9.48176 8.77741 8.69691 8.56582 8.49487 10.229 14.0512 8.41265 8.11027
threshold=0.015000000000000001 -1.0000000180025095e-35 2.0150000000000001 0.81569335171151025 0.083333333333333315 0.15500000000000003 -0.60355339059327362 0.95500000000000007 0.25881904510252091 0.25881904510252091 0.85833333333333339 0.25000000000000011 2.9850000000000008 0.12940952255126045 -0.70710678118654735 0.15000000000000005 0.68301270189221941 1.0000000180025095e-35 0.25881904510252091 0.15000000000000005 0.60355339059327384 1.1950000000000001 0.64166666666666683 0.03500000000000001 -0.37940952255126059 -0.5 0.78656609248549303 0.9919160630702849 -0.70710678118654735 0.71666666666666667 1.1533333333333335 0.9919160630702849 0.25000000000000006 0.35000000000000003 0.9919160630702849 0.55000000000000016 0.68301270189221941 -0.6830127018922193 1.1150000000000004 0.9919160630702849 0.45000000000000007 0.55000000000000016 2.0550000000000002 2.7150000000000003 0.65000000000000002 0.88495649876721172 0.2422058823782218 -0.24999999999999994 0.32500000000000007 1.0000000180025095e-35 0.74490947620583237 0.37940952255126054 -0.5 -0.9159756150367534 -0.91597561503675329 0.083333333333333315 0.68301270189221941 0.15500000000000003 0.36500000000000005 -0.12940952255126037 0.25881904510252091 0.6284387002523627
decision_type=2 2 2 2 2 2 2 2 2 2 2 2 2 2 2 2 2 2 2 2 2 2 2 2 2 2 2 2 2 2 2 2 2 2 2 2 2 2 2 2 2 2 2 2 2 2 2 2 2 2 2 2 2 2 2 2 2 2 2 2 2 2
left_child=1 3 5 6 9 18 47 19 11 14 26 28 16 15 -4 56 27 25 -2 20 21 36 -21 -20 49 -15 54 -6 30 44 -9 45 -16 -14 -28 37 57 -22 -39 -13 -27 -8 -11 -44 -30 46 -24 -1 -33 -12 -18 52 -29 -23 -5 -25 -3 -7 -59 -60 -54 -57
right_child=2 13 4 10 12 7 41 8 -10 42 24 39 33 17 32 -17 50 -19 23 22 35 53 31 55 -26 40 34 51 29 -31 -32 48 -34 -35 -36 -37 -38 38 -40 -41 -42 -43 43 -45 -46 -47 -48 -49 -50 -51 -52 -53 60 -55 -56 61 -58 58 59 -61 -62 -63
leaf_value=-4.5679278350760527e-06 1.7415946027100754e-05 -4.6044156505608801e-05 0.0011553921580027637 -5.8270260816287859e-06 9.2148348429660354e-06 -0.00030665414709547237 -5.1248370287737689e-05 0.00079038106661870734 -1.5209848932661584e-05 0.0023170347532493795 -7.03001267711841e-05 0.0003834941499033127 0.0027923697297327055 -4.6044156505608801e-05 0.0041346425088391037 -4.6044156505608801e-05 0.0011015561840136483 -4.5898483290144673e-05 -4.6305923952301493e-05 2.6707731642922927e-05 0.0001958088922960929 0.0020210268442191997 -4.721174502203398e-05 -5.2141410159859765e-05 -4.9831215820305798e-05 -4.6044156505608801e-05 -4.9644432823634505e-05 0.00058567006247985055 0.0018641370786202525 -1.3890242897797444e-05 -0.00011093579001804382 0.00025907902230362564 0.002729039522367238 0.0015444809280485249 -1.8961202027786231e-06 0.00022516865517973881 0.00076511883906020105 -9.5811318815450515e-05 0.00027016696167480756 0.0015576049105793387 -4.6044156505608801e-05 -4.7710979043660361e-05 0.00042914880689494395 0.0020270253475903398 0.0012697490400400818 -0.0001366411578269245 0.00028707221999046294 -6.305104632003463e-05 0.00092406542606106778 -4.2228365517507725e-06 0.0033281346591719761 -3.8553788549989806e-05 0.0021099141127469043 0.00069235981977032283 2.8232264051969885e-05 -6.7622136010365863e-05 -4.6044156505608801e-05 0.00067965450689977012 0.0011596842676067419 -5.9191902449874998e-05 0.00064204154922410715 5.6025158735805052e-06
leaf_weight=307 1367 405 173 513 256 170 107 286 612 81 287 160 246 3163 633 895 80 271 289 3046 202 103 438 141 189 1720 214 301 319 230 462 694 464 189 1805 227 318 357 91 865 4615 437 194 98 455 280 497 347 483 387 242 99 564 198 1845 224 169 124 207 174 185 508
leaf_count=307 1367 405 173 513 256 170 107 286 612 81 287 160 246 3163 633 895 80 271 289 3046 202 103 438 141 189 1720 214 301 319 230 462 694 464 189 1805 227 318 357 91 865 4615 437 194 98 455 280 497 347 483 387 242 99 564 198 1845 224 169 124 207 174 185 508
internal_value=-0.00591105 -0.0172054 0.0056078 -0.00217114 0.0146374 0.00306697 -0.010809 0.00420038 0.0070354 0.0205292 -0.000194619 0.00862851 0.0101526 -0.0258172 0.023037 -0.021898 0.00842014 -0.0264043 -0.00186166 0.00293693 0.00537293 0.00847876 0.0019636 -0.00490112 -0.00579861 -0.0266491 0.000911375 0.00667852 0.00619509 0.00853731 0.00304406 0.00398663 0.0247814 0.0169954 -0.00105446 0.000785877 0.00636821 -0.00138249 -0.00414254 0.0127778 -0.0275521 -0.0176147 0.0119519 0.00921502 0.011071 0.0017023 0.00323718 -0.00512977 0.00634126 -0.00355556 0.0159752 0.00816522 0.00901998 0.0153974 0.00259432 -0.00271167 -0.0169043 0.00403846 0.00598814 0.00353403 0.01124 -0.00139154
internal_weight=35008 17676 17332 6438 3805 13527 1198 10998 3389 1643 5240 2777 2162 11238 1270 1469 1727 9769 2529 7609 2171 1294 5438 1162 863 9498 4377 1405 1752 1004 748 2392 1097 435 2019 877 993 650 448 1025 6335 544 373 292 774 1215 935 654 1177 674 322 1149 1050 301 2358 873 574 675 505 381 749 732
internal_count=35008 17676 17332 6438 3805 13527 1198 10998 3389 1643 5240 2777 2162 11238 1270 1469 1727 9769 2529 7609 2171 1294 5438 1162 863 9498 4377 1405 1752 1004 748 2392 1097 435 2019 877 993 650 448 1025 6335 544 373 292 774 1215 935 654 1177 674 322 1149 1050 301 2358 873 574 675 505 381 749 732
is_linear=0
shrinkage=0.03


Tree=84
num_leaves=63
num_cat=0
split_feature=0 8 0 6 2 8 3 8 11 8 5 0 11 8 2 11 6 8 8 5 4 5 0 8 8 5 11 2 0 7 7 9 0 8 0 4 11 8 4 3 5 5 8 7 11 5 9 3 4 6 9 6 0 4 8 3 6 8 0 2 5 11
split_gain=5160.22 2469.16 453.05 110.322 105.855 91.1142 98.5782 55.3121 47.5431 38.3348 36.9724 36.7862 32.6049 27.4696 27.2325 25.6162 24.9901 24.3227 30.7287 23.7195 23.4832 19.6658 19.1758 17.9363 17.7698 17.1376 15.4716 16.4144 15.4651 17.8596 15.2506 14.56 14.4823 14.3433 13.5956 12.8577 14.6835 14.7729 12.6456 12.3641 11.9274 11.3409 11.0811 11.8914 15.4957 11.0094 10.7963 10.6675 13.1404 10.8241 10.2655 11.4864 10.2476 10.1283 10.1039 10.0663 9.36826 12.8456 9.33927 9.17239 8.96053 8.58653
threshold=0.015000000000000001 -1.0000000180025095e-35 2.0150000000000001 0.81569335171151025 0.25000000000000006 0.60355339059327384 0.57500000000000007 -0.37940952255126059 0.6830127018922193 -0.37940952255126059 0.083333333333333315 0.065000000000000016 1.0000000180025095e-35 0.12940952255126045 0.55000000000000016 1.0000000180025095e-35 0.69300588406246244 0.25881904510252091 -0.70710678118654735 0.15000000000000005 0.85833333333333339 0.083333333333333315 1.0000000180025095e-35 0.25881904510252091 -0.60355339059327362 0.15000000000000005 -0.68301270189221952 1.0000000180025095e-35 1.1950000000000001 0.046996671788054618 0.84777897040712979 -0.37940952255126015 2.8050000000000002 -0.98296291314453399 2.4350000000000005 0.058333333333333307 -0.5 0.91597561503675362 0.41666666666666669 0.35000000000000003 0.083333333333333315 0.63333333333333341 0.37940952255126054 0.53651425727085267 0.6830127018922193 0.15000000000000005 -0.12940952255126037 0.95000000000000007 0.51666666666666683 0.80250532449306278 0.91597561503675351 0.9919160630702849 1.7850000000000004 0.68285714285714294 -0.5 0.95000000000000007 0.9919160630702849 0.25881904510252091 0.025000000000000005 0.55000000000000016 0.55000000000000016 -0.5
decision_type=2 2 2 2 2 2 2 2 2 2 2 2 2 2 2 2 2 2 2 2 2 2 2 2 2 2 2 2 2 2 2 2 2 2 2 2 2 2 2 2 2 2 2 2 2 2 2 2 2 2 2 2 2 2 2 2 2 2 2 2 2 2
left_child=1 3 5 7 17 6 12 15 50 20 23 58 26 19 -11 59 31 18 61 -3 -10 28 38 -6 -17 -20 27 -2 29 -14 -19 41 56 -18 -32 -13 37 55 -15 -38 -35 -8 47 44 -44 -29 52 48 54 -49 -5 -52 -28 -23 -42 -37 -12 -58 -7 -1 -34 -4
right_child=2 13 4 8 10 11 16 -9 9 14 32 35 21 22 -16 24 33 30 25 -21 -22 53 -24 -25 -26 -27 46 45 -30 -31 34 -33 60 40 -36 36 39 -39 -40 -41 42 -43 43 -45 -46 -47 -48 49 -50 -51 51 -53 -54 -55 -56 -57 57 -59 -60 -61 -62 -63
leaf_value=6.4725990369302383e-05 9.9319137209308286e-06 -4.4662831810440535e-05 0.00045768616570425187 2.2164014279101844e-05 0.0025458968250601341 -4.4916746233732449e-05 0.00034600316516333765 -4.6114095634129751e-05 -2.7308433541498728e-06 -8.0165530060734118e-05 0.00014699618551419159 -4.0604515784300185e-05 0.00014233862554534224 -4.4662831810440535e-05 -5.0158227574653773e-05 -6.1159514930433595e-05 -3.5810159153518256e-05 0.0024675818114497177 0.0039427164269793735 -4.4662831810440535e-05 -8.816976596949557e-05 0.00056735671139278418 -4.4521528791440339e-05 0.00056261002090782556 -4.8787071689082214e-05 0.0028589844679076876 0.0012584273246241582 0.00056426777395133393 0.001626952028205687 0.0014247519578627465 0.00014816223820529717 -9.7914457929942214e-05 0.0020113799591930138 0.00052502275666696291 0.0017701702935069173 0.00049977248294674553 8.7098849176094891e-05 -1.2373914319907756e-05 -4.4662831810440535e-05 -5.8601049223068882e-05 8.651916478804366e-05 -8.8917089799495083e-06 0.00035997555610063902 -0.00092529667920133389 -0.00035555120351359325 0.000278381768482412 -0.00011404238752784695 0.00049612949355176596 0.00077301974477614658 8.7317406306958379e-05 -5.0720788278135348e-05 -1.466560099399215e-06 -0.00018689999954484614 0.0012814697580391182 0.00094607253004120033 8.8086501577278148e-05 0.0015027663476828135 0.00013364857095221115 -6.0646009408535449e-05 -5.8428682662168009e-05 0.00083496304338779746 0.0020775166937402976
leaf_weight=94 157 573 99 2635 510 169 348 284 1077 125 255 1011 210 5136 212 289 575 86 755 892 326 833 269 151 87 302 194 190 463 289 104 533 309 412 181 333 221 219 4425 737 671 1042 295 89 145 122 300 124 1130 1212 106 762 91 409 353 328 664 186 356 419 159 83
leaf_count=94 157 573 99 2635 510 169 348 284 1077 125 255 1011 210 5136 212 289 575 86 755 892 326 833 269 151 87 302 194 190 463 289 104 533 309 412 181 333 221 219 4425 737 671 1042 295 89 145 122 300 124 1130 1212 106 762 91 409 353 328 664 186 356 419 159 83
internal_value=-0.00595951 -0.0173594 0.00564116 -0.00249649 0.0147308 0.00306371 0.0044788 -0.0108092 -0.000635011 -0.00468696 0.0104966 -0.00120889 0.00878183 -0.0258012 -0.0137574 -0.00711236 0.00245455 0.0205959 0.022621 -0.0219168 -0.0025 0.0108571 -0.0263778 0.0164502 -0.0130504 0.0245841 0.00443602 0.00848936 0.014081 0.01038 0.0137903 -0.000452183 0.00798602 0.003571 0.0103846 0.000136842 0.00163132 0.00442679 -0.0266022 -0.000938478 0.00414937 0.00116463 0.00364925 -0.000396226 0.00163265 0.0124601 0.00117747 0.00426239 0.00556845 0.00215408 0.00137842 -0.00144994 0.00534965 0.00835076 0.00310244 0.00666163 0.00610307 0.00761457 -0.0084981 -0.00274319 0.0124094 0.0111475
internal_weight=35116 17711 17405 6416 3844 13561 10187 1173 5243 1740 2234 3374 3258 11295 337 889 6929 1610 1239 1465 1403 2204 9830 661 376 1057 1054 469 962 499 371 1923 1573 5006 285 2849 1838 880 9561 958 4431 1390 4019 529 440 312 585 3490 2154 1336 3503 868 285 1242 1024 661 1105 850 525 513 468 182
internal_count=35116 17711 17405 6416 3844 13561 10187 1173 5243 1740 2234 3374 3258 11295 337 889 6929 1610 1239 1465 1403 2204 9830 661 376 1057 1054 469 962 499 371 1923 1573 5006 285 2849 1838 880 9561 958 4431 1390 4019 529 440 312 585 3490 2154 1336 3503 868 285 1242 1024 661 1105 850 525 513 468 182
is_linear=0
shrinkage=0.03


Tree=85
num_leaves=63
num_cat=0
split_feature=9 8 8 1 11 6 2 5 8 8 8 11 8 4 10 8 10 10 3 9 8 5 8 8 1 10 10 11 3 6 3 11 8 8 4 10 1 6 1 11 11 10 10 8 3 11 8 5 3 2 11 4 11 11 3 8 5 11 8 2 11 11
split_gain=3845.42 2678.72 865.716 320.887 240.851 132.023 100.555 91.8137 80.7629 58.8347 57.2717 52.304 42.5465 41.1536 35.9418 35.6303 32.8467 37.8225 31.6579 28.806 28.1549 26.6472 24.8075 23.7875 22.7138 21.1491 19.1376 18.3219 18.2947 17.287 16.584 19.3254 16.4402 14.8817 13.7897 17.4911 13.5672 12.826 12.8127 19.2868 12.5509 12.3575 12.0963 11.0055 10.8571 11.1995 10.7874 10.5891 10.5494 10.0567 10.8126 9.7526 9.54522 9.3514 9.26503 8.95847 11.7278 10.9085 8.9391 8.83383 8.51615 8.35572
threshold=1.0000000180025095e-35 -1.0000000180025095e-35 0.78656609248549325 2.1550000000000007 1.0000000180025095e-35 0.84272314683140503 0.25000000000000006 0.083333333333333315 0.91597561503675362 -0.60355339059327362 0.60355339059327384 0.6830127018922193 0.25881904510252091 0.17499999999999996 0.25000000000000011 -0.60355339059327362 -0.24999999999999994 0.93301270189221952 0.95000000000000007 -0.70710678118654757 0.37940952255126054 1.0000000180025095e-35 0.12940952255126045 -0.70710678118654735 2.9050000000000007 1.0000000180025095e-35 -0.6830127018922193 1.0000000180025095e-35 0.75000000000000011 0.9919160630702849 0.95000000000000007 -0.68301270189221952 -0.37940952255126059 -0.98296291314453399 0.96250000000000002 -0.5 2.9450000000000007 0.88495649876721172 1.1450000000000002 0.25000000000000017 0.6830127018922193 0.25000000000000011 0.68301270189221941 -0.37940952255126059 0.35000000000000003 0.25000000000000017 0.25881904510252091 0.45000000000000007 0.62500000000000011 0.55000000000000016 -0.5 0.58333333333333337 0.6830127018922193 0.25000000000000017 0.8500000000000002 0.60355339059327384 0.71666666666666667 0.25000000000000017 0.91597561503675362 0.95000000000000007 0.93301270189221952 -0.24999999999999994
decision_type=2 2 2 2 2 2 2 2 2 2 2 2 2 2 2 2 2 2 2 2 2 2 2 2 2 2 2 2 2 2 2 2 2 2 2 2 2 2 2 2 2 2 2 2 2 2 2 2 2 2 2 2 2 2 2 2 2 2 2 2 2 2
left_child=2 5 3 7 30 9 12 10 16 52 28 34 23 -13 36 60 47 -18 19 20 29 22 42 -5 46 -21 -23 32 33 59 49 37 -11 -1 35 44 53 58 39 -22 -20 -14 -3 -37 45 -7 48 -6 -16 -4 -51 -17 -2 -8 -31 56 -27 -57 -32 -9 -15 -46
right_child=1 21 4 6 8 11 14 18 -10 27 -12 13 41 15 24 51 17 -19 40 25 38 26 -24 -25 -26 55 -28 -29 -30 54 31 -33 -34 -35 -36 43 -38 -39 -40 -41 -42 -43 -44 -45 61 -47 -48 -49 -50 50 -52 -53 -54 -55 -56 57 -58 -59 -60 -61 -62 -63
leaf_value=0.00046839706778721969 -4.9188654871980737e-05 -4.332294685612732e-05 -3.6487227342337154e-05 0.0010695777988496314 9.8627114337326715e-06 -6.4481513022821756e-05 0.00061828898661947041 5.0839387368414864e-05 -4.332294685612732e-05 -6.4335970880784527e-05 -2.3440919802216742e-05 1.5507368928790247e-05 0.00016359791230510567 -5.0721703935050713e-06 0.0027255612484523893 -5.7407616328178422e-05 -4.3279552506580638e-05 -2.4623237466327233e-05 7.4674922973818749e-05 1.261298225139984e-05 0.001259847382551035 -4.332294685612732e-05 -4.332294685612732e-05 0.0036728012117447648 0.0034899248707536278 0.00058463824658597577 -4.332294685612732e-05 -4.4683848306033118e-05 0.00041728996148272189 0.0015264516017781432 -5.9890596746695059e-06 -5.4557051453946694e-05 -4.4896226803326654e-05 0.0015533654233962928 -7.9820761900702323e-05 5.0215318380930038e-05 0.0015489029650516827 4.7452588749879313e-05 -0.00074973082672682816 -0.00010039959160260404 -7.564060374933449e-05 0.0018053965809017624 -4.332294685612732e-05 -2.0833868821748275e-06 2.8709714629273274e-05 2.8014661327046414e-06 0.00060469387297818812 -6.8289186346927211e-05 0.0018540892692938227 0.00019306216390660311 -3.5927224881106917e-05 -4.9067295178289475e-05 -5.9882936342336071e-05 0.0015793550326221872 0.000575358491347688 0.00036690145984129009 -6.2224622477397704e-05 -9.0774096523957008e-05 -6.8407359788130167e-05 0.0010437907489871244 -7.4687390993064692e-05 -9.8053895747940958e-06
leaf_weight=383 703 373 559 150 155 267 718 321 738 173 397 520 123 408 138 154 360 119 2966 1629 173 1615 3034 943 294 627 5115 196 208 1364 81 155 187 1158 196 2153 435 143 119 315 600 159 153 535 315 227 106 86 190 267 157 277 135 179 377 148 142 121 85 92 265 616
leaf_count=383 703 373 559 150 155 267 718 321 738 173 397 520 123 408 138 154 360 119 2966 1629 173 1615 3034 943 294 627 5115 196 208 1364 81 155 187 1158 196 2153 435 143 119 315 600 159 153 535 315 227 106 86 190 267 157 277 135 179 377 148 142 121 85 92 265 616
internal_value=-0.00599094 -0.0158821 0.00397803 0.0069587 -0.0109738 -0.00201829 0.0149738 0.00448613 -0.0195751 -0.0103226 0.0100605 -6.5723e-05 0.0212573 -0.00465231 0.0107715 -0.0079276 -0.0123994 -0.0169375 0.00315509 0.00459753 0.00674511 -0.0257526 -0.0236226 0.0239397 0.0161317 0.00237256 -0.0268756 -0.0178815 0.0123943 0.00835267 -0.00229972 -0.00696774 -0.013795 0.0135214 0.00166357 0.00203452 0.00783196 -0.0026129 0.00103618 0.00319018 0.000958789 0.0108127 -0.0175332 0.00345853 -0.000652174 -0.00424242 0.0117241 -0.00334711 0.0144073 -9.14634e-05 0.00338824 -0.0146528 -0.00529201 0.00571269 0.00966131 0.00571704 0.00736364 0.001 -0.00826347 0.00282609 -0.00360534 0.00125536
internal_weight=35097 17617 17480 14575 2905 7327 3435 11140 1458 1394 2146 5933 1375 1624 2060 1104 720 479 8994 5428 2761 10290 3560 1093 728 2667 6730 556 1749 2154 1447 464 360 1541 4309 4113 1332 309 607 488 3566 282 526 2688 1425 494 434 241 328 983 424 431 838 897 1741 1038 769 269 166 413 673 931
internal_count=35097 17617 17480 14575 2905 7327 3435 11140 1458 1394 2146 5933 1375 1624 2060 1104 720 479 8994 5428 2761 10290 3560 1093 728 2667 6730 556 1749 2154 1447 464 360 1541 4309 4113 1332 309 607 488 3566 282 526 2688 1425 494 434 241 328 983 424 431 838 897 1741 1038 769 269 166 413 673 931
is_linear=0
shrinkage=0.03


Tree=86
num_leaves=63
num_cat=0
split_feature=0 8 0 6 2 0 8 11 8 5 11 8 0 8 8 11 11 8 9 8 0 5 5 4 6 8 0 11 1 0 5 6 5 11 1 8 7 7 5 4 8 11 11 1 2 4 2 8 0 8 8 7 5 2 4 0 4 8 7 8 4 1
split_gain=5032.06 2513.22 398.042 104.765 102.972 91.4135 67.1943 50.94 40.6149 58.1733 45.9491 39.1919 37.5417 35.4314 36.7439 31.027 28.5404 27.6333 27.1637 26.4342 24.0724 22.5087 22.0357 21.6226 18.9234 18.8832 16.4061 16.2562 15.8795 15.6812 15.1759 14.5984 14.1755 13.1674 14.1269 16.7699 13.1599 12.6877 12.2566 11.8585 11.7785 11.3995 11.004 10.9261 10.3698 9.96005 9.38085 16.0214 9.1984 9.15689 8.9348 8.88803 8.81351 8.58718 8.3871 8.23572 8.22471 7.93797 10.1166 7.48587 7.31467 7.20321
threshold=0.015000000000000001 -1.0000000180025095e-35 2.0150000000000001 0.96010100249940655 0.25000000000000006 0.21500000000000002 -0.37940952255126059 0.6830127018922193 0.37940952255126054 0.083333333333333315 1.0000000180025095e-35 -0.60355339059327362 2.8050000000000002 0.25881904510252091 -0.70710678118654735 -0.5 0.6830127018922193 0.12940952255126045 -0.12940952255126037 0.25881904510252091 1.0000000180025095e-35 0.63333333333333341 0.35000000000000003 0.58333333333333337 0.31691654995395618 -0.78656609248549303 0.03500000000000001 -0.5 1.885 2.3950000000000005 0.083333333333333315 0.9919160630702849 0.15000000000000005 0.6830127018922193 0.82500000000000007 0.60355339059327384 1.0066183831810789 0.54198918257745177 0.15000000000000005 0.41666666666666669 0.25881904510252091 -0.5 0.93301270189221952 0.44166666650000003 0.35000000000000003 0.96250000000000002 0.8500000000000002 -0.5 1.135 -0.91597561503675329 -0.25881904510252113 0.12427707017016014 0.45000000000000007 0.55000000000000016 0.41666666666666669 0.42500000000000004 0.083333333333333315 0.91597561503675362 0.52364334058496509 -0.70710678118654735 0.058333333333333307 0.10500000000000002
decision_type=2 2 2 2 2 2 2 2 2 2 2 2 2 2 2 2 2 2 2 2 2 2 2 2 2 2 2 2 2 2 2 2 2 2 2 2 2 2 2 2 2 2 2 2 2 2 2 2 2 2 2 2 2 2 2 2 2 2 2 2 2 2
left_child=1 3 5 6 13 19 16 45 9 10 36 42 15 14 41 40 24 22 21 37 39 46 -3 -13 27 -18 -21 -1 -15 -30 -14 -17 -16 34 35 61 43 38 -2 -19 -6 -4 -9 -7 59 -5 47 48 -11 -40 -46 -48 -26 -8 -50 -20 -28 58 -37 -12 -57 -10
right_child=2 17 4 7 12 8 53 11 33 18 44 23 30 28 32 31 25 20 55 26 -22 -23 -24 -25 52 -27 56 -29 29 -31 -32 -33 -34 -35 -36 57 -38 -39 49 -41 -42 -43 -44 -45 50 -47 51 -49 54 -51 -52 -53 -54 -55 -56 60 -58 -59 -60 -61 -62 -63
leaf_value=-3.2205829488065075e-05 8.2739929006174704e-05 -4.2023258450443502e-05 0.00028418142508225276 1.8876646035734606e-05 0.00076609369106396758 -1.990289337388658e-05 -4.6980609505981873e-05 1.0878688621390099e-05 0.00059043250151501019 0.0009301917759251152 0.001532918841461428 -5.5852187446319859e-05 0.0027762079838506959 0.0025204859252858313 0.0037279233568126191 8.257787915256442e-05 -6.0740997051056278e-05 -4.2023258450443502e-05 0.00011676522885692827 -4.2269555441036655e-05 -4.1886194522013309e-05 0.00018669889619549608 -4.2023258450443502e-05 -4.9829781925524295e-05 4.991518753605215e-05 -5.3339516077300319e-05 -5.6414309069562456e-05 -6.398379682439107e-05 -8.8079303633650241e-05 0.0014292003092667477 0.0014114641930326266 0.0017675237629680817 0.0027772242462936947 -0.00013944516484157919 -0.00015141515639861296 6.130769407261343e-05 -0.00035440389378305455 0.00051091049701705907 -5.3173796708214193e-05 -4.2023258450443502e-05 -0.00021449797159046435 0.0019860938210068627 -4.0642515796171509e-05 0.0007137631944620559 0.0018519375651458567 -6.7029023989217322e-05 -3.0967064569788688e-05 0.0014762909022402837 8.2942481111518686e-05 6.6246702857439651e-05 0.0008413780275091364 0.00051573492100486309 -3.7980286136502532e-05 -4.1936759320878695e-05 0.0009475058665748431 9.4274505260499576e-05 -2.3918639852937927e-05 -8.4850908719913122e-05 0.00034687222578622909 0.0019668424202706645 -0.00047135900251015438 3.67745820461271e-05
leaf_weight=225 457 735 99 3046 523 106 83 606 478 481 271 348 225 81 755 97 174 5112 285 277 284 2292 746 259 159 135 193 197 96 188 459 679 309 520 332 1405 96 98 822 4455 208 88 358 471 222 149 245 647 399 403 114 964 320 271 105 116 1046 157 106 145 239 115
leaf_count=225 457 735 99 3046 523 106 83 606 478 481 271 348 225 81 755 97 174 5112 285 277 284 2292 746 259 159 135 193 197 96 188 459 679 309 520 332 1405 96 98 822 4455 208 88 358 471 222 149 245 647 399 403 114 964 320 271 105 116 1046 157 106 145 239 115
internal_value=-0.0060963 -0.0173787 0.00534711 -0.00223661 0.0139207 0.00294753 -0.00897125 -2.51731e-05 0.00433766 0.00557577 0.0110028 -0.00444656 0.00967609 0.019666 0.0220687 0.00702255 -0.00559868 -0.0258361 0.0042345 -0.00140127 -0.026416 0.00496104 -0.0219636 -0.0104112 -0.00289357 -0.0134516 -0.00431114 -0.00751773 0.0113934 0.008 0.0155036 0.0111969 0.0242254 0.00147399 0.00234773 0.00319629 0.00529674 0.00107805 0.000463458 -0.0266733 0.00258197 0.00973404 -0.000683938 0.00700692 0.0160956 0.00214956 0.00674525 0.00823025 0.00581136 -0.00110114 0.0121068 0.00473554 0.0011875 -0.0204507 0.0029703 -0.00159126 -0.00283065 0.00165368 0.00232143 0.0192806 -0.00463483 0.00752525
internal_weight=35076 17662 17414 6330 3807 13607 1564 4766 10311 7198 1425 1571 2191 1616 1251 1507 1210 11332 5773 3296 9851 5133 1481 607 901 309 1516 422 365 284 684 776 1064 3113 2593 2261 673 1780 1682 9567 731 187 964 577 752 3195 2841 1632 985 1225 336 1209 479 354 504 640 1239 1668 1511 416 355 593
internal_count=35076 17662 17414 6330 3807 13607 1564 4766 10311 7198 1425 1571 2191 1616 1251 1507 1210 11332 5773 3296 9851 5133 1481 607 901 309 1516 422 365 284 684 776 1064 3113 2593 2261 673 1780 1682 9567 731 187 964 577 752 3195 2841 1632 985 1225 336 1209 479 354 504 640 1239 1668 1511 416 355 593
is_linear=0
shrinkage=0.03


Tree=87
num_leaves=63
num_cat=0
split_feature=9 8 8 5 11 6 3 9 8 8 8 9 8 11 2 10 8 7 10 8 10 2 11 5 8 11 3 4 10 7 3 4 10 8 6 11 8 7 11 11 7 11 10 7 10 4 5 2 3 6 8 11 7 7 10 4 3 10 10 5 10 10
split_gain=3787.99 2635.61 801.953 293.995 256.937 111.675 94.308 94.043 89.8986 73.7464 70.0065 68.9489 51.6955 43.0269 41.4866 36.199 34.9171 32.9414 28.5552 27.4159 22.7658 22.1866 27.4713 21.3929 29.5814 18.9545 17.7233 17.218 16.3926 15.8176 15.3683 15.0797 14.6263 14.239 13.3833 13.2402 12.7816 12.3897 12.2154 11.8928 11.3539 10.7618 10.0959 9.8877 11.7496 11.5823 9.8242 9.81762 9.51617 9.49877 9.4937 14.4184 9.72932 9.1721 9.04639 8.91249 8.70146 8.52224 8.41326 8.15069 7.986 7.90452
threshold=1.0000000180025095e-35 -1.0000000180025095e-35 0.78656609248549325 0.083333333333333315 1.0000000180025095e-35 0.84272314683140503 0.95000000000000007 -0.70710678118654757 0.91597561503675362 -0.60355339059327362 0.25881904510252091 -0.70710678118654757 0.25881904510252091 0.93301270189221952 0.35000000000000003 -0.24999999999999994 0.60355339059327384 0.77938322938322946 0.93301270189221952 -0.60355339059327362 0.68301270189221941 0.65000000000000002 0.6830127018922193 0.35000000000000003 0.12940952255126045 1.0000000180025095e-35 0.95000000000000007 0.17499999999999996 1.0000000180025095e-35 0.18876327391878686 0.75000000000000011 0.083333333333333315 -0.6830127018922193 -0.37940952255126059 0.81569335171151025 0.6830127018922193 0.60355339059327384 0.99257459861692243 -0.5 1.0000000180025095e-35 1.0721732273210687 1.0000000180025095e-35 -0.5 0.39433425312296105 0.25000000000000011 0.48333333333333339 0.95000000000000007 0.35000000000000003 0.45000000000000007 0.9919160630702849 -0.91597561503675329 0.25000000000000017 0.033451032562071846 0.92939574449215501 0.68301270189221941 0.17499999999999996 0.45000000000000007 0.25000000000000011 1.0000000180025095e-35 0.71666666666666667 0.68301270189221941 -0.6830127018922193
decision_type=2 2 2 2 2 2 2 2 2 2 2 2 2 2 2 2 2 2 2 2 2 2 2 2 2 2 2 2 2 2 2 2 2 2 2 2 2 2 2 2 2 2 2 2 2 2 2 2 2 2 2 2 2 2 2 2 2 2 2 2 2 2
left_child=2 5 3 7 26 9 11 10 15 -2 17 12 14 19 -5 -6 20 -1 -17 50 37 56 -23 24 54 33 30 -15 40 42 55 -19 -25 -11 -16 -8 59 -9 46 -38 -13 -22 -14 45 48 -36 -28 -12 -45 -44 51 52 -7 -50 -3 -4 60 -33 -32 -30 -21 -53
right_child=1 23 4 6 8 13 35 16 -10 25 47 28 29 27 34 18 -18 31 -20 21 41 22 -24 32 -26 -27 38 -29 36 -31 58 57 -34 -35 43 -37 39 -39 -40 -41 -42 -43 49 44 -46 -47 -48 -49 53 -51 -52 61 -54 -55 -56 -57 -58 -59 -60 -61 -62 -63
leaf_value=0.0015175841027039838 -4.5190765300244989e-05 -4.076256069693019e-05 -5.5041951394123046e-05 0.0022933319048613269 -4.1432967432446021e-05 0.00017994507521951474 4.2470708726598525e-05 0.00065017685730591357 -4.076256069693019e-05 -6.1439716869719042e-05 0.001150668710367596 5.4596582865887544e-05 0.0015783698552837521 1.140694643608671e-06 0.00029940061332890314 -4.0720468177869909e-05 1.3197646417042602e-05 0.0034468208569533895 -4.23717073274108e-05 -2.2009189616737997e-05 0.0011013590477301906 -3.0798424814866639e-05 -4.7331528518263217e-05 -4.076256069693019e-05 -4.076256069693019e-05 -4.2085230077225759e-05 -6.0671438793712698e-05 -5.090437440449585e-05 0.00061873492109280719 2.1761343188234636e-05 1.6339112023189211e-05 0.001558092134337614 -4.076256069693019e-05 -4.2291237219600495e-05 -0.00016183499373770754 -8.4070142500019813e-05 0.00047567706592779505 -0.00011968710163381635 -5.0904607310780975e-05 -0.00010411479712944593 -0.00047783741604183705 0.0015185459601238377 -0.00027016637239537025 0.00215874521965982 0.0024402256546210131 0.0009375651331768386 9.0906189763522089e-05 0.00044765880977312684 0.00092477094189079788 0.00063718504242920063 2.954501670314826e-05 -6.8002958586259324e-05 -1.4145320019795861e-05 0.0018838616127490519 -4.076256069693019e-05 2.5043406923009879e-05 2.4896365936433445e-05 0.0028593392978061359 0.00020924442700539947 5.446861436082556e-05 2.7835104218255564e-05 -9.3505076810882362e-06
leaf_weight=207 820 550 470 702 233 267 3055 584 744 185 454 1636 249 159 260 358 400 931 126 526 168 717 200 1156 4362 208 262 414 689 666 173 119 4073 188 101 621 102 143 114 166 80 240 80 255 484 377 94 296 593 421 2113 110 412 188 201 223 459 137 154 159 218 302
leaf_count=207 820 550 470 702 233 267 3055 584 744 185 454 1636 249 159 260 358 400 931 126 526 168 717 200 1156 4362 208 262 414 689 666 173 119 4073 188 101 621 102 143 114 166 80 240 80 255 484 377 94 296 593 421 2113 110 412 188 201 223 459 137 154 159 218 302
internal_value=-0.00620395 -0.0160161 0.00367913 0.00656894 -0.0105793 -0.00221126 0.00409003 0.0138995 -0.0195144 -0.00982168 0.017958 0.00608406 0.00844414 -0.000401831 0.0106991 -0.0119081 0.00822266 0.0219355 -0.0165773 0.000439437 0.0109067 -0.00220651 -0.00571895 -0.0257566 -0.0243508 -0.0179897 -0.00181087 -0.00820557 0.00243558 0.00372618 0.000411361 0.0238636 -0.0271262 -0.013877 0.00871182 0.000179494 0.0052641 0.00770604 -0.0066242 -0.000446097 0.000594059 0.016577 0.00671105 0.00954477 0.0107298 0.005762 -0.00386555 0.0105459 0.00891032 0.00424303 0.00219033 -8.24176e-05 0.00260294 0.00725064 -0.0187899 -0.00211816 0.000473422 0.0172763 0.0057622 0.00706714 -0.0015302 -0.00450363
internal_weight=35154 17640 17514 14563 2951 7298 10884 3679 1461 1401 2144 7208 4376 5897 2960 717 1535 1394 484 5324 1135 2120 917 10342 5113 581 1490 573 2832 1416 1020 1187 5229 373 2258 3676 1116 727 470 268 1716 408 750 1998 1520 478 356 750 1036 501 3204 1091 679 781 751 693 1203 256 327 848 744 412
internal_count=35154 17640 17514 14563 2951 7298 10884 3679 1461 1401 2144 7208 4376 5897 2960 717 1535 1394 484 5324 1135 2120 917 10342 5113 581 1490 573 2832 1416 1020 1187 5229 373 2258 3676 1116 727 470 268 1716 408 750 1998 1520 478 356 750 1036 501 3204 1091 679 781 751 693 1203 256 327 848 744 412
is_linear=0
shrinkage=0.03


Tree=88
num_leaves=63
num_cat=0
split_feature=0 8 0 10 6 8 1 1 8 1 11 2 5 8 11 10 8 2 5 8 11 11 0 0 11 0 0 9 11 6 11 8 0 5 7 10 2 5 8 8 10 0 0 5 9 9 11 6 0 7 8 6 11 10 11 5 5 2 0 10 7 2
split_gain=4755.98 2608.16 362.046 108.11 102.387 91.9555 57.1734 49.5745 46.1722 41.7433 35.3017 35.3012 27.4574 34.4586 26.4843 25.97 22.9266 21.792 20.9438 26.8537 19.325 18.8546 18.5905 18.3839 41.6859 17.3618 17.1147 15.8966 14.7342 14.4066 19.2672 13.8379 18.3453 14.9576 13.5127 13.2679 11.7782 11.7131 11.6173 11.5375 11.4116 10.2068 10.1973 10.0419 9.9357 9.86831 9.78776 14.4465 20.7068 13.2446 11.4024 10.8122 13.4816 9.6813 12.4003 9.54046 9.42242 9.38103 9.18015 9.08689 8.95011 8.85638
threshold=0.025000000000000005 -1.0000000180025095e-35 2.0150000000000001 0.25000000000000011 0.9919160630702849 -0.70710678118654735 0.95500000000000007 1.0000000180025095e-35 0.25881904510252091 2.9050000000000007 0.93301270189221952 0.35000000000000003 0.15000000000000005 0.60355339059327384 0.25000000000000017 0.25000000000000011 -0.37940952255126059 0.55000000000000016 0.22500000000000003 0.12940952255126045 1.0000000180025095e-35 1.0000000180025095e-35 0.13500000000000004 2.9550000000000005 0.25000000000000017 0.015000000000000001 3.2450000000000006 0.78656609248549303 0.6830127018922193 0.21090423132313618 0.6830127018922193 -0.70710678118654735 1.1450000000000002 0.63333333333333341 0.82162614754343488 -0.6830127018922193 1.0000000180025095e-35 0.22500000000000003 -0.37940952255126059 -0.91597561503675329 0.68301270189221941 0.34500000000000003 1.3250000000000004 0.15000000000000005 -0.60355339059327384 0.37940952255126048 -0.24999999999999994 0.54269012772290737 1.2650000000000003 0.11589595832433487 0.60355339059327384 0.9919160630702849 0.93301270189221952 1.0000000180025095e-35 0.25000000000000017 0.63333333333333341 0.45000000000000007 0.8500000000000002 1.8050000000000004 -0.24999999999999994 0.094904775295781438 0.75000000000000011
decision_type=2 2 2 2 2 2 2 2 2 2 2 2 2 2 2 2 2 2 2 2 2 2 2 2 2 2 2 2 2 2 2 2 2 2 2 2 2 2 2 2 2 2 2 2 2 2 2 2 2 2 2 2 2 2 2 2 2 2 2 2 2 2
left_child=1 4 6 11 5 29 12 18 15 20 27 23 13 21 16 31 56 41 19 40 -5 36 -14 24 -4 35 55 39 -29 59 -31 32 -8 -33 -22 -20 -2 -17 43 -6 -3 -15 -35 -12 46 -32 47 60 49 -49 51 52 -48 -46 -55 -13 -7 -56 -34 -1 -24 -30
right_child=2 7 3 9 10 14 8 -9 -10 -11 38 26 22 17 -16 37 -18 -19 25 -21 34 -23 44 -25 -26 -27 -28 28 61 30 45 33 58 42 -36 -37 -38 -39 -40 -41 -42 -43 -44 -45 53 -47 50 48 -50 -51 -52 -53 -54 54 57 -57 -58 -59 -60 -61 -62 -63
leaf_value=-3.4733605069361369e-05 -0.00019850668906303627 -3.9539683876022288e-05 0.00048340837327918773 0.0014043548248107419 -5.9956897031093575e-06 3.6200079807320284e-05 0.00076634967982803137 -2.106951226021202e-05 -7.2822320413587212e-05 0.003745659429730461 7.4402921678867052e-06 0.00079130599849291049 -3.6831109563554213e-05 -5.1901205116748961e-05 -3.9950728932442783e-05 0.0014264743743184452 -4.1101236812975342e-05 0.00011316101176163737 -3.9539683876022288e-05 -3.9539683876022288e-05 0.0014080603124203262 0.00065534739206355157 0.00017477612965551294 0.0023321258537658384 0.002279750847116594 -3.9778591956897648e-05 0.0023507478203661407 3.6089172541005004e-06 -3.4288233907295159e-05 3.3366577700954178e-05 6.4646772888024687e-06 0.0013709126016060685 6.6884843827160197e-05 0.00098083737672326112 0.0031523185600588759 -3.9539683876022288e-05 0.00015681809916175195 0.00083175393116606598 -4.1141809391479835e-05 2.7266867613264798e-05 -3.9539683876022288e-05 1.2359901281529077e-06 -0.00038984859355155663 -8.1094316926695817e-05 -8.6551716294279158e-05 -7.7443333081012123e-05 5.5500179036485351e-05 0.00090707083485330937 -0.00020535606568094388 0.00021830181434415619 -0.00010444987979878354 0.00042384524994641763 -0.00052847392078910339 1.7350568325764266e-05 0.00084486109956531978 -8.6278811916218332e-06 -5.9596525363627476e-05 0.00019047331402283866 -0.00070739788910397666 -6.1206305409302662e-05 -0.00013417550639395189 -4.570467544727766e-05
leaf_weight=156 150 467 370 483 474 91 285 95 586 655 217 859 1445 277 265 528 266 290 1359 4220 113 989 203 234 319 95 82 1557 228 444 120 700 377 193 374 4919 429 498 99 1788 168 516 133 261 1233 130 729 266 137 216 390 1069 113 810 141 283 182 146 87 173 243 143
leaf_count=156 150 467 370 483 474 91 285 95 586 655 217 859 1445 277 265 528 266 290 1359 4220 113 989 203 234 319 95 82 1557 228 444 120 700 377 193 374 4919 429 498 99 1788 168 516 133 261 1233 130 729 266 137 216 390 1069 113 810 141 283 182 146 87 173 243 143
internal_value=-0.00617913 -0.0169556 0.00521177 0.0134058 -0.00195603 -0.00799234 0.00286571 -0.0256897 0.00622491 0.0192435 0.000358641 0.00898045 0.00170326 0.00430995 -0.0155776 0.00782655 -0.0117222 0.000193727 -0.0258723 -0.0243596 0.0152626 0.00715105 0.000735088 0.0134091 0.010913 -0.0270207 0.00563265 0.00131711 -0.000684292 -0.00202148 0.000431655 0.005625 0.00252 0.00788705 0.0194877 -0.0272145 0.00284483 0.0116261 -0.0065917 0.00302254 -0.0185377 -0.00238035 0.00256881 -0.00463466 0.00150606 -0.00621514 0.00254826 0.00492495 0.0078871 0.0108075 0.00144657 0.00240063 -0.000142349 0 0.00204918 0.00467192 -0.00558394 0.00739583 -0.00116129 -0.00718182 0.000805369 -0.00604839
internal_weight=34868 17917 16951 3772 6594 1827 13179 11323 3387 1625 4767 2147 9792 2651 804 2801 539 1083 11228 4855 970 1568 7141 923 689 6373 1224 4190 1928 1023 694 1775 749 1026 487 6278 579 1026 577 2262 635 793 326 478 5696 250 3366 1065 619 482 2301 1911 842 2330 1097 1142 273 287 464 329 446 371
internal_count=34868 17917 16951 3772 6594 1827 13179 11323 3387 1625 4767 2147 9792 2651 804 2801 539 1083 11228 4855 970 1568 7141 923 689 6373 1224 4190 1928 1023 694 1775 749 1026 487 6278 579 1026 577 2262 635 793 326 478 5696 250 3366 1065 619 482 2301 1911 842 2330 1097 1142 273 287 464 329 446 371
is_linear=0
shrinkage=0.03


Tree=89
num_leaves=63
num_cat=0
split_feature=0 8 0 10 6 8 3 8 9 0 7 11 8 11 0 4 8 3 8 3 6 11 8 10 10 10 10 11 4 4 0 7 0 9 7 10 1 8 11 10 0 4 8 10 3 3 7 8 11 10 3 0 9 11 3 0 0 1 10 10 10 10
split_gain=4846.52 2520.94 406.533 109.206 93.909 71.1057 84.4055 61.5347 54.4196 48.5155 47.0093 41.7897 42.2056 38.6534 42.7647 34.5635 26.8173 22.4028 20.8327 20.108 17.7427 16.6382 18.2893 16.5352 16.157 14.9038 13.8089 20.6771 23.9654 13.4466 13.1115 17.2341 12.7251 12.4436 11.9385 16.8282 17.9378 11.8037 21.6249 16.0074 11.5914 11.5678 11.2534 10.4886 10.4653 10.3103 9.9357 9.80696 9.79296 9.59456 9.45337 9.33466 9.31415 9.2353 9.09547 9.01478 8.7207 12.762 9.90134 8.52103 8.18888 7.9702
threshold=0.015000000000000001 -1.0000000180025095e-35 2.0150000000000001 0.25000000000000011 0.81569335171151025 0.37940952255126054 0.62500000000000011 -0.37940952255126059 -0.12940952255126037 0.065000000000000016 0.90162327855999902 0.6830127018922193 -0.60355339059327362 0.25000000000000017 2.8050000000000002 0.58333333333333337 0.12940952255126045 0.62500000000000011 0.25881904510252091 0.083333333333333315 0.9919160630702849 -0.5 -0.70710678118654735 -0.24999999999999994 -0.6830127018922193 -0.5 -0.5 0.25000000000000017 0.37222222222222229 0.083333333333333315 0.74500000000000011 0.16361085432015765 1.0000000180025095e-35 0.78656609248549303 0.85768755558411802 0.25000000000000011 1.7250000000000003 -0.78656609248549303 -0.5 0.25000000000000011 3.2450000000000006 0.17499999999999996 0.25881904510252091 -0.93301270189221908 0.52500000000000013 0.95000000000000007 0.95119898168678663 -0.5 -0.5 -0.6830127018922193 0.8500000000000002 2.3350000000000004 -0.12940952255126037 0.93301270189221952 0.62500000000000011 1.405 1.7850000000000004 0.45250000000000007 0.25000000000000011 0.93301270189221952 -0.93301270189221908 1.0000000180025095e-35
decision_type=2 2 2 2 2 2 2 2 2 2 2 2 2 2 2 2 2 2 2 2 2 2 2 2 2 2 2 2 2 2 2 2 2 2 2 2 2 2 2 2 2 2 2 2 2 2 2 2 2 2 2 2 2 2 2 2 2 2 2 2 2 2
left_child=1 4 5 13 7 6 8 21 19 -7 48 33 41 14 42 -14 29 -15 51 49 52 -1 23 -23 -18 -10 30 28 -28 -3 -11 -32 44 37 -21 36 46 38 -6 -39 61 -13 -4 -44 -26 -30 -36 56 -5 -2 -49 -12 53 55 -40 -8 57 -22 -59 -27 -35 -16
right_child=2 16 3 10 11 9 20 -9 25 26 18 12 15 17 40 -17 24 -19 -20 34 47 22 -24 -25 32 59 27 -29 45 -31 31 -33 -34 60 35 -37 -38 39 54 -41 -42 -43 43 -45 -46 -47 -48 50 -50 -51 -52 -53 -54 -55 -56 -57 -58 58 -60 -61 -62 -63
leaf_value=-1.9068836048114854e-05 0.001194944648205194 -3.8353493359741614e-05 0.00057961420948286215 0.0011527830045154285 8.7895922988972576e-05 -4.1947716363776069e-05 7.9242921967250942e-05 -3.9797211289657962e-05 -0.00012731797156690573 6.893684914901143e-06 0.0024359792390096944 1.8177052549663096e-05 -4.9021709332701738e-05 0.002296284292571003 0.00084774601536707786 -4.3309296746208831e-05 -3.8353493359741614e-05 0.0009663517657062553 0.0015524227009675357 0.001277441425422376 5.2319940159519996e-07 1.8570957658670117e-06 -4.5250131330550197e-05 -5.8400078757667146e-05 -3.8353493359741614e-05 0.00012386379109318373 -4.0922522652822746e-05 -0.00012919405003564347 0.00030717587685292954 -3.8353493359741614e-05 0.00067132363229570379 -0.00012097479621371864 -3.8220541349164325e-05 -3.9313109207105477e-05 0.00070274108614193332 0.0013093366296300383 0.00083569657050177714 1.5386125716262566e-05 -2.3212267850787859e-05 9.8535174156966427e-05 0.0025817190072184365 -2.2923770485681147e-05 0.0011351437140305692 -0.00043167478702313742 -3.8353493359741614e-05 3.6144830827702641e-05 -0.0011636602982106736 0.0012951549870713183 0.0018676321787614719 0.0016922495503266782 0.00029813753029411024 0.0038177434364954576 -6.7805097995733685e-05 -0.00025988146568477807 1.4068053782946239e-05 -0.00039189117649309808 -0.0004725720484358353 0.00020894366325402287 0.00076281266189663079 0.00028371029941678982 8.4872738058410982e-07 0.001731129576388688
leaf_weight=335 93 473 695 169 144 551 1863 266 368 806 148 323 389 428 372 280 2369 96 200 1057 850 185 144 237 2647 680 986 688 436 992 478 153 230 173 88 180 245 488 401 393 172 765 80 225 4532 521 99 382 408 453 655 755 550 136 342 238 91 538 355 108 1581 139
leaf_count=335 93 473 695 169 144 551 1863 266 368 806 148 323 389 428 372 280 2369 96 200 1057 850 185 144 237 2647 680 986 688 436 992 478 153 230 173 88 180 245 488 401 393 172 765 80 225 4532 521 99 382 408 453 655 755 550 136 342 238 91 538 355 108 1581 139
internal_value=-0.00622399 -0.017303 0.00495267 0.0135108 -0.00234528 0.00251447 0.00406312 -0.0100428 0.00782028 -0.000512987 0.0192742 -0.000642045 -0.0044198 0.00911685 0.0068943 -0.0103433 -0.0258778 0.0162286 0.0229076 0.0105731 0.00182364 -0.00628603 -0.00941799 -0.00624113 -0.0264506 0.00254105 0.000619317 -0.000672492 0.000910494 -0.0220396 0.00298331 0.00621835 -0.0271538 0.00124326 0.00892814 0.00557912 0.00235566 0.00301865 0.000574324 0.00547619 0.0126754 -0.00077135 0.00293706 -0.00186275 -0.0273802 0.00429019 -0.00462766 0.00347841 0.012301 0.0155759 0.00580925 0.0248562 0.000118364 0.000978552 -0.00149194 0.00147003 0.00215804 0.00263188 0.00513423 0.00486692 -0.000547009 0.0103711
internal_weight=35224 17689 17535 3887 6446 13648 9029 1167 3371 4619 1680 5279 1757 2207 1683 669 11243 524 1103 2215 5658 901 566 422 9778 1156 4068 2631 1943 1465 1437 631 7409 3522 1669 612 432 1768 887 881 683 1088 1000 305 7179 957 187 2871 577 546 1037 903 2787 2237 743 2101 1834 1743 893 788 1754 511
internal_count=35224 17689 17535 3887 6446 13648 9029 1167 3371 4619 1680 5279 1757 2207 1683 669 11243 524 1103 2215 5658 901 566 422 9778 1156 4068 2631 1943 1465 1437 631 7409 3522 1669 612 432 1768 887 881 683 1088 1000 305 7179 957 187 2871 577 546 1037 903 2787 2237 743 2101 1834 1743 893 788 1754 511
is_linear=0
shrinkage=0.03


Tree=90
num_leaves=63
num_cat=0
split_feature=0 8 0 6 0 10 8 5 8 0 6 1 2 8 4 5 0 6 9 8 10 10 2 9 2 8 9 5 1 8 1 6 6 4 2 2 5 2 0 4 6 7 10 10 10 0 1 1 4 9 8 8 1 2 6 1 1 4 2 7 8 9
split_gain=4701.78 2580 394.01 96.7501 87.303 80.9724 73.3327 49.9408 44.9307 35.9556 33.2653 24.9272 24.7262 23.678 22.7395 22.1431 21.9996 19.9307 20.5246 23.0027 18.6596 17.9569 17.3386 17.2264 17.0871 19.0651 16.9859 29.5082 16.3344 14.5653 14.5615 13.2101 12.9701 12.3245 10.7956 10.7344 9.79197 9.7605 9.69138 9.54604 9.23843 10.6885 10.4228 9.91189 9.00882 8.85352 14.0797 13.7862 9.39501 8.85007 7.90392 7.75591 7.73585 7.53749 7.38145 7.28069 7.15939 6.98099 17.1135 7.53249 6.93264 8.68931
threshold=0.015000000000000001 -1.0000000180025095e-35 2.3950000000000005 0.9919160630702849 1.3650000000000004 0.25000000000000011 -0.37940952255126059 0.083333333333333315 0.37940952255126054 0.065000000000000016 0.69300588406246244 2.9050000000000007 0.25000000000000006 0.12940952255126045 0.58333333333333337 0.35000000000000003 1.0000000180025095e-35 0.9919160630702849 -0.70710678118654757 0.37940952255126054 0.25000000000000011 -0.6830127018922193 0.55000000000000016 0.91597561503675351 0.55000000000000016 -0.60355339059327362 -0.12940952255126037 0.083333333333333315 0.60333333350000007 0.60355339059327384 1.9350000000000003 0.81569335171151025 0.21090423132313618 0.058333333333333307 0.65000000000000002 1.0000000180025095e-35 0.55000000000000016 0.45000000000000007 0.025000000000000005 0.17499999999999996 0.96010100249940655 0.99985799488781602 0.93301270189221952 1.0000000180025095e-35 0.68301270189221941 0.35500000000000004 0.33500000000000008 0.30300000000000005 0.68285714285714294 -0.12940952255126037 0.25881904510252091 -0.5 3.1150000000000007 0.25000000000000006 0.39171654935837491 0.76500000000000012 2.6550000000000007 0.85833333333333339 0.8500000000000002 0.10942519046433065 -0.91597561503675329 0.78656609248549303
decision_type=2 2 2 2 2 2 2 2 2 2 2 2 2 2 2 2 2 2 2 2 2 2 2 2 2 2 2 2 2 2 2 2 2 2 2 2 2 2 2 2 2 2 2 2 2 2 2 2 2 2 2 2 2 2 2 2 2 2 2 2 2 2
left_child=1 3 4 6 8 12 24 29 10 38 49 -7 50 15 60 44 21 39 19 35 -20 -15 -8 -16 -1 32 27 -12 -21 34 31 -29 -26 -11 -6 -19 52 -23 -10 -9 43 42 57 -33 -3 47 -47 48 -28 -2 51 -4 -14 -13 -27 -41 -38 58 -42 -60 -5 -62
right_child=2 13 5 14 7 11 22 17 9 33 26 53 36 16 23 -17 -18 18 20 28 -22 37 -24 -25 25 54 45 30 -30 -31 -32 40 -34 -35 -36 -37 56 -39 -40 55 41 -43 -44 -45 -46 46 -48 -49 -50 -51 -52 -53 -54 -55 -56 -57 -58 -59 59 -61 61 -63
leaf_value=3.5184612927604708e-05 2.0036089334233529e-05 -3.7202888558949367e-05 0.00090517086768446828 -1.5697360878145735e-05 0.0013062116296614144 0.0023126941773610587 -4.195989135407491e-05 0.00081675275572317373 -3.7326802707277439e-05 -3.9847550801023531e-05 0.0014675452677222873 0.0037238551230143963 0.00086990525686177602 -3.7202888558949367e-05 -7.9089173544847737e-06 -3.7202888558949367e-05 -3.7073925108689397e-05 0.0015976221134314289 -0.00029150866990308998 0.00085781877092658222 0.00091247970479053637 -3.7202888558949367e-05 -3.8449684436476012e-05 -4.1596203412947252e-05 -5.1949480848467428e-05 -5.2123583553515225e-05 0.00011945809784552745 0.000794369844560229 -0.00065151866007152274 0.00012098590422326749 0.0017814928813065089 -0.00028747879292903735 -1.7222135362546468e-05 2.8271073040635247e-05 0.00081860339574445272 0.0011328852336607831 -5.1804924057414768e-05 -3.7202888558949367e-05 -5.2726526584532018e-05 -0.00065668901067767176 0.0006933045144644932 -0.00056879592377148203 -0.00021194630164543369 0.00022911173718580908 -3.7202888558949367e-05 -0.00047141308465234504 7.8008371123154807e-05 0.00057769610005241031 -4.4256824702498666e-05 -7.8189638951521758e-05 0.00068146371022825055 0.0023587183908607124 0.0018458470547927308 0.0029120525180493266 -4.4459864726481069e-05 -0.00016582985884478873 0.00099306848807678206 0.00072214508561543541 -0.00035261111611735463 6.2107537834450445e-05 3.1100179546497513e-05 3.4682587783738461e-06
leaf_weight=228 1297 539 96 334 925 505 91 146 165 966 385 412 469 2332 1186 743 272 118 347 130 134 2040 314 319 284 137 898 184 134 134 181 199 530 2505 240 1187 161 5120 360 93 836 84 138 162 211 82 638 132 282 388 81 299 160 236 177 291 114 639 91 447 1351 1463
leaf_count=228 1297 539 96 334 925 505 91 146 165 966 385 412 469 2332 1186 743 272 118 347 130 134 2040 314 319 284 137 898 184 134 134 181 199 530 2505 240 1187 161 5120 360 93 836 84 138 162 211 82 638 132 282 388 81 299 160 236 177 291 114 639 91 447 1351 1463
internal_value=-0.00624022 -0.0171509 0.00479567 -0.00196415 0.00293996 0.015734 -0.00795119 0.00681186 0.00158137 -0.000960721 0.00301954 0.0216031 0.0108182 -0.025803 0.000302965 -0.0222289 -0.0263472 0.00439365 0.00573379 0.0073949 0.000311203 -0.0265901 -0.0191379 -0.00272908 -0.00459838 -0.0061116 0.00417178 0.00548551 -0.000679245 0.0116077 0.00446658 0.00392665 -0.00368098 0.000146889 0.0126844 0.00902757 0.0078895 -0.0273481 -0.00826996 -0.00079096 0.00337312 0.00409213 0.00450279 -0.00107735 -0.0185353 0.00200689 -0.000665742 0.00347296 0.00243861 -0.000658363 0.0163522 0.0181061 0.00995238 0.0255162 -0.012381 -0.00327273 0.00315217 0.00504965 0.00384 -0.000333952 0.00175294 0.00223801
internal_weight=35142 17671 17471 6414 14938 2533 1761 3879 11059 3996 7063 1153 1380 11257 4653 1493 9764 2580 2050 1569 481 9492 405 1505 1356 1128 5378 3346 264 1299 2961 2780 814 3471 1165 1305 904 7160 525 530 2596 2235 2151 361 750 2032 720 1312 1180 1685 476 395 629 648 314 384 275 2013 1374 538 3148 2814
internal_count=35142 17671 17471 6414 14938 2533 1761 3879 11059 3996 7063 1153 1380 11257 4653 1493 9764 2580 2050 1569 481 9492 405 1505 1356 1128 5378 3346 264 1299 2961 2780 814 3471 1165 1305 904 7160 525 530 2596 2235 2151 361 750 2032 720 1312 1180 1685 476 395 629 648 314 384 275 2013 1374 538 3148 2814
is_linear=0
shrinkage=0.03


Tree=91
num_leaves=63
num_cat=0
split_feature=0 0 9 6 2 1 9 1 9 9 1 0 11 9 10 0 0 4 11 11 0 1 11 11 5 10 5 5 0 9 4 5 10 2 10 11 0 0 9 2 11 11 5 1 7 1 2 5 9 9 5 1 0 10 7 2 7 1 5 7 5 5
split_gain=4760.13 359.783 163.835 119.38 100.321 79.8382 71.7023 63.6705 47.7115 276.807 42.2944 40.1248 39.8397 35.1749 33.4084 29.1762 27.8404 24.9012 23.0173 18.2447 18.1114 24.9157 18.0658 17.1899 16.9397 15.4159 15.219 15.1571 14.145 13.7839 13.4401 19.9444 12.6092 12.2191 11.9294 11.8385 20.0005 12.0839 11.8279 14.2014 16.9343 11.5239 11.2764 11.2224 11.0328 10.2133 9.71953 9.37423 9.1673 8.69088 9.09479 8.4222 9.81485 8.37171 8.27319 13.6343 10.2045 8.09464 9.36331 12.2551 8.6106 8.01205
threshold=0.015000000000000001 2.0150000000000001 0.37940952255126048 0.9919160630702849 0.15000000000000005 1.0000000180025095e-35 0.98296291314453421 0.80500000000000016 0.25881904510252057 0.1294095225512602 2.9750000000000005 0.075000000000000025 1.0000000180025095e-35 0.91597561503675351 0.25000000000000011 1.0000000180025095e-35 2.6750000000000003 0.11666666666666667 0.93301270189221952 1.0000000180025095e-35 1.5150000000000003 0.055000000000000007 0.25000000000000017 0.6830127018922193 0.15000000000000005 0.25000000000000011 0.15000000000000005 0.55000000000000016 3.1050000000000004 0.78656609248549303 0.58333333333333337 0.22500000000000003 -0.5 0.95000000000000007 0.68301270189221941 0.6830127018922193 0.77500000000000013 0.88500000000000012 -0.37940952255126015 0.75000000000000011 -0.24999999999999994 0.6830127018922193 0.63333333333333341 0.065000000000000016 0.94698015494536769 1.2050000000000003 0.65000000000000002 0.083333333333333315 -0.9159756150367534 0.1294095225512602 0.71666666666666667 2.7550000000000003 1.905 0.25000000000000011 1.0822077054541988 0.65000000000000002 0.84425186551581366 2.4450000000000007 0.22500000000000003 0.98837988868869309 0.82500000000000007 0.82500000000000007
decision_type=2 2 2 2 2 2 2 2 2 2 2 2 2 2 2 2 2 2 2 2 2 2 2 2 2 2 2 2 2 2 2 2 2 2 2 2 2 2 2 2 2 2 2 2 2 2 2 2 2 2 2 2 2 2 2 2 2 2 2 2 2 2
left_child=2 7 5 13 16 8 17 11 9 15 12 43 44 23 35 -1 19 -5 29 -3 30 48 57 -4 -14 28 34 -24 -12 32 42 33 46 -32 -8 36 45 -37 39 40 -33 -31 -13 49 61 -9 -19 -39 -22 -2 -51 52 54 -18 55 -38 -57 58 59 -16 -60 -6
right_child=1 4 3 6 10 -7 26 14 -10 -11 25 20 24 -15 22 -17 53 18 -20 -21 21 -23 27 -25 -26 -27 -28 -29 -30 41 31 38 -34 -35 -36 37 51 47 -40 -41 -42 -43 -44 -45 -46 -47 -48 -49 -50 50 -52 -53 -54 -55 -56 56 -58 -59 60 -61 -62 -63
leaf_value=-3.6086801902180888e-05 -3.8699035651129127e-05 0.00075943716214919854 -3.6086801902180888e-05 -3.6305549379116098e-05 0.00073343515898483035 1.3868888804546949e-05 -3.6086801902180888e-05 0.00029678768332912106 -3.6086801902180888e-05 -1.9230931843726375e-05 0.00089135969371587575 3.9738030309734158e-05 0.0022426974626571865 -3.6086801902180888e-05 0.0010162540881595255 -3.5961707355428717e-05 0.0020951537340018378 -3.6615087650010664e-05 -3.6086801902180888e-05 0.0024243671476931522 0.0018456269376388101 -0.00044330857863976333 0.002295148688913617 -3.6086801902180888e-05 0.0015437457559280476 0.0032744605465951809 -3.6086801902180888e-05 0.00073058424536895199 0.0021176293542534302 -3.6086801902180888e-05 0.00066583867467050954 0.0012462571774632019 -3.6017341969264616e-05 2.6005664098403374e-05 -3.6086801902180888e-05 -3.2557628168422003e-05 0.00041792651692497656 0.0015884095014771051 -4.3534833553916104e-05 0.0001094429159154325 8.2197632654627795e-05 -3.6086801902180888e-05 -6.7351653392401652e-05 0.00011549187266608474 -0.00011166359848003904 0.0016624153303328975 -3.6086801902180888e-05 0.00094573951499476007 0.00045511645440348526 4.0154648675735456e-05 -9.7785663892835712e-05 0.001330603832663314 -0.00033518323752744771 0.003597850368727804 -0.00020913479246681437 8.1719379275701498e-05 -0.00061262649175134571 0.0028532217585673738 4.2852250473133786e-05 2.9840917026702216e-05 0.0009688421949044548 -0.00024104275787518558
leaf_weight=2236 891 264 1890 3843 1038 105 366 165 1455 619 220 3051 272 1216 305 307 190 308 588 368 111 133 340 451 303 248 553 139 134 1453 383 89 1216 154 148 137 446 132 671 2104 118 474 1179 103 224 135 368 361 279 326 117 112 152 439 86 679 113 82 322 103 84 85
leaf_count=2236 891 264 1890 3843 1038 105 366 165 1455 619 220 3051 272 1216 305 307 190 308 588 368 111 133 340 451 303 248 553 139 134 1453 383 89 1216 154 148 137 446 132 671 2104 118 474 1179 103 224 135 368 361 279 326 117 112 152 439 86 679 113 82 322 103 84 85
internal_value=-0.00637234 0.00476018 -0.0173723 -0.0156163 0.0129398 -0.0221554 -0.0138281 0.00248328 -0.0227436 -0.0206576 0.00948119 0.00118332 0.00730109 -0.0202951 0.00572419 -0.0250354 0.0198494 -0.0128784 -0.0144215 0.0153555 0.00198719 0.0073855 0.00948401 -0.0181255 0.0139063 0.0164179 -0.0211517 0.0141875 0.012338 -0.0135628 0.00162194 0.00299148 -0.0117274 0.00830855 -0.0173592 0.00366812 0.0024775 0.00722662 0.00203151 0.00304931 0.0105288 -0.0153579 0.000482156 -0.00344228 0.00447329 0.00956811 -0.0084195 0.00941296 0.011202 -0.00417978 -0.000743243 0.00113279 0.000528097 0.0243333 0.00135849 0.00198547 -0.00037831 0.00695652 0.00603681 0.00924205 0.00280098 0.00568505
internal_weight=34983 17387 17596 12874 3785 4722 9317 13602 4617 3162 2524 9709 1922 3557 3893 2543 1261 8250 4407 632 8272 523 1375 2341 575 602 1067 479 354 3819 7749 3519 1892 537 514 2518 1888 630 2982 2311 207 1927 4230 1437 1347 300 676 493 390 1334 443 1588 1476 629 1324 1238 792 896 814 408 406 1123
internal_count=34983 17387 17596 12874 3785 4722 9317 13602 4617 3162 2524 9709 1922 3557 3893 2543 1261 8250 4407 632 8272 523 1375 2341 575 602 1067 479 354 3819 7749 3519 1892 537 514 2518 1888 630 2982 2311 207 1927 4230 1437 1347 300 676 493 390 1334 443 1588 1476 629 1324 1238 792 896 814 408 406 1123
is_linear=0
shrinkage=0.03


Tree=92
num_leaves=63
num_cat=0
split_feature=0 8 0 6 10 0 8 5 8 11 11 11 8 0 8 6 9 5 8 11 0 8 0 10 8 10 11 1 8 0 4 4 1 11 7 10 11 5 6 9 10 4 6 11 9 0 5 10 11 4 1 9 7 0 1 1 10 8 5 6 7 6
split_gain=4595.85 2528.25 347.749 111.77 93.0642 83.6532 82.7267 66.2079 49.2572 35.4215 30.2859 29.6873 29.6527 27.4046 24.724 23.7142 29.3283 22.8452 21.2174 20.3225 19.8157 18.948 21.1692 18.5492 18.4406 17.0771 16.4205 19.3576 16.0802 24.1504 15.9535 15.3866 15.1493 17.3513 14.9875 14.487 13.2793 13.0578 12.8552 12.7608 11.2704 11.0781 10.3269 12.958 10.2565 10.1377 10.002 9.82028 8.87215 8.85947 8.57111 8.44421 10.9238 13.1929 20.0346 8.39202 14.0029 8.29238 12.7163 8.28734 9.88373 8.61244
threshold=0.015000000000000001 -1.0000000180025095e-35 2.3950000000000005 0.9919160630702849 0.25000000000000011 0.15500000000000003 -0.60355339059327362 0.083333333333333315 0.60355339059327384 1.0000000180025095e-35 -0.24999999999999994 0.6830127018922193 -0.37940952255126059 2.8250000000000006 0.12940952255126045 0.9919160630702849 -0.70710678118654757 0.35000000000000003 0.37940952255126054 1.0000000180025095e-35 1.0000000180025095e-35 1.0000000180025095e-35 1.1950000000000001 -0.6830127018922193 -0.37940952255126059 0.93301270189221952 0.25000000000000017 2.9450000000000007 0.25881904510252091 0.03500000000000001 0.58333333333333337 0.17499999999999996 0.58500000000000008 0.6830127018922193 1.030863172612676 -0.6830127018922193 0.6830127018922193 0.22500000000000003 0.24817607891553481 0.37940952255126048 0.68301270189221941 0.96250000000000002 0.21090423132313618 -0.5 -0.37940952255126015 3.2450000000000006 1.0000000180025095e-35 1.0000000180025095e-35 0.93301270189221952 0.083333333333333315 0.39500000000000007 0.1294095225512602 0.43507220161265603 1.8650000000000004 2.3750000000000004 0.17500000000000002 0.68301270189221941 -0.78656609248549303 0.45000000000000007 0.94457821059868363 0.27858063041535941 0.89949949310841004
decision_type=2 2 2 2 2 2 2 2 2 2 2 2 2 2 2 2 2 2 2 2 2 2 2 2 2 2 2 2 2 2 2 2 2 2 2 2 2 2 2 2 2 2 2 2 2 2 2 2 2 2 2 2 2 2 2 2 2 2 2 2 2 2
left_child=1 3 5 6 26 28 36 8 9 34 24 41 31 19 17 44 18 40 49 -6 23 35 -23 -16 38 50 27 -4 -2 -30 -14 -13 33 -20 51 -11 42 -15 -8 -38 -3 47 43 -1 48 -29 -25 -5 59 -17 -24 52 -7 -54 -55 56 -10 58 -49 61 -61 -9
right_child=2 14 4 11 13 7 10 15 55 21 -12 12 30 37 20 16 -18 -19 32 -21 -22 22 25 46 -26 -27 -28 45 29 -31 -32 -33 -34 -35 -36 -37 39 -39 -40 -41 -42 -43 -44 -45 -46 -47 -48 57 -50 -51 -52 -53 53 54 -56 -57 -58 -59 -60 60 -62 -63
leaf_value=1.7300770911798994e-05 7.6096453148974395e-07 -3.5004197845115466e-05 0.00060340810155950608 3.3764267598179913e-06 0.0012207076692199324 0.0014566930191083211 -5.7010014517967061e-05 8.804993583832091e-05 0.00013389998661076516 0.0008602734202808282 -3.6414885583467446e-05 1.7151252854776118e-05 -5.2643223082348862e-05 0.0034867374131571476 -3.5004197845115466e-05 0.0013518655781266319 6.623345776021305e-05 -3.5004197845115466e-05 0.00082384053321401434 0.0030621336403947098 -3.4882856134765853e-05 -0.00025427126496568777 0.001789973000332192 -3.5004197845115466e-05 -3.637595256033425e-05 1.6741127423336444e-06 0.0024747510521517728 0.0011793569036638147 -3.5053194798951497e-05 -2.4847585639525391e-05 -3.9265713253493415e-05 -2.5965984041706061e-05 -0.0006121020259137991 -0.00027989601587306926 -0.00038832261226198956 0.0016837961531679659 -1.6520823410660193e-05 0.0022016454368652565 4.0501457992837933e-05 -6.4829999359277256e-05 -3.5004197845115466e-05 -8.1813397320858639e-05 2.3813103398654616e-05 -6.415590423410297e-05 -0.00010239215827213161 0.0030546348732346873 -3.5004197845115466e-05 -1.6459494192302379e-05 -0.0002328146622573171 0.00084277449142642941 0.00084791238185529189 6.9850172213712505e-05 0.00089954658480029433 -0.00065108795672431886 0.0012781111678343005 -0.00011346480846664508 -4.6277902327064891e-05 4.6415506680925341e-05 2.7054494576859138e-05 0.00014493666647422853 -0.00064254669147371316 0.00062894402016290649
leaf_weight=141 1377 515 677 1342 293 84 84 2031 431 166 397 424 172 574 2348 367 2855 751 260 222 285 116 154 2300 207 83 198 386 290 903 124 820 208 171 80 618 133 87 113 156 201 145 413 131 585 115 4806 256 138 2086 108 166 398 131 112 139 227 1206 110 185 181 250
leaf_count=141 1377 515 677 1342 293 84 84 2031 431 166 397 424 172 574 2348 367 2855 751 260 222 285 116 154 2300 207 83 198 386 290 903 124 820 208 171 80 618 133 87 113 156 201 145 413 131 585 115 4806 256 138 2086 108 166 398 131 112 139 227 1206 110 185 181 250
internal_value=-0.00633003 -0.017156 0.00457572 -0.00207059 0.0148061 0.00282263 -0.00846284 0.00384884 0.007714 0.0100135 -0.0155985 0.000397826 -0.00299805 0.0210025 -0.0257357 0.0025982 0.00373739 -0.0220504 0.0057614 0.0157558 -0.0262885 0.0133628 0.00850649 -0.0265256 -0.00977778 0.0122254 0.00949891 0.00814249 -0.00210035 -0.00464824 -0.0115152 -0.000963855 0.000890625 0.00409722 0.00570988 0.0162038 -0.00258462 0.0250604 -0.00318182 -0.00796552 -0.018159 0.00210784 -0.000306122 -0.00483516 0.000587363 0.0126096 -0.0273027 0.00251115 0.00134602 0.00702934 0.0159696 0.00682735 0.00822314 0.00686916 0.00135246 0.00131579 0.00273141 0.00411952 0.000163488 0.00173338 -0.00245232 0.00240578
internal_weight=35032 17580 17452 6374 2552 14900 1775 12330 3013 2216 801 4599 1540 1176 11206 9317 5947 1467 3092 515 9739 1245 461 9454 404 345 1376 1178 2570 1193 296 1244 639 431 971 784 974 661 197 289 716 3059 685 272 3370 501 7106 2914 2785 2453 262 891 725 641 243 797 658 1572 366 2647 366 2281
internal_count=35032 17580 17452 6374 2552 14900 1775 12330 3013 2216 801 4599 1540 1176 11206 9317 5947 1467 3092 515 9739 1245 461 9454 404 345 1376 1178 2570 1193 296 1244 639 431 971 784 974 661 197 289 716 3059 685 272 3370 501 7106 2914 2785 2453 262 891 725 641 243 797 658 1572 366 2647 366 2281
is_linear=0
shrinkage=0.03


Tree=93
num_leaves=63
num_cat=0
split_feature=0 8 0 6 8 5 1 3 8 8 0 5 2 8 5 0 0 10 4 10 3 8 10 8 3 10 8 2 10 10 10 0 7 0 2 0 8 10 2 2 2 10 0 4 6 6 2 4 8 8 0 8 3 7 10 10 5 4 6 8 8 10
split_gain=4658.54 2588.87 324.226 93.8565 87.1457 84.1177 59.019 58.4543 74.432 49.9631 25.9334 24.8159 24.5179 24.3396 28.1939 25.5136 22.4729 21.8055 17.9762 17.9081 17.1158 16.5134 16.3573 16.1008 15.3408 13.902 13.6662 12.5626 18.3369 12.5433 16.2044 12.1293 11.8637 11.798 11.4466 11.3154 10.5774 11.3945 10.3296 10.2584 10.2058 10.3645 14.7818 9.38416 9.16378 8.98086 8.9146 8.69676 8.59536 8.47715 12.8947 10.4242 9.50407 14.355 9.40661 6.54521 6.26376 6.13829 6.10175 6.05249 9.84858 10.51
threshold=0.025000000000000005 -1.0000000180025095e-35 2.1150000000000007 0.9919160630702849 -0.70710678118654735 0.15000000000000005 1.0000000180025095e-35 0.75000000000000011 0.60355339059327384 0.25881904510252091 0.16500000000000004 0.083333333333333315 0.55000000000000016 0.12940952255126045 0.15000000000000005 1.0000000180025095e-35 2.9250000000000003 -0.6830127018922193 0.51666666666666683 0.25000000000000011 0.8500000000000002 -0.60355339059327362 1.0000000180025095e-35 -0.91597561503675329 0.62500000000000011 0.93301270189221952 -0.70710678118654735 0.25000000000000006 -0.6830127018922193 1.0000000180025095e-35 -0.6830127018922193 0.075000000000000025 0.85768755558411802 3.2450000000000006 1.0000000180025095e-35 0.52500000000000013 0.37940952255126054 -0.5 0.15000000000000005 0.15000000000000005 0.25000000000000006 1.0000000180025095e-35 0.22500000000000003 0.37222222222222229 0.21090423132313618 0.87064863372406032 0.45000000000000007 0.083333333333333315 -0.37940952255126059 -0.91597561503675329 0.44500000000000006 0.37940952255126054 0.35000000000000003 0.83611188293044381 0.25000000000000011 0.68301270189221941 0.82500000000000007 0.85833333333333339 0.59844731329174716 -0.60355339059327362 -0.78656609248549303 1.0000000180025095e-35
decision_type=2 2 2 2 2 2 2 2 2 2 2 2 2 2 2 2 2 2 2 2 2 2 2 2 2 2 2 2 2 2 2 2 2 2 2 2 2 2 2 2 2 2 2 2 2 2 2 2 2 2 2 2 2 2 2 2 2 2 2 2 2 2
left_child=1 3 7 4 20 9 13 8 10 16 -2 23 -6 14 55 17 24 -15 59 33 58 -20 -18 25 26 27 -4 28 -12 30 -23 -9 -21 45 -30 47 38 -38 -25 -11 -33 -42 -43 -37 -22 -7 -19 -10 -14 50 -13 52 53 -51 -52 -3 57 -31 -1 60 -5 -62
right_child=2 6 5 18 12 19 -8 31 35 39 11 49 48 15 -16 -17 22 46 21 32 44 29 -24 36 -26 -27 -28 -29 34 56 -32 40 -34 -35 -36 43 37 -39 -40 -41 41 42 -44 -45 -46 -47 -48 -49 -50 51 54 -53 -54 -55 -56 -57 -58 -59 -60 -61 61 -63
leaf_value=-3.5148489672021216e-05 1.3297230002195757e-05 -3.3954071909762e-05 0.00095824082336691757 3.9857618035161671e-06 -3.8387982406825435e-05 -6.6750868639824372e-05 -1.5245371879095455e-05 -3.6516253390567745e-05 -5.4900493181677842e-05 0.0014024443761139515 -0.0010282422693998234 0.0005859268046199455 -4.3489380755585626e-05 -3.3954071909762e-05 -3.3954071909762e-05 -3.3847142891072601e-05 0.001487918547653505 -3.3954071909762e-05 9.6938570542093145e-07 0.0014872513896214089 -4.5419879713001799e-05 -9.9125857614900222e-06 0.0035600537355761847 0.0017933711585421963 0.00069942593753145822 0.00097182132407022941 0.002406788402790524 0.00060965034125831294 0.00037355240418003089 -2.0905319698799732e-05 -4.0544742737756237e-05 0.00038256131896550761 0.0027756792820746532 0.0019602406801245416 0.00080066894735536401 1.6410112300305062e-05 0.0010867483329513943 0.00020398941154526368 0.0015829484040089158 0.00036774266652294551 -3.8268554692100217e-06 -3.345844955040913e-05 0.00017227360916807175 0.00050925186151011786 -2.7649161771294943e-05 0.00082274563449012564 -3.3954071909762e-05 6.0787148616730546e-07 -3.5067178574166259e-05 0.0016620313838226009 -0.0002972882090465523 0.00017909799806593073 0.00090226890368277294 0.00047812513649682863 0.00045481329483183352 -3.3954071909762e-05 4.1079656681258522e-05 -4.0736061889347425e-05 5.6793358473779947e-05 2.1892861829000445e-07 1.1467775371376658e-05 9.2217684469660504e-05
leaf_weight=125 522 401 148 1004 175 158 98 569 431 188 88 247 318 2338 874 391 104 2018 902 207 260 90 478 211 127 87 553 302 212 162 180 132 230 120 103 694 90 144 341 185 3080 698 2603 136 477 996 5167 468 305 348 341 368 963 229 146 160 93 110 204 1460 405 340
leaf_count=125 522 401 148 1004 175 158 98 569 431 188 88 247 318 2338 874 391 104 2018 902 207 260 90 478 211 127 87 553 302 212 162 180 132 230 120 103 694 90 144 341 185 3080 698 2603 136 477 996 5167 468 305 348 341 368 963 229 146 160 93 110 204 1460 405 340
internal_value=-0.006382 -0.0170002 0.00486567 -0.00205113 -0.00775335 0.0130129 -0.0256316 0.0027645 0.0048254 0.0175729 0.00676787 0.00754797 -0.0152441 -0.0258317 -0.022124 -0.0263661 0.0201559 -0.0266768 0.000189593 0.0082535 -0.00213683 -0.00247724 0.0246998 0.0105256 0.0169361 0.00749054 0.0186752 0.00607649 0.00259901 -0.00617925 -0.0110701 0.000880983 0.0134932 0.00644706 0.00598101 -0.00050289 0.0135705 0.00817021 0.0158409 0.00778075 0.00124808 0.00107647 0.00224409 0.00202166 -0.0046748 0.00550649 -0.0275077 -0.00283333 -0.0180288 0.00576617 0.00302041 0.00682032 0.00790396 0.0109516 0.000184426 -0.0168149 -0.00254098 -0.00483516 0.00354545 0.00146729 0.00265714 0.0052681
internal_weight=35104 18057 17047 6610 1864 3494 11447 13553 6471 1783 4742 4220 798 11349 1435 9914 1410 9523 4746 1711 1066 1537 582 1578 828 792 701 705 403 635 270 7082 437 1274 315 1729 786 234 552 373 6513 6381 3301 830 737 1154 7185 899 623 2642 734 1908 1540 577 487 561 365 272 329 3209 1749 745
internal_count=35104 18057 17047 6610 1864 3494 11447 13553 6471 1783 4742 4220 798 11349 1435 9914 1410 9523 4746 1711 1066 1537 582 1578 828 792 701 705 403 635 270 7082 437 1274 315 1729 786 234 552 373 6513 6381 3301 830 737 1154 7185 899 623 2642 734 1908 1540 577 487 561 365 272 329 3209 1749 745
is_linear=0
shrinkage=0.03


Tree=94
num_leaves=63
num_cat=0
split_feature=0 8 0 6 1 8 2 8 1 5 0 3 5 4 8 8 5 0 8 9 9 1 8 0 1 8 9 0 4 7 7 9 8 2 8 0 2 6 8 2 0 5 2 7 2 0 4 0 3 1 4 1 6 0 1 2 3 6 5 5 0 1
split_gain=4501.3 2632.05 309.786 110.055 71.5842 70.1115 67.1139 63.9741 49.7101 33.5203 43.3152 33.0335 27.7226 23.976 22.3212 19.3199 21.3691 20.0934 18.9056 19.019 16.8642 16.2104 16.0848 15.8035 17.8657 14.7758 14.6279 13.1236 13.1625 20.7133 12.7296 12.3534 12.254 12.171 11.7427 12.8661 11.559 11.5462 11.2004 10.2678 10.1467 10.0829 8.75328 8.62028 8.5687 8.53119 8.36628 8.08648 7.65142 7.49525 7.4353 7.26322 6.96331 7.51397 9.46543 7.47706 6.82292 6.81871 6.71469 6.69368 6.63961 6.17441
threshold=0.025000000000000005 -1.0000000180025095e-35 2.3950000000000005 0.96010100249940655 0.95500000000000007 -0.60355339059327362 0.15000000000000005 0.25881904510252091 1.0000000180025095e-35 0.15000000000000005 1.8250000000000004 0.45000000000000007 0.083333333333333315 0.85833333333333339 -0.70710678118654735 0.12940952255126045 0.35000000000000003 1.0000000180025095e-35 0.37940952255126054 -0.12940952255126037 -0.5 2.8750000000000004 0.25881904510252091 0.85500000000000009 0.025000000000000005 -0.37940952255126059 0.78656609248549303 0.15500000000000003 0.68285714285714294 0.073209569675314598 1.0127409894611834 0.91597561503675351 0.78656609248549325 0.95000000000000007 -0.70710678118654735 1.7850000000000004 0.55000000000000016 0.88495649876721172 1.0000000180025095e-35 0.15000000000000005 2.0250000000000004 0.82500000000000007 0.65000000000000002 0.24032119082728029 0.55000000000000016 0.64500000000000013 0.96250000000000002 1.5350000000000004 0.25000000000000006 3.0650000000000004 0.083333333333333315 0.36500000000000005 0.69300588406246244 0.34500000000000003 0.32500000000000007 0.65000000000000002 0.75000000000000011 0.21783512947858619 0.15000000000000005 0.35000000000000003 0.71500000000000008 0.30300000000000005
decision_type=2 2 2 2 2 2 2 2 2 2 2 2 2 2 2 2 2 2 2 2 2 2 2 2 2 2 2 2 2 2 2 2 2 2 2 2 2 2 2 2 2 2 2 2 2 2 2 2 2 2 2 2 2 2 2 2 2 2 2 2 2 2
left_child=1 3 4 5 9 58 21 11 15 10 18 14 22 31 30 16 -3 36 19 -2 27 -4 -8 24 -22 42 -15 -11 29 47 -6 48 46 -30 35 37 -17 -13 43 -20 -37 -28 -7 61 -33 -41 52 50 -5 -14 -29 -40 -26 55 -55 -54 -36 -35 -1 -51 -53 -31
right_child=2 8 6 13 7 25 12 -9 -10 20 -12 34 49 26 -16 17 -18 -19 39 -21 23 -23 -24 -25 32 -27 41 28 33 38 -32 44 -34 57 56 40 -38 -39 51 45 -42 -43 -44 -45 -46 -47 -48 -49 -50 59 -52 60 53 54 -56 -57 -58 -59 -60 -61 -62 -63
leaf_value=3.6868823485684943e-05 0.0011684848630916728 -3.2935449752469136e-05 0.0021933608620946909 9.1810530038222839e-07 0.00083165035438122279 -4.6746014344599472e-05 0.002027622380897689 -7.6021053978099222e-05 -1.7852461162896713e-05 -5.3364986003299176e-05 0.0017815756709000062 -0.00032719332954086897 0.00071058780763327779 -1.419918119532391e-05 0.0016650677508514389 -3.2935449752469136e-05 -3.2935449752469136e-05 -3.297901742582452e-05 -3.7353816716801291e-05 8.9501033358225791e-05 -5.0159437317579026e-05 0.0030700786070043174 0.00060367644959818609 -0.00056819573321358118 -5.7060175271169268e-05 -3.4231654717808253e-05 -3.9513980032667005e-05 -0.00019360081152011791 0.00046067978907060212 -0.00018036244089406281 -5.200676491457612e-05 4.2302571322430128e-06 0.00015629653206442168 -0.00012010568714273146 0.0013392075906636181 -0.00074012259317264681 -3.2935449752469136e-05 0.00060279286240617121 -0.00038141486840976652 8.829868489931402e-07 0.00034658459490869651 -2.9018301139461436e-05 -3.9782790026036465e-05 -0.00023143350666318368 -3.889863513345043e-05 0.00028245157697188994 -0.00012756008329318553 0.0011026000007696467 2.1647346845576983e-05 0.0019802930705339512 0.00018956487098490877 0.00011720461132587748 0.00060922795629530656 -0.00034237538848559614 0.00015659763259722083 0.00013967306896683698 0.00064642225609269773 0.00018842894635373898 -4.0334176012931908e-05 0.0011871493554371987 -0.00047365907525737143 0.00038511403942601826
leaf_weight=123 452 742 358 1226 548 96 468 861 91 413 143 90 806 430 719 3587 745 378 515 817 1355 519 92 183 285 358 221 140 986 87 148 535 162 248 451 87 5915 483 93 456 95 129 251 254 410 374 116 168 2114 144 677 90 116 100 330 333 1040 693 796 152 170 180
leaf_count=123 452 742 358 1226 548 96 468 861 91 413 143 90 806 430 719 3587 745 378 515 817 1355 519 92 183 285 358 221 140 986 87 148 535 162 248 451 87 5915 483 93 456 95 129 251 254 410 374 116 168 2114 144 677 90 116 100 330 333 1040 693 796 152 170 180
internal_value=-0.00659496 -0.0169853 0.00449876 -0.00203139 0.00280102 -0.00882462 0.0141614 0.00592969 -0.0257143 0.00137667 0.00418782 0.00765975 0.0106073 0.000148046 0.01125 -0.0258911 -0.0226411 -0.0263779 0.00330402 0.00592913 0.000296657 0.020877 0.0160428 -0.00142905 -0.000868477 -0.0159348 -0.0046863 0.00152143 0.00207552 0.000274194 0.00740316 0.00102893 0.0014553 0.00381224 0.00539386 0.00234127 -0.0266505 0.00454704 -0.00308571 0.000824666 -0.00459016 -0.00923077 -0.0114655 -0.000287356 -0.00199789 0.00288809 0.000468384 0.00325558 0.00188566 0.00783318 0.00201711 -0.00720339 0.00123605 0.00255682 -0.000278422 0.00526667 0.006937 0.00136943 -0.0033587 0.0119192 -0.0045977 0.00347015
internal_weight=35144 18147 16997 6689 14458 1624 2539 4522 11458 9936 2757 3661 1662 5065 1415 11367 1487 9880 2614 1269 7179 877 560 2980 2797 705 780 4199 3786 1859 696 4285 1442 1927 2246 755 9502 573 874 1345 182 350 347 521 945 830 1280 985 3340 1102 817 353 1164 879 430 449 1491 941 919 296 260 267
internal_count=35144 18147 16997 6689 14458 1624 2539 4522 11458 9936 2757 3661 1662 5065 1415 11367 1487 9880 2614 1269 7179 877 560 2980 2797 705 780 4199 3786 1859 696 4285 1442 1927 2246 755 9502 573 874 1345 182 350 347 521 945 830 1280 985 3340 1102 817 353 1164 879 430 449 1491 941 919 296 260 267
is_linear=0
shrinkage=0.03


Tree=95
num_leaves=63
num_cat=0
split_feature=0 8 0 6 3 8 2 8 11 3 11 11 8 0 5 5 8 0 0 0 8 2 11 1 11 9 0 1 8 2 5 9 11 2 6 8 11 8 2 6 0 11 9 5 8 9 3 0 11 7 2 11 0 6 11 6 9 0 5 6 5 1
split_gain=4513.99 2548.86 313.29 122.014 76.2448 98.7149 69.1961 61.7771 48.877 37.9892 37.241 32.5841 27.8817 27.0425 25.2982 24.4472 21.2924 20.5998 19.9581 19.3495 16.6368 14.4748 14.134 14.101 24.0679 14.0505 24.1475 23.3247 16.6647 15.986 13.8465 13.2258 19.3683 16.7319 13.0623 12.5889 12.2636 12.1556 11.507 11.4488 11.0625 10.9196 17.8327 11.6112 10.6624 10.3335 12.9113 11.413 10.9022 13.346 10.217 10.1039 13.8672 9.47607 9.41715 10.4985 8.92835 8.26103 8.16447 8.02611 7.67171 7.23342
threshold=0.015000000000000001 -1.0000000180025095e-35 2.4350000000000005 0.96010100249940655 0.75000000000000011 0.60355339059327384 0.15000000000000005 -0.60355339059327362 1.0000000180025095e-35 0.25000000000000006 0.93301270189221952 -0.24999999999999994 0.12940952255126045 1.0000000180025095e-35 0.22500000000000003 0.15000000000000005 -0.37940952255126059 0.075000000000000025 1.405 0.025000000000000005 0.25881904510252091 0.55000000000000016 0.6830127018922193 3.1850000000000005 -0.5 -0.12940952255126037 1.4450000000000001 0.21500000000000002 0.37940952255126054 0.25000000000000006 0.083333333333333315 0.78656609248549303 0.6830127018922193 0.65000000000000002 0.5339159821931253 -0.91597561503675329 0.93301270189221952 0.37940952255126054 0.25000000000000006 0.9919160630702849 0.41500000000000004 -0.24999999999999994 -0.70710678118654757 0.71666666666666667 -0.37940952255126059 -0.5 0.95000000000000007 0.75500000000000012 -0.5 0.37380113375210672 0.95000000000000007 1.0000000180025095e-35 3.0350000000000006 0.21090423132313618 0.6830127018922193 0.56988722470830055 0.37940952255126048 0.64500000000000013 0.45000000000000007 0.4354827905513497 0.82500000000000007 0.03500000000000001
decision_type=2 2 2 2 2 2 2 2 2 2 2 2 2 2 2 2 2 2 2 2 2 2 2 2 2 2 2 2 2 2 2 2 2 2 2 2 2 2 2 2 2 2 2 2 2 2 2 2 2 2 2 2 2 2 2 2 2 2 2 2 2 2
left_child=1 3 4 7 5 8 23 22 25 18 31 16 14 21 -3 20 53 61 -10 -7 51 -14 34 24 -4 26 -2 -28 30 -27 -29 35 -33 -34 -1 -5 37 -11 -19 -31 -41 43 -43 -40 -12 46 -45 59 49 50 -48 52 -8 -9 55 -13 -24 -21 -36 -47 -61 -6
right_child=2 12 6 10 17 19 15 11 9 36 44 54 13 -15 -16 -17 -18 38 -20 57 -22 -23 56 -25 -26 29 27 28 -30 39 -32 32 33 -35 58 -37 -38 -39 41 40 -42 42 -44 45 -46 47 48 -49 -50 -51 -52 -53 -54 -55 -56 -57 -58 -59 -60 60 -62 -63
leaf_value=-5.4370546675219093e-05 0.0015401854596028052 -3.1947386259895058e-05 0.00084466165313618058 -1.1628940861245373e-05 -4.0110739833319906e-05 -3.1993230524262917e-05 0.0010266446752711965 -5.0740230331778118e-05 0.00057626595411585735 0.00083009282977876842 -4.3814782247867736e-05 -3.295559912251985e-05 -3.1947386259895058e-05 -3.183158564121597e-05 -3.1947386259895058e-05 0.00089372440110857315 -3.3204705076274007e-05 0.00043705434826929728 0.0014268954211419927 -3.6233202215297279e-05 0.00042000163802264289 -3.1947386259895058e-05 -2.5609661637768145e-05 0.003402613212089821 0.0031345680976778644 -0.00013983345772482775 0.0011468487881461486 0.00090542454088755832 -0.00073786464229176835 -0.00013413461951600666 5.4810031104987611e-06 6.467086772784921e-06 -2.9967966307925616e-06 -3.8328560631686999e-05 8.8407438582347275e-05 2.5996268573235235e-05 0.00010587446912452724 -1.0063266661459458e-05 0.00020629354314608605 0.00021150011742356964 2.8673905136454013e-05 9.7973786706371792e-05 -8.903039008117013e-05 0.0011447560322359284 -2.928939495398374e-05 -9.3268032136911447e-05 0.00062582317316807164 -0.00071008610317269518 0.00040900325387645194 -0.00061208634420249785 -3.6391984795595445e-05 0.0031788844032824282 0.0025217023000308324 5.8651557808050189e-05 -2.973932742989169e-05 -3.6321576788824005e-05 -5.9864673133823314e-05 6.4249262582555811e-05 -6.2395527791346548e-06 -7.9930566492291677e-05 0.00010865980466427605 2.9970023420928485e-05
leaf_weight=368 277 677 193 432 622 96 222 81 921 1222 493 120 3614 272 807 869 190 146 841 999 104 5933 115 285 386 399 109 279 174 91 438 1606 202 185 91 1818 389 177 1585 223 166 1939 1202 236 113 170 153 95 129 253 376 121 191 101 132 94 132 754 168 160 205 128
leaf_count=368 277 677 193 432 622 96 222 81 921 1222 493 120 3614 272 807 869 190 146 841 999 104 5933 115 285 386 399 109 279 174 91 438 1606 202 185 91 1818 389 177 1585 223 166 1939 1202 236 113 170 153 95 129 253 376 121 191 101 132 94 132 754 168 160 205 128
internal_value=-0.00656544 -0.0172003 0.00432702 -0.00213753 0.00272016 0.00483986 0.0144562 -0.00934087 0.00679166 0.00895522 0.000228866 -0.0158554 -0.0257829 -0.0263676 -0.021899 0.0105637 -0.00965147 0.000555405 0.0120817 -0.00118378 0.0150235 -0.0266349 -0.00397714 0.0212254 0.0184655 0.0032267 0.00523474 0.00305694 0.00144619 0.000306818 0.00346797 0.0012229 -0.00055667 -0.00657216 -0.00157643 0.00279876 0.0058692 0.00717857 0.00108722 0.00399168 0.00623077 0.000899446 -0.000372374 0.00208742 -0.00672158 0.000421822 0.00211672 -0.00266244 0.000493421 -0.000842912 0.00186792 0.0171589 0.0148551 -0.00229508 -0.0224784 -0.0184186 -0.0100403 -0.000461802 0.00357692 -0.000951493 0.00155738 -0.00415446
internal_weight=35069 17744 17325 6441 14954 7555 2371 1592 5706 3550 4849 718 11303 9819 1484 1507 372 7399 1762 1849 638 9547 874 864 579 2156 1277 1000 891 879 717 4243 1993 387 627 2250 1788 1399 6649 480 389 6503 3141 3362 606 1777 1147 630 911 782 529 534 413 182 346 214 247 1753 259 535 365 750
internal_count=35069 17744 17325 6441 14954 7555 2371 1592 5706 3550 4849 718 11303 9819 1484 1507 372 7399 1762 1849 638 9547 874 864 579 2156 1277 1000 891 879 717 4243 1993 387 627 2250 1788 1399 6649 480 389 6503 3141 3362 606 1777 1147 630 911 782 529 534 413 182 346 214 247 1753 259 535 365 750
is_linear=0
shrinkage=0.03


Tree=96
num_leaves=63
num_cat=0
split_feature=0 8 0 6 8 5 8 6 0 11 8 11 11 8 0 5 11 5 7 1 8 10 10 11 0 2 8 2 2 11 6 8 4 6 2 1 2 2 10 10 4 4 10 5 8 0 7 1 7 11 2 8 8 11 4 8 10 2 10 2 10 8
split_gain=4492.04 2572.15 308.03 97.2275 87.3674 81.918 68.2669 61.002 50.0697 34.9246 29.7183 28.0103 27.4264 24.7235 26.1239 24.5041 41.6432 22.3837 20.4148 19.3411 19.2051 18.7643 16.2784 21.7033 16.1507 17.7699 15.4342 15.0982 14.6426 14.5653 19.9542 14.1517 13.7827 16.9512 13.0504 12.207 12.1685 11.8862 11.5368 10.381 10.1465 10.1075 9.93107 10.4202 9.44135 9.39103 14.3612 9.37566 12.8039 8.88556 16.7201 17.6882 11.3411 10.3279 8.4794 11.3743 8.07782 7.9998 7.86018 7.80878 7.63833 20.0488
threshold=0.015000000000000001 -1.0000000180025095e-35 2.1350000000000002 0.9919160630702849 -0.60355339059327362 0.083333333333333315 0.37940952255126054 0.9919160630702849 0.03500000000000001 0.25000000000000017 0.25881904510252091 0.93301270189221952 1.0000000180025095e-35 0.12940952255126045 1.0000000180025095e-35 0.083333333333333315 1.0000000180025095e-35 0.22500000000000003 0.8710509574586055 2.9350000000000005 -0.70710678118654735 -0.6830127018922193 -0.5 0.25000000000000017 0.18500000000000003 0.15000000000000005 -0.70710678118654735 0.55000000000000016 0.25000000000000006 -0.5 0.21090423132313618 -0.37940952255126059 0.37222222222222229 0.89949949310841004 1.0000000180025095e-35 0.76500000000000012 0.75000000000000011 0.45000000000000007 1.0000000180025095e-35 -0.5 0.78333333333333355 0.17499999999999996 0.25000000000000011 0.22500000000000003 -0.37940952255126059 0.75500000000000012 0.16361085432015765 0.95500000000000007 0.408662112578069 0.25000000000000017 0.55000000000000016 -0.37940952255126059 -0.91597561503675329 0.6830127018922193 0.85833333333333339 1.0000000180025095e-35 0.25000000000000011 0.75000000000000011 0.68301270189221941 0.65000000000000002 0.25000000000000011 -0.78656609248549303
decision_type=2 2 2 2 2 2 2 2 2 2 2 2 2 2 2 2 2 2 2 2 2 2 2 2 2 2 2 2 2 2 2 2 2 2 2 2 2 2 2 2 2 2 2 2 2 2 2 2 2 2 2 2 2 2 2 2 2 2 2 2 2 2
left_child=1 3 6 4 29 10 7 42 -8 27 26 49 19 17 21 16 34 58 -14 -7 -17 -15 45 32 -18 -26 -4 -6 -28 -1 40 -13 38 -34 35 -9 -22 -23 -24 -36 -31 -21 47 -44 -29 -10 -47 48 -2 60 52 -52 -51 -53 55 -38 -30 -35 -3 -41 -5 -62
right_child=2 13 5 11 9 12 8 15 22 -11 -12 31 18 14 -16 20 24 -19 -20 41 36 37 23 -25 25 -27 28 44 56 30 -32 -33 33 57 39 -37 54 -39 -40 59 -42 -43 43 -45 -46 46 -48 -49 -50 50 51 53 -54 -55 -56 -57 -58 -59 -60 -61 61 -63
leaf_value=3.4904332112922575e-05 -4.1003109100819464e-05 -3.0988964672098213e-05 0.001353477429849817 3.6663612568204944e-06 -3.1854988867162034e-05 0.00048619384060189202 -3.2279452121070035e-05 -0.00024842655152327469 9.298426407108734e-06 -3.2104008070607648e-05 0.00095992031387948204 -3.4403881325323609e-05 0.0012055902934381417 -3.0988964672098213e-05 -3.0876638071979483e-05 0.0001175212096569303 0.00010168805323463959 -3.0988964672098213e-05 0.0029341955798466777 0.0017170660630558498 0.001268576131961004 -3.0988964672098213e-05 -0.00019217034490807253 -0.00010917580888331405 0.0014186059669570028 0.0011338355177872334 0.0028737778546343322 -4.8859580488663317e-05 0.0010466633360548927 -3.1132920878086431e-05 -9.486613540624998e-06 -3.5420154631404947e-05 -4.2880725684511576e-05 0.00033940955854993074 -7.3952478623744072e-05 0.00043708392249925423 0.00060907671402344156 -3.0988964672098213e-05 -3.8309955755638088e-06 0.00038592530371095592 -6.3831716467507737e-05 0.00098954326786797613 0.00051251037979700177 4.8367900114988092e-05 -3.2208563923985783e-05 0.00058896283112740198 -0.00012898916041463148 0.00019907844355273319 -0.00039694035078322531 -1.9031040188326948e-05 -7.1986235853893458e-06 -9.5517397967744398e-05 3.0078253428364732e-05 -3.7178703812736392e-05 0.00087802545380117041 -9.8095974737616443e-05 0.0027309883118992718 0.00010153732024073761 -3.0988964672098213e-05 0.00019882198933218769 -1.3522181901626933e-05 5.6282997675924338e-05
leaf_weight=278 1242 472 122 1144 136 996 282 123 895 269 328 442 186 2309 287 2256 164 807 245 337 766 2044 192 749 321 489 590 212 184 92 489 113 353 228 156 122 517 5135 863 242 100 166 122 1087 195 475 174 506 171 175 789 98 713 112 528 356 247 424 193 202 243 807
leaf_count=278 1242 472 122 1144 136 996 282 123 895 269 328 442 186 2309 287 2256 164 807 245 337 766 2044 192 749 321 489 590 212 184 92 489 113 353 228 156 122 517 5135 863 242 100 166 122 1087 195 475 174 506 171 175 789 98 713 112 528 356 247 424 193 202 243 807
internal_value=-0.00657483 -0.017237 0.00423967 -0.00206461 -0.00804176 0.0123369 0.0022726 0.0037456 -0.000705349 -0.0152768 0.0176698 0.00021997 0.00826515 -0.0258793 -0.0264311 0.00545891 0.00839011 -0.0221996 0.0149306 0.00634 0.00425181 -0.0267025 8.95728e-05 -0.00127046 0.0126154 0.0143527 0.0199563 -0.010864 0.0211644 -0.00190625 -0.00426686 -0.00609712 0.000320233 0.002833 0.00351064 -0.00231707 0.00626845 -0.0274721 -0.00207386 0.00589018 -0.0124352 0.011131 0.000325983 0.00245455 -0.01375 0.00256311 0.00530769 -0.00101562 -0.00227016 0.00108035 -0.000429025 -0.00309 0.00256468 -0.0108057 0.00460057 0.00278032 0.016875 0.00569678 -0.0180631 0.00822472 0.00237813 0.00422455
internal_weight=35060 17654 17406 6407 1771 3401 14005 9370 4635 812 1471 4636 1930 11247 9775 6242 1819 1472 431 1499 4423 9488 4353 2809 974 810 1143 543 1021 959 681 555 2060 1005 845 245 2167 7179 1055 600 192 503 3128 1209 407 1544 649 1919 1413 4081 1887 999 888 210 1401 873 431 652 665 444 2194 1050
internal_count=35060 17654 17406 6407 1771 3401 14005 9370 4635 812 1471 4636 1930 11247 9775 6242 1819 1472 431 1499 4423 9488 4353 2809 974 810 1143 543 1021 959 681 555 2060 1005 845 245 2167 7179 1055 600 192 503 3128 1209 407 1544 649 1919 1413 4081 1887 999 888 210 1401 873 431 652 665 444 2194 1050
is_linear=0
shrinkage=0.03


Tree=97
num_leaves=63
num_cat=0
split_feature=0 8 0 6 2 8 1 8 5 0 5 0 8 3 8 8 8 9 5 8 5 8 2 2 8 8 6 3 3 5 1 3 8 9 5 2 1 2 1 8 0 6 4 0 4 0 3 8 0 1 0 2 4 3 7 3 7 1 7 0 1 8
split_gain=4414.66 2502.17 284.365 102.929 83.3599 82.2228 58.118 44.0404 36.5736 34.2927 32.4578 25.6029 25.7068 24.7906 24.5983 23.8831 23.6088 21.7168 20.3702 20.0156 19.2656 17.6288 17.3193 16.0987 15.2973 14.76 14.4831 13.6637 13.5463 13.2715 13.1224 12.2576 12.0188 11.9308 11.8419 11.7622 11.5702 10.9046 10.2092 9.96396 9.44488 9.24867 8.91984 8.73025 8.24893 10.1619 8.02673 7.92721 7.53122 7.44406 18.0185 7.14052 6.7281 6.61207 6.4031 6.30514 6.11136 6.08462 11.8598 5.85125 9.24067 5.82283
threshold=0.015000000000000001 -1.0000000180025095e-35 2.1150000000000007 0.9919160630702849 0.15000000000000005 -0.60355339059327362 0.95500000000000007 0.25881904510252091 0.083333333333333315 0.065000000000000016 0.083333333333333315 1.0000000180025095e-35 0.12940952255126045 0.8500000000000002 0.25881904510252091 0.25881904510252091 0.60355339059327384 0.78656609248549303 0.15000000000000005 -0.70710678118654735 0.22500000000000003 -0.70710678118654735 0.55000000000000016 0.55000000000000016 0.25881904510252091 -0.78656609248549303 0.9919160630702849 0.35000000000000003 0.45000000000000007 0.95000000000000007 1.5450000000000002 0.62500000000000011 -0.70710678118654735 -0.12940952255126037 0.71666666666666667 0.55000000000000016 0.03500000000000001 0.55000000000000016 2.2950000000000004 -0.37940952255126059 3.2350000000000008 0.21090423132313618 0.17499999999999996 0.025000000000000005 0.68285714285714294 0.28500000000000009 0.25000000000000006 0.91597561503675362 1.8650000000000004 0.065000000000000016 1.1050000000000002 0.65000000000000002 0.96250000000000002 0.62500000000000011 0.62500000000000033 0.45000000000000007 0.31698814848865242 0.32500000000000007 0.0833175564811309 0.35500000000000004 0.44166666650000003 1.0000000180025095e-35
decision_type=2 2 2 2 2 2 2 2 2 2 2 2 2 2 2 2 2 2 2 2 2 2 2 2 2 2 2 2 2 2 2 2 2 2 2 2 2 2 2 2 2 2 2 2 2 2 2 2 2 2 2 2 2 2 2 2 2 2 2 2 2 2
left_child=1 3 6 5 14 37 9 10 24 15 32 12 20 16 21 36 18 25 33 -12 -3 -4 -19 -7 53 46 31 30 -24 54 -21 -20 48 -11 40 -14 -2 -1 -23 -25 -10 -39 -27 -17 49 -46 51 -18 -8 -28 -51 -5 -30 -6 56 -34 57 58 -15 -35 -61 -40
right_child=2 11 4 17 8 23 7 -9 34 13 19 -13 35 29 -16 43 47 22 26 27 -22 38 28 39 -26 42 44 -29 52 -31 -32 -33 55 59 -36 -37 -38 41 61 -41 -42 -43 -44 -45 45 -47 -48 -49 -50 50 -52 -53 -54 -55 -56 -57 -58 -59 -60 60 -62 -63
leaf_value=4.4490054262869089e-05 -2.3035523113764978e-05 -3.0059295731935263e-05 0.0010357619177364717 -1.3201740335347951e-05 0.0018757506418940726 -3.6832142988947996e-05 0.0010640168798386495 -9.9664958963059934e-05 0.00086098270058877486 0.00083933471631834954 7.4148767992884832e-05 -2.9950338929820098e-05 -3.0059295731935263e-05 3.6854071833126651e-06 0.0010521575149600392 -2.9936158727227992e-05 2.3548188320989857e-05 1.9358009532955202e-06 0.0001774343224709822 0.0016616640903435531 -3.0059295731935263e-05 0.0024761715535321668 -5.2486990195591156e-05 -4.2701632595291908e-05 0.00054155627819438333 7.10754888009579e-05 0.00062884788002869865 0.0007563269715256532 -2.5891595250919763e-05 0.00016814812064797763 0.0011453155025493167 -0.00035691262026952566 0.0020010312427197873 0.000219913267367543 3.9971724061666493e-05 -3.0059295731935263e-05 0.0003418347244468306 -3.8655989298656425e-05 0.0032469147703366617 -3.1033288684011855e-05 0.0020023113077427875 -2.549501180897457e-05 1.4403242418050808e-05 -4.5767092120273057e-05 -1.408834262280098e-05 0.0011184290979033499 7.0994461703410838e-06 -3.6815411078117664e-05 0.00019279251527213492 0.00021205064840800007 -0.001028412646573785 -7.0324949266873074e-05 -3.5166905812962257e-05 0.0016813473882836937 0.00025188055791809964 0.0015193841866285927 -0.00013376620628994528 6.8210472881721491e-05 -0.00012357452364224281 -0.00030266635327835746 0.00019436602139073417 0.0020892255453473152
leaf_weight=144 639 650 123 415 440 173 423 664 1222 727 811 275 3570 1711 263 175 1376 1033 135 83 809 85 142 299 148 533 334 1181 842 331 175 189 200 298 276 5893 81 278 513 289 96 520 549 383 139 404 957 312 83 431 94 93 98 159 130 81 490 879 573 82 197 187
leaf_count=144 639 650 123 415 440 173 423 664 1222 727 811 275 3570 1711 263 175 1376 1033 135 83 809 85 142 299 148 533 334 1181 842 331 175 189 200 298 276 5893 81 278 513 289 96 520 549 383 139 404 957 312 83 431 94 93 98 159 130 81 490 879 573 82 197 187
internal_value=-0.00664995 -0.0172488 0.00409547 -0.00222903 0.0117165 -0.00853873 0.00215682 0.00537277 0.0084415 0.000979132 0.00690257 -0.0257859 -0.0260148 0.00164384 0.0182509 -0.0036122 0.00312778 7.72035e-05 0.00471132 0.00506442 -0.0222534 0.0205941 -0.00216919 -0.0158661 0.0139171 0.0019427 0.00257093 0.0071875 -0.00481994 -5.83232e-05 0.0134363 -0.00313846 0.0121447 0.00754023 0.00586834 -0.0265923 0 -0.0026087 0.0222519 -0.0182343 0.0070508 -0.00397997 0.00459834 -0.00826476 0.00389166 0.00678309 -2.04638e-05 0.000284192 0.00934911 0.00205814 -0.000171103 -0.00306483 -0.00350691 0.01605 -0.000562896 0.0171277 -0.000796388 -0.000312895 -0.0011291 0.00430796 0.00117857 0.0234522
internal_weight=34885 17562 17323 6365 3512 1703 13811 3701 2341 10110 3037 11197 10922 8832 1171 1278 4718 4662 3030 2250 1459 908 2115 761 747 2547 1726 1439 1082 4114 258 324 787 1304 1594 9463 720 942 785 588 1318 798 1082 558 1402 543 1465 1688 506 859 525 508 940 599 3783 281 3653 3163 2284 577 279 700
internal_count=34885 17562 17323 6365 3512 1703 13811 3701 2341 10110 3037 11197 10922 8832 1171 1278 4718 4662 3030 2250 1459 908 2115 761 747 2547 1726 1439 1082 4114 258 324 787 1304 1594 9463 720 942 785 588 1318 798 1082 558 1402 543 1465 1688 506 859 525 508 940 599 3783 281 3653 3163 2284 577 279 700
is_linear=0
shrinkage=0.03


Tree=98
num_leaves=63
num_cat=0
split_feature=0 8 0 2 9 0 2 3 11 9 5 8 0 0 11 5 3 10 11 8 10 4 0 1 11 11 8 8 0 5 10 2 2 8 0 3 5 10 10 3 0 11 8 8 8 1 10 10 4 3 1 8 4 3 4 5 2 8 10 1 8 1
split_gain=4313.36 2503.69 276.448 84.3303 79.9976 65.4706 52.6994 43.1615 41.8004 30.7653 30.3122 27.2642 26.9317 26.2135 22.9128 22.1439 19.2564 18.7611 15.7928 18.8475 28.9815 18.2749 16.1479 16.1491 15.792 15.0687 14.9834 14.493 17.3064 14.0025 13.845 13.7474 13.72 13.4717 13.4582 13.115 12.8247 12.1449 11.875 11.2672 11.2519 16.6859 11.0067 10.2834 10.2418 9.95861 9.95055 9.13127 8.67049 8.61641 8.58905 8.51108 8.12879 8.06789 7.67148 10.8942 12.4141 7.60312 7.46312 7.36997 7.35488 10.1476
threshold=0.015000000000000001 -1.0000000180025095e-35 2.0950000000000002 0.15000000000000005 0.78656609248549303 0.15500000000000003 0.55000000000000016 0.8500000000000002 0.6830127018922193 -0.70710678118654757 0.083333333333333315 0.12940952255126045 2.8650000000000007 1.0000000180025095e-35 -0.5 0.15000000000000005 0.35000000000000003 -0.6830127018922193 1.0000000180025095e-35 0.60355339059327384 0.25000000000000011 0.58333333333333337 1.8650000000000004 1.6450000000000002 -0.24999999999999994 0.93301270189221952 1.0000000180025095e-35 0.25881904510252091 0.03500000000000001 0.15000000000000005 1.0000000180025095e-35 1.0000000180025095e-35 0.45000000000000007 1.0000000180025095e-35 1.1450000000000002 0.95000000000000007 0.71666666666666667 1.0000000180025095e-35 -0.24999999999999994 0.95000000000000007 1.8050000000000004 0.93301270189221952 -0.37940952255126059 0.25881904510252091 0.37940952255126054 0.19166666650000003 -0.6830127018922193 0.68301270189221941 0.17499999999999996 0.62500000000000011 0.72500000000000009 0.60355339059327384 0.083333333333333315 0.083333333333333315 0.58333333333333337 0.083333333333333315 0.25000000000000006 -0.5 0.93301270189221952 2.3750000000000004 1.0000000180025095e-35 2.2950000000000004
decision_type=2 2 2 2 2 2 2 2 2 2 2 2 2 2 2 2 2 2 2 2 2 2 2 2 2 2 2 2 2 2 2 2 2 2 2 2 2 2 2 2 2 2 2 2 2 2 2 2 2 2 2 2 2 2 2 2 2 2 2 2 2 2
left_child=1 4 5 12 25 27 -6 9 29 16 26 15 14 17 -4 47 44 -13 22 20 21 34 23 31 37 35 46 -2 -29 -8 -14 45 -19 40 -20 -1 43 39 -21 -9 41 -18 -31 57 -7 -11 -5 -3 -27 -48 -47 -26 -46 -22 55 56 -33 -12 -40 -38 61 -16
right_child=2 11 3 10 6 7 8 24 -10 18 36 13 30 -15 60 -17 33 32 19 38 53 -23 -24 -25 51 48 -28 28 -30 42 -32 54 -34 -35 -36 -37 59 -39 58 -41 -42 -43 -44 -45 52 50 49 -49 -50 -51 -52 -53 -54 -55 -56 -57 -58 -59 -60 -61 -62 -63
leaf_value=2.1184271336394633e-05 -2.6652878574489127e-06 -2.9157516859977203e-05 0.0002417041723641905 0.00080304457340039546 -8.7742950824582979e-06 0.0013271049899518993 -5.9957258602328505e-06 0.00046709269292770659 -3.2360015490506612e-05 5.5240812852659043e-05 0.00047738943391779752 -2.9157516859977203e-05 0.0010002951074142685 -2.9051828761925494e-05 0.0019782623194458835 -2.9157516859977203e-05 0.0016850387072070063 -2.9157516859977203e-05 0.00070396626904200145 0.00013192720403007007 0.0011912297440342355 -0.000662247134842569 -0.00074146722241298028 0.00074311108667679039 -3.2249519589463844e-05 4.6564448942912417e-05 0.00073395179628972572 -2.9170548904299214e-05 -2.5565625777205607e-05 -3.2977587284751415e-05 0.003021115278264784 -3.7299217109378059e-05 -2.9157516859977203e-05 0.00031374893703867146 -0.00045238686164958853 -1.6899904797420217e-05 -0.00039713558037330617 0.00018402126566659132 -0.0001682892111229567 -0.00010672387183480846 4.3161901164736613e-05 0.00017623962720972802 -3.0311308345745856e-05 0.00017519335391693314 8.3445375031122583e-05 -0.00029051232934247076 0.0024174457100163064 -2.9157516859977203e-05 -5.0137912541859939e-05 0.0016309069666351815 -0.00020370036440918004 -0.00018974156620430924 0.0006990634595742634 0.00089861748206581488 0.00031711209206747011 -5.8559842126025136e-05 0.00025921022583413346 0.0013962520189058202 1.3356473727881915e-05 0.00069529216148964785 0.0013036297051190347 0.0028204917835652696
leaf_weight=2231 1359 397 156 91 1191 745 295 307 466 167 286 2324 99 274 87 889 374 2061 360 271 152 105 127 237 1922 92 279 288 899 469 404 189 5152 890 88 840 151 1431 167 776 131 150 478 234 175 93 256 161 359 107 144 213 169 406 260 759 359 821 138 135 223 211
leaf_count=2231 1359 397 156 91 1191 745 295 307 466 167 286 2324 99 274 87 889 374 2061 360 271 152 105 127 237 1922 92 279 288 899 469 404 189 5152 890 88 840 151 1431 167 776 131 150 478 234 175 93 256 161 359 107 144 213 169 406 260 759 359 821 138 135 223 211
internal_value=-0.00675259 -0.0171872 0.00385522 0.0113358 -0.00223762 0.00194268 -0.00592759 0.00292146 -0.00930369 0.00447048 0.00805591 -0.0257128 0.0178831 -0.0262852 0.0139381 -0.0218163 0.00699051 -0.0265496 0.00281879 0.00502962 0.00731115 0.00243682 0.00122003 0.00181983 0.000703226 0.000800454 0.0131199 -0.00240283 -0.00482323 -0.00641995 0.0231548 0.000927992 -0.0273177 0.00483182 0.00507795 0.00155273 0.00576781 0.00231412 0.000623917 -8.30258e-05 0.00809451 0.0100571 -0.0081962 0.00699702 0.0100459 -0.004 0.0164835 -0.0170662 -0.00431416 0.0187088 -0.00794118 -0.00119382 0.00573913 0.0121288 0.00220026 0.00126147 0.00448087 0.00820397 -0.00343137 0 0.016954 0.0200669
internal_weight=35070 17679 17391 3540 6421 13851 2899 11305 1708 6656 2360 11258 1180 9811 677 1447 2634 9537 4022 1687 1111 553 2335 2208 4649 3522 733 2546 1187 1242 503 1971 7213 1545 448 3071 1627 2514 576 1083 655 524 947 1341 1089 404 454 558 451 363 237 2135 344 558 1567 1307 548 1107 305 286 521 298
internal_count=35070 17679 17391 3540 6421 13851 2899 11305 1708 6656 2360 11258 1180 9811 677 1447 2634 9537 4022 1687 1111 553 2335 2208 4649 3522 733 2546 1187 1242 503 1971 7213 1545 448 3071 1627 2514 576 1083 655 524 947 1341 1089 404 454 558 451 363 237 2135 344 558 1567 1307 548 1107 305 286 521 298
is_linear=0
shrinkage=0.03


Tree=99
num_leaves=63
num_cat=0
split_feature=0 8 0 6 10 8 1 0 11 0 10 11 0 8 0 11 8 2 10 6 3 6 8 9 11 2 8 11 8 3 4 0 2 4 6 11 0 3 0 8 8 3 0 4 2 0 11 0 3 1 10 8 0 0 8 2 0 6 6 8 4 6
split_gain=4260.38 2506.55 284.803 123.179 82.5543 78.0479 53.7126 44.5676 30.4842 30.252 30.0598 27.1363 30.1111 25.846 29.2398 21.23 27.2671 29.9964 20.5836 19.3372 18.6538 18.4712 17.1349 17.0588 16.8379 16.8266 16.5745 15.102 13.4603 19.3487 16.0121 12.6358 12.5584 12.3845 12.0644 11.5035 12.6265 17.4093 11.201 10.7607 10.6844 10.4779 10.46 9.85714 9.50285 9.83275 9.11513 9.05165 9.02617 9.00971 8.66918 7.77552 8.94046 7.49228 10.4094 7.26184 7.25212 7.16131 7.06424 7.0495 7.01517 6.87065
threshold=0.015000000000000001 -1.0000000180025095e-35 2.0950000000000002 0.9919160630702849 0.25000000000000011 -0.60355339059327362 0.76500000000000012 2.8250000000000006 0.25000000000000017 0.065000000000000016 0.25000000000000011 0.25000000000000017 3.2450000000000006 0.12940952255126045 1.0000000180025095e-35 0.6830127018922193 -0.60355339059327362 0.55000000000000016 -0.6830127018922193 0.69300588406246244 0.25000000000000006 0.39171654935837491 1.0000000180025095e-35 -0.9159756150367534 -0.5 0.35000000000000003 0.25881904510252091 0.25000000000000017 0.25881904510252091 0.45000000000000007 0.083333333333333315 0.025000000000000005 0.45000000000000007 0.083333333333333315 0.21090423132313618 0.6830127018922193 0.91500000000000015 0.95000000000000007 1.0150000000000003 -0.70710678118654735 -0.37940952255126059 0.8500000000000002 0.67500000000000016 0.17499999999999996 0.95000000000000007 0.54500000000000015 0.6830127018922193 2.7350000000000008 0.62500000000000011 0.03500000000000001 0.25000000000000011 1.0000000180025095e-35 3.1050000000000004 2.2150000000000003 0.25881904510252091 0.15000000000000005 1.8250000000000004 0.78953051963513776 0.46864169028679781 -0.37940952255126059 0.78333333333333355 0.7767654897855063
decision_type=2 2 2 2 2 2 2 2 2 2 2 2 2 2 2 2 2 2 2 2 2 2 2 2 2 2 2 2 2 2 2 2 2 2 2 2 2 2 2 2 2 2 2 2 2 2 2 2 2 2 2 2 2 2 2 2 2 2 2 2 2 2
left_child=1 3 6 5 11 24 9 28 21 26 35 12 47 33 18 -5 -17 -18 -15 43 -13 59 27 25 -1 -21 49 -12 29 39 -31 -28 -20 50 60 36 37 42 -37 -6 -23 -29 -8 -11 -27 -46 -36 53 -19 58 -3 -9 -53 -4 -55 -30 57 -25 -2 -7 -26 -39
right_child=2 13 4 15 7 8 10 51 -10 19 22 20 -14 14 -16 16 17 48 32 23 -22 40 -24 56 34 44 31 41 55 30 -32 -33 -34 -35 46 38 -38 61 -40 -41 -42 -43 -44 -45 45 -47 -48 -49 -50 -51 -52 52 -54 54 -56 -57 -58 -59 -60 -61 -62 -63
leaf_value=3.2097241528960787e-05 -0.00010023677138292916 -2.8282791354177891e-05 0.00076831083000141549 1.1993910734600307e-05 0.0014905938587477878 -4.5042980073335734e-05 0.0016647564784970752 0.0031443090273538697 -2.9400858225523068e-05 0.00013228042109170518 0.00064390985015827236 0.0023128764179752778 0.0022061742456661523 -2.8282791354177891e-05 -2.8180273899067731e-05 2.9392877220746089e-06 2.1409557771704183e-06 -5.0154803666584021e-05 -2.8282791354177891e-05 0.0015668427786831526 0.0010083686489333837 -6.2282468511104393e-06 0.00016768313760785525 0.0001966584570656725 -2.8696338447174909e-05 0.00090670311734691693 -2.8291848815957108e-05 0.0020931252259409343 0.00087637797085204862 0.0019980737213199751 0.00063653203575372299 -3.9104566781871934e-05 -2.8282791354177891e-05 -2.8282791354177891e-05 5.2597670154354286e-06 -2.2530358144848826e-05 2.3373845063235366e-05 0.00031228599894332187 0.00098694506009840556 0.0027449714477787266 -3.250930218326544e-05 0.00053934562619535273 0.00055221785159428828 -5.5674459295188168e-05 0.00031175296613105661 -0.00046432830828851951 -6.138133428397214e-05 0.00070092411648661475 -3.3718909823871426e-05 0.00025625458634375028 -2.8282791354177891e-05 0.00094091078424034637 0.0028285152289356007 0.0003478768534309495 -0.00035976080645980566 0.0002376316984577964 0.00085924192937960827 2.7632676472001681e-05 -1.5798270570028734e-05 -2.9390385667752998e-05 -6.1208338300949727e-05 -0.00027263013706554831
leaf_weight=292 85 267 146 3127 100 130 111 451 276 239 729 249 178 2309 276 952 237 94 2067 98 195 142 368 174 97 483 174 357 116 143 160 366 5203 1000 281 189 1543 137 498 251 144 88 157 1572 148 112 222 582 233 97 206 97 99 480 206 119 92 5321 531 124 92 119
leaf_count=292 85 267 146 3127 100 130 111 451 276 239 729 249 178 2309 276 952 237 94 2067 98 195 142 368 174 97 483 174 357 116 143 160 366 5203 1000 281 189 1543 137 498 251 144 88 157 1572 148 112 222 582 233 97 206 97 99 480 206 119 92 5321 531 124 92 119
internal_value=-0.00681686 -0.0171421 0.00375324 -0.00220205 0.0113014 -0.00886174 0.00179708 0.0165517 -0.015716 0.000537238 0.00457994 0.00733432 0.00549906 -0.0256386 -0.0261983 0.000381137 -0.00253131 -0.00775221 -0.026477 0.00119782 0.0138876 -0.0115342 0.0079326 0.0019692 -0.00316751 0.00595012 -0.00380383 0.00970213 0.0121685 0.0143817 0.00878289 -0.0077634 -0.0272727 -0.0218792 -0.00571429 0.00270054 0.00158124 0.0056 0.00606105 0.0191761 -0.00627178 0.0140583 0.0109294 -0.00153974 0.00439516 -0.000229885 -0.00327381 0.00402827 -0.013628 -0.000798319 -0.0177848 0.0225463 0.0173604 0.00201681 0.00069869 0.00597458 0.00136901 0.00122817 -0.00213938 -0.0174118 -0.0121579 0
internal_weight=35131 17771 17360 6443 3572 1800 13788 1536 816 9492 4296 2036 1592 11328 9855 4643 1516 564 9579 8239 444 540 1542 6428 984 841 1253 1174 889 654 303 540 7270 1473 692 2754 2067 524 687 351 286 445 268 1811 743 260 503 1414 327 713 473 647 196 832 686 235 5587 5495 616 254 189 256
internal_count=35131 17771 17360 6443 3572 1800 13788 1536 816 9492 4296 2036 1592 11328 9855 4643 1516 564 9579 8239 444 540 1542 6428 984 841 1253 1174 889 654 303 540 7270 1473 692 2754 2067 524 687 351 286 445 268 1811 743 260 503 1414 327 713 473 647 196 832 686 235 5587 5495 616 254 189 256
is_linear=0
shrinkage=0.03


Tree=100
num_leaves=63
num_cat=0
split_feature=0 8 0 6 8 2 0 3 11 11 8 8 0 4 5 5 8 1 11 3 0 11 8 3 11 8 0 9 6 2 9 8 4 4 9 11 2 1 1 11 8 4 3 5 4 0 6 6 1 1 11 9 3 8 5 0 0 8 2 8 2 0
split_gain=4197.43 2587.17 245.351 116.848 94.0124 68.3511 58.2158 39.2573 49.9164 31.5646 30.861 28.0931 30.1423 26.7727 24.3014 23.748 17.3551 16.3392 28.1577 16.2859 15.8862 16.1943 15.4735 15.3204 14.5352 14.3235 22.8577 13.9872 17.4688 12.5821 11.8899 12.9457 14.0402 11.7225 10.2307 14.926 11.937 9.85408 9.76935 13.6703 9.69606 9.3177 10.9617 9.2033 13.4354 10.8228 8.92297 8.76206 9.68758 8.65526 8.45456 10.1143 8.29843 9.62014 8.02069 7.98522 7.87522 7.82943 7.67749 7.08253 8.80138 8.52768
threshold=0.015000000000000001 -1.0000000180025095e-35 2.3950000000000005 0.9919160630702849 -0.60355339059327362 0.15000000000000005 0.22500000000000003 0.25000000000000006 -0.24999999999999994 -0.24999999999999994 0.37940952255126054 0.12940952255126045 1.0000000180025095e-35 0.85833333333333339 0.22500000000000003 0.083333333333333315 -0.37940952255126059 3.1850000000000005 -0.5 0.75000000000000011 3.0350000000000006 1.0000000180025095e-35 -0.37940952255126059 0.95000000000000007 0.25000000000000017 0.25881904510252091 0.03500000000000001 0.37940952255126048 0.56988722470830055 0.55000000000000016 -0.70710678118654757 0.25881904510252091 0.083333333333333315 0.29285714285714293 0.78656609248549303 0.6830127018922193 0.55000000000000016 0.045000000000000005 0.14500000000000005 1.0000000180025095e-35 0.37940952255126054 0.58333333333333337 0.45000000000000007 0.083333333333333315 0.37222222222222229 1.175 0.2363322112254401 0.9919160630702849 0.16500000000000004 0.95500000000000007 -0.5 -0.12940952255126037 0.083333333333333315 1.0000000180025095e-35 0.95000000000000007 1.5650000000000002 3.2350000000000008 -0.91597561503675329 0.25000000000000006 -0.70710678118654735 0.8500000000000002 0.16500000000000004
decision_type=2 2 2 2 2 2 2 2 2 2 2 2 2 2 2 2 2 2 2 2 2 2 2 2 2 2 2 2 2 2 2 2 2 2 2 2 2 2 2 2 2 2 2 2 2 2 2 2 2 2 2 2 2 2 2 2 2 2 2 2 2 2
left_child=1 3 6 4 24 17 25 8 -8 16 37 14 29 34 -3 20 46 18 -4 -15 21 -7 -21 30 -1 47 -27 -26 -29 -13 31 32 -9 49 -5 -36 -37 -10 39 -33 -41 42 -34 58 45 -45 -6 59 -49 -25 51 -46 53 -39 -28 -35 -17 -54 -32 60 -2 -62
right_child=2 11 5 13 9 15 7 23 10 -11 -12 12 -14 19 -16 56 -18 -19 -20 22 -22 -23 -24 33 27 26 54 28 -30 -31 43 38 41 55 35 36 -38 52 -40 40 -42 -43 -44 44 50 -47 -48 48 -50 -51 -52 -53 57 -55 -56 -57 -58 -59 -60 -61 61 -63
leaf_value=1.4114079590124614e-05 3.2464689743534545e-05 -2.7434307613552552e-05 0.00068655452206549004 1.8340452023431449e-05 -4.5170970172735412e-05 0.00054899633635041914 4.9812882449603789e-06 0.0018059316475446318 0.0016905208598332394 -2.8819275659935145e-05 8.5876959209950634e-05 -2.7434307613552552e-05 -2.7334865682095696e-05 -7.659141785552389e-05 -2.7434307613552552e-05 0.00062127692988171777 -2.852025752534089e-05 0.0029843952347127873 0.0024212493350615153 9.2807226540028623e-06 0.0026383089525095116 0.0022075392713252267 -3.0797201736498326e-05 6.3235418896892055e-05 2.4359083919812777e-08 -2.7446676972691525e-05 -2.3648637762289717e-05 -4.254379262816217e-05 -5.5153203001861068e-05 -2.7434307613552552e-05 -8.5575048886884673e-05 0.0012295266708219404 0.0014053201360916278 -1.0677932544747858e-05 8.3316226171096554e-06 -3.6926496430346367e-06 -4.1359139134923067e-05 0.0013227427366685105 -8.4349189627222482e-05 0.0011083166550104643 -0.00011600913897745035 0.0010758800597738605 0.00011055097170311945 2.792355051801698e-05 0.00059496816065042924 -0.0004031557699039978 2.8415056669124151e-05 3.0100886231688716e-05 0.00054995440969960927 0.00069157402363204611 4.9535893034400036e-05 -6.5814268003005697e-05 0.00038837387117974864 0.00036250098006224141 0.00011454559819153378 -0.0005017021933706715 0.0016620709515828057 0.001052546374147636 0.0002456333539294632 0.00012304862859382305 -5.2399802693301378e-05 -0.00019183854464474681
leaf_weight=535 207 662 201 2120 81 269 856 232 146 408 583 3570 270 180 811 999 201 268 410 376 161 114 125 510 181 281 1200 91 162 5992 92 107 117 2047 1355 244 213 521 531 248 279 890 517 767 329 414 120 867 156 149 562 104 140 98 80 158 111 447 560 148 356 87
leaf_count=535 207 662 201 2120 81 269 856 232 146 408 583 3570 270 180 811 999 201 268 410 376 161 114 125 510 181 281 1200 91 162 5992 92 107 117 2047 1355 244 213 521 531 248 279 890 517 767 329 414 120 867 156 149 562 104 140 98 80 158 111 447 560 148 356 87
internal_value=-0.00689494 -0.0171697 0.0036045 -0.00191459 -0.00844382 0.0122297 0.00212619 0.00315125 0.00624284 -0.0159803 0.00891012 -0.0257943 -0.0263785 0.000604681 -0.0218792 0.0086284 -0.00997519 0.0189886 0.0162255 -0.0048827 0.0137615 0.0103906 -0.00209163 0.00214883 -0.00213402 -0.00133018 -0.0034379 -0.0062069 -0.010748 -0.026659 0.00304174 0.00438398 0.00601024 0.000356021 0.00155606 -9.9283e-05 -0.00478166 0.0113969 0.00192967 0.00444094 0.00244318 0.00495738 0.00217323 0.00165429 0.000716582 -0.0014467 -0.00371287 0.000477497 0.00231445 0.00386364 0.00328313 0.00642857 0.0104888 0.0129194 -0.00173302 -0.000693563 0.00610261 0.00790816 0.00477795 -0.00187735 -0.00322581 -0.00560811
internal_weight=35016 17697 17319 6392 1779 2533 14786 11404 2791 810 1935 11305 9832 4613 1473 1654 402 879 611 681 544 383 501 8613 969 3382 1561 434 253 9562 5749 2921 1756 2864 3932 1812 457 1352 1165 634 527 1524 634 2828 2176 1181 201 1821 1023 659 995 433 1206 619 1280 2205 1110 587 652 798 650 443
internal_count=35016 17697 17319 6392 1779 2533 14786 11404 2791 810 1935 11305 9832 4613 1473 1654 402 879 611 681 544 383 501 8613 969 3382 1561 434 253 9562 5749 2921 1756 2864 3932 1812 457 1352 1165 634 527 1524 634 2828 2176 1181 201 1821 1023 659 995 433 1206 619 1280 2205 1110 587 652 798 650 443
is_linear=0
shrinkage=0.03


Tree=101
num_leaves=63
num_cat=0
split_feature=0 8 0 6 8 5 0 8 3 8 11 5 0 8 11 9 11 0 5 4 11 8 0 11 0 11 3 1 0 11 5 0 11 8 4 11 4 7 7 9 4 0 4 8 3 11 0 1 11 6 8 7 0 1 3 8 11 7 0 8 1 4
split_gain=4246.21 2510.88 249.483 95.2514 86.9679 59.1008 52.6936 41.2284 37.7224 32.6954 33.4069 38.4432 27.6282 30.332 25.8529 25.6109 23.154 21.4178 20.786 20.5363 17.6458 17.4561 17.4374 20.5855 17.3944 17.5897 19.2216 15.7925 23.2543 15.7819 12.4994 12.0293 11.467 11.2592 11.2146 11.0939 12.8992 12.408 10.9075 10.8326 10.7522 10.6925 10.6834 10.3929 13.6589 10.1833 10.1575 10.0264 9.83692 9.17272 10.1458 9.08293 9.15218 8.60015 8.59467 8.41499 8.36983 8.22717 8.20832 8.07765 7.99886 7.9517
threshold=0.015000000000000001 -1.0000000180025095e-35 2.1150000000000007 0.96010100249940655 -0.70710678118654735 0.083333333333333315 0.14500000000000005 1.0000000180025095e-35 0.8500000000000002 0.37940952255126054 1.0000000180025095e-35 0.083333333333333315 1.0000000180025095e-35 0.12940952255126045 0.25000000000000017 0.91597561503675351 1.0000000180025095e-35 3.0850000000000004 0.15000000000000005 0.083333333333333315 -0.5 -0.37940952255126059 2.8850000000000002 -0.5 3.3550000000000004 1.0000000180025095e-35 0.62500000000000011 0.72500000000000009 0.81500000000000006 0.6830127018922193 0.55000000000000016 1.8430000000000002 0.6830127018922193 -0.5 0.37222222222222229 0.93301270189221952 0.48333333333333339 0.65149940845676368 0.28409573147784878 0.1294095225512602 0.37222222222222229 0.35500000000000004 0.96250000000000002 0.78656609248549325 0.95000000000000007 0.6830127018922193 0.025000000000000005 0.24500000000000002 0.93301270189221952 0.21090423132313618 -0.78656609248549303 0.58281840330496826 1.8250000000000004 2.1550000000000007 0.35000000000000003 -0.98296291314453399 -0.5 0.90705557846978757 0.43500000000000005 0.37940952255126054 0.15500000000000003 0.85833333333333339
decision_type=2 2 2 2 2 2 2 2 2 2 2 2 2 2 2 2 2 2 2 2 2 2 2 2 2 2 2 2 2 2 2 2 2 2 2 2 2 2 2 2 2 2 2 2 2 2 2 2 2 2 2 2 2 2 2 2 2 2 2 2 2 2
left_child=1 3 6 4 45 7 38 22 9 10 27 -12 13 18 42 39 21 20 -3 -17 -9 30 23 -4 25 -7 -27 41 -29 -10 -6 55 -21 35 -15 36 -13 -37 43 -16 -41 47 54 44 -2 49 -45 -8 -42 50 -1 52 -11 -33 -5 -30 -40 -25 -35 60 -31 -60
right_child=2 12 5 14 16 24 8 17 29 51 11 33 -14 34 15 19 -18 -19 -20 32 -22 -23 -24 57 -26 26 -28 28 31 59 -32 53 -34 58 -36 37 -38 -39 56 40 48 -43 -44 46 -46 -47 -48 -49 -50 -51 -52 -53 -54 -55 -56 -57 -58 -59 61 -61 -62 -63
leaf_value=1.3690657202420856e-05 3.0940333067310255e-05 -2.6611278385145976e-05 0.00042270359396108016 1.2927097807056975e-07 3.7736314964387158e-05 0.00059365270249132625 -0.00010396359235728666 -0.00011444965871347468 5.5651008580740454e-05 5.4817267612571603e-05 0.0011441872067405239 0.00020211699937369647 -2.6514819711632824e-05 -2.6611278385145976e-05 0.00013332839592673716 1.2795335887372141e-05 -2.7290712514734365e-05 0.0025388807461226171 -2.6611278385145976e-05 -4.2058627807682776e-05 0.0012192674114873392 -2.7664649799580664e-05 0.0027233041029422278 0.0016284667288285093 0.0026004475194639862 0.0024667487774047382 0.00083394467166650332 0.0014733988859010837 -1.4082448318937235e-05 0.00023804235127681178 -4.373540466328697e-05 -0.00067714812436994677 -3.0939431668510063e-05 -6.7808580497221024e-05 -2.6611278385145976e-05 0.00027594648528630583 0.0010928633248343993 -0.0016468972701794871 0.00021589304471297916 6.0552475205524413e-06 -1.3249223359678568e-05 -0.00028929526900096068 -7.4890227187588223e-05 -2.6379751384239072e-05 -8.1808560181019301e-05 -4.1267478849317298e-05 -3.685518007743352e-05 0.00038979730942491629 -8.0963033419259294e-05 3.0144385940316999e-05 -6.1929421833421569e-05 -8.5998613496626953e-05 0.00095574950471597581 0.0004789937466049088 2.4267903264071232e-05 0.00057384600004017569 -2.5704489944901784e-05 0.0024400350224612322 0.0010199736071116244 -0.00026384355401766631 -0.00022416138910453075 0.0014852833665566206
leaf_weight=135 823 583 132 749 81 1423 116 187 3981 1797 800 490 285 4555 93 156 260 122 896 116 308 226 387 131 85 311 138 128 221 202 120 139 228 80 4925 101 311 104 90 1005 675 316 92 155 619 235 600 109 264 351 117 425 83 100 1429 562 110 249 730 138 398 151
leaf_count=135 823 583 132 749 81 1423 116 187 3981 1797 800 490 285 4555 93 156 260 122 896 116 308 226 387 131 85 311 138 128 221 202 120 139 228 80 4925 101 311 104 90 1005 675 316 92 155 619 235 600 109 264 351 117 425 83 100 1429 562 110 249 730 138 398 151
internal_value=-0.00689685 -0.0172896 0.0036305 -0.00217906 -0.00870904 0.0108204 0.00183069 0.015267 0.00267526 0.00411147 0.00561112 0.0076409 -0.0257981 -0.0260392 -0.000106073 -0.00218676 -0.0166134 0.00927184 -0.0219932 -0.00826347 0.00647177 -0.0122664 0.0193667 0.0156725 0.00736977 0.00675921 0.0119333 0.00228723 0.00427454 0.000616525 -0.00579208 0.0027566 -0.0123478 0.0053811 -0.0266681 0.00315789 0.00475062 -0.00305825 -0.00221435 -0.000691855 -0.00117224 -0.00193727 0.00221929 -0.0028253 -0.00133056 -0.00221692 -0.0056746 0.0030531 -0.00347872 -0.000149007 -0.00450593 0.00120989 0.00210526 -0.003125 0.00264341 0.00455357 0.00447761 0.0192126 0.0077027 -0.00341001 -0.00189684 0.00853741
internal_weight=34928 17576 17352 6332 1525 3473 13879 1516 11482 6763 4458 2767 11244 10959 4807 2537 687 617 1479 500 495 427 899 512 1957 1872 449 1691 1150 4719 201 1022 344 1967 9480 1006 801 205 2397 2037 1944 541 2270 2197 1442 838 755 225 939 603 252 2305 1880 239 2178 783 200 380 961 738 600 881
internal_count=34928 17576 17352 6332 1525 3473 13879 1516 11482 6763 4458 2767 11244 10959 4807 2537 687 617 1479 500 495 427 899 512 1957 1872 449 1691 1150 4719 201 1022 344 1967 9480 1006 801 205 2397 2037 1944 541 2270 2197 1442 838 755 225 939 603 252 2305 1880 239 2178 783 200 380 961 738 600 881
is_linear=0
shrinkage=0.03


Tree=102
num_leaves=63
num_cat=0
split_feature=0 8 0 6 10 8 0 0 11 8 8 5 0 3 11 8 2 8 3 11 11 8 0 5 7 8 0 10 11 2 9 8 5 8 10 8 7 2 10 3 7 10 11 10 7 0 0 2 7 8 11 2 6 11 0 10 7 7 8 11 7 5
split_gain=4135.48 2500.28 253.671 98.513 73.8932 72.8993 57.9792 41.4675 29.8533 29.4091 29.3437 28.7338 25.9185 25.4764 53.0696 31.6517 24.096 24.0013 20.7914 19.2561 17.6097 31.5556 16.5942 16.1533 19.1824 15.5687 26.196 15.5673 14.3134 15.9072 14.2614 15.3322 14.5691 13.5841 14.248 12.929 12.4844 12.3977 12.3886 12.3064 11.7066 10.9808 10.968 10.7221 10.6159 9.82591 9.60032 9.51291 8.84676 8.748 18.7612 8.12057 8.09624 8.42275 8.03769 7.65048 7.41464 8.40403 7.34644 12.7678 7.16043 7.08772
threshold=0.015000000000000001 -1.0000000180025095e-35 2.1350000000000002 0.96010100249940655 0.25000000000000011 -0.37940952255126059 0.21500000000000002 2.9550000000000005 0.6830127018922193 -0.37940952255126059 0.12940952255126045 0.15000000000000005 1.0000000180025095e-35 0.35000000000000003 -0.24999999999999994 0.37940952255126054 0.55000000000000016 1.0000000180025095e-35 0.11666666666666667 0.25000000000000017 -0.5 -0.70710678118654735 3.3350000000000004 0.083333333333333315 0.81386071349575007 0.25881904510252091 0.025000000000000005 -0.5 1.0000000180025095e-35 0.45000000000000007 -0.12940952255126037 1.0000000180025095e-35 0.083333333333333315 -0.5 1.0000000180025095e-35 1.0000000180025095e-35 1.0822077054541988 0.45000000000000007 -0.24999999999999994 0.95000000000000007 0.023553699522338052 0.68301270189221941 0.25000000000000017 0.25000000000000011 0.35670537593600121 1.2650000000000003 0.51500000000000012 0.55000000000000016 0.55555555555555591 0.37940952255126054 0.6830127018922193 0.65000000000000002 0.21090423132313618 0.6830127018922193 0.65500000000000014 0.25000000000000011 0.88316752674270405 1.0172029338051012 0.60355339059327384 -0.5 0.89022580878627788 0.15000000000000005
decision_type=2 2 2 2 2 2 2 2 2 2 2 2 2 2 2 2 2 2 2 2 2 2 2 2 2 2 2 2 2 2 2 2 2 2 2 2 2 2 2 2 2 2 2 2 2 2 2 2 2 2 2 2 2 2 2 2 2 2 2 2 2 2
left_child=1 3 6 5 18 20 25 17 -5 -10 11 41 27 14 36 23 -11 28 19 35 -1 52 -20 43 -25 48 -27 -12 -6 -30 31 32 -15 34 42 -4 60 -29 54 -35 49 -3 45 -16 -36 -34 47 -32 -2 -33 58 -7 -22 -54 -17 -26 -42 -58 -51 -60 -8 -9
right_child=2 10 4 8 7 51 13 61 9 16 12 -13 -14 30 15 38 -18 -19 22 -21 21 -23 -24 24 55 26 -28 37 29 -31 46 40 33 39 44 -37 -38 -39 -40 -41 56 -43 -44 -45 -46 -47 -48 -49 -50 50 -52 -53 53 -55 -56 -57 57 -59 59 -61 -62 -63
leaf_value=-2.2875873418599923e-07 -6.8111444055722783e-06 -2.5812940033591596e-05 0.0011756818989404805 1.1071469839016969e-05 0.0014355988277556257 -3.2615907749510053e-05 -4.6774879120422831e-05 0.0028683937350501175 -1.1328910366690068e-05 -6.5203783213333943e-05 -2.5812940033591596e-05 -2.5812940033591596e-05 -2.571937512028384e-05 0.0011459521775393339 0.00087732185719736726 -1.6454943024022012e-05 -2.953823241800551e-05 0.00060931984678529335 0.00050510595454829603 0.0022782778362414823 -4.050435111885644e-05 -3.1123571713873075e-05 0.0025056166268953516 0.0012348948608119756 -0.00012170992195481567 -2.5831884121983605e-05 -2.8109819876713099e-05 -2.5812940033591596e-05 0.0031543057130509465 0.0017284552435497202 0.00053973477357011101 0.00092461292414650759 0.00030555632198814336 0.0012421552083618633 3.1368566778146729e-05 -0.00019122351626125854 -0.00017401987947589291 -2.5812940033591596e-05 -5.5958482113101952e-05 0.00013558509610878288 -0.00012941940506540627 -2.5812940033591596e-05 -0.0003923000323683272 0.0017574584288827775 0.00065189159294385117 -0.00026167193443856179 -0.00029410549480028719 -6.861803528463612e-05 0.00043048986730653577 0.00044997045288175684 -0.00025160500626554962 -2.5647770539404814e-05 2.3028496520044552e-05 -5.2260582546325717e-05 0.00069244076163847083 0.00090595570663909767 0.00080372227699044045 -7.5778076512451612e-05 0.0001967333642997851 -8.4338715243245129e-05 0.00029054441349376571 0.0025567827583357935
leaf_weight=407 1650 429 126 3237 324 109 520 408 1301 122 3166 889 290 256 351 111 182 394 1467 169 182 198 80 426 217 170 1377 1721 216 81 113 288 364 582 446 89 86 4596 342 589 1325 164 482 304 500 260 308 288 97 304 239 257 236 172 243 91 176 149 569 384 320 93
leaf_count=407 1650 429 126 3237 324 109 520 408 1301 122 3166 889 290 256 351 111 182 394 1467 169 182 198 80 426 217 170 1377 1721 216 81 113 288 364 582 446 89 86 4596 342 589 1325 164 482 304 500 260 308 288 97 304 239 257 236 172 243 91 176 149 569 384 320 93
internal_value=-0.00693118 -0.017155 0.00346014 -0.0021877 0.0107454 -0.0087388 0.00165638 0.015702 -7.43341e-05 -0.00341843 -0.025669 -0.0216858 -0.0262707 0.00273368 0.00506972 0.00772291 -0.0118033 0.0121949 0.00684783 0.0130909 -0.00514214 -0.00775665 0.0052907 0.0103381 0.00726531 -0.00182094 -0.00401163 -0.0265426 0.0158682 0.0206376 0.00181031 0.00222592 0.00362931 0.00308002 0.0016074 0.00708333 -0.000906149 -0.0274217 0.00249641 0.005657 0.000803493 -0.0165152 -0.000704607 0.0137652 0.00430834 0.00192 -0.00223944 0.000820896 0.000120137 0.00248739 0.00156313 -0.020436 -0.00426396 -0.00190709 0.00642254 0.0015534 -0.00101757 0.00303681 0.00302862 0.00172956 0.000214031 0.0227689
internal_weight=35032 17658 17374 6403 3447 1561 13927 1516 4842 1605 11255 1482 9773 10633 3011 2085 304 1015 1931 384 1195 788 1547 1389 734 3294 1547 9483 621 297 7622 6913 3479 3223 2052 215 926 6317 696 1171 3434 593 1106 655 946 624 709 401 1747 1784 1496 366 590 408 354 308 1650 325 1257 953 840 501
internal_count=35032 17658 17374 6403 3447 1561 13927 1516 4842 1605 11255 1482 9773 10633 3011 2085 304 1015 1931 384 1195 788 1547 1389 734 3294 1547 9483 621 297 7622 6913 3479 3223 2052 215 926 6317 696 1171 3434 593 1106 655 946 624 709 401 1747 1784 1496 366 590 408 354 308 1650 325 1257 953 840 501
is_linear=0
shrinkage=0.03


Tree=103
num_leaves=63
num_cat=0
split_feature=9 8 8 11 3 6 8 8 9 8 10 10 4 11 8 5 10 8 11 2 9 7 8 8 4 11 8 5 11 10 8 7 3 8 2 2 3 8 5 7 7 10 11 10 8 6 4 11 8 10 5 7 11 2 7 7 2 10 10 10 10 11
split_gain=3139.64 2655.67 592.225 254.917 175.928 120.695 96.3788 93.4679 81.3229 60.1939 54.2927 36.6118 32.1226 27.5668 27.1361 27.1152 25.7385 20.462 22.6637 32.5946 19.4468 19.8058 19.905 19.1946 16.9395 16.0729 15.6185 14.6739 14.3981 14.0972 26.3289 19.7527 13.5435 12.981 12.5868 12.5715 12.469 11.7747 11.7415 11.2545 10.7826 11.3441 10.7395 10.6801 10.3607 10.1502 9.58323 9.3107 9.19104 17.1146 10.2024 9.17087 8.84012 12.1988 8.76777 9.70427 8.40848 8.13717 7.7501 7.53081 7.41193 10.6508
threshold=1.0000000180025095e-35 -1.0000000180025095e-35 0.78656609248549325 1.0000000180025095e-35 0.62500000000000011 0.9919160630702849 0.91597561503675362 -0.60355339059327362 -0.70710678118654757 1.0000000180025095e-35 1.0000000180025095e-35 -0.24999999999999994 0.083333333333333315 -0.24999999999999994 0.12940952255126045 0.15000000000000005 0.68301270189221941 -0.60355339059327362 0.6830127018922193 0.55000000000000016 -0.70710678118654757 0.92939574449215501 0.25881904510252091 -0.37940952255126059 0.41666666666666669 -0.5 0.37940952255126054 0.55000000000000016 0.25000000000000017 0.25000000000000011 0.60355339059327384 1.0822077054541988 0.8500000000000002 -0.5 0.55000000000000016 0.8500000000000002 0.35000000000000003 -0.37940952255126059 0.15000000000000005 0.023553699522338052 0.96402165082213731 1.0000000180025095e-35 1.0000000180025095e-35 0.68301270189221941 0.91597561503675362 0.9919160630702849 0.37222222222222229 -0.68301270189221952 -0.78656609248549303 0.68301270189221941 0.22500000000000003 0.90705557846978757 -0.5 1.0000000180025095e-35 0.99391422337746305 0.90482202982202986 1.0000000180025095e-35 0.68301270189221941 -0.6830127018922193 0.25000000000000011 1.0000000180025095e-35 0.25000000000000017
decision_type=2 2 2 2 2 2 2 2 2 2 2 2 2 2 2 2 2 2 2 2 2 2 2 2 2 2 2 2 2 2 2 2 2 2 2 2 2 2 2 2 2 2 2 2 2 2 2 2 2 2 2 2 2 2 2 2 2 2 2 2 2 2
left_child=2 5 4 25 8 7 11 35 9 10 33 46 51 23 15 57 59 48 60 -20 21 43 -23 -9 -16 44 39 -27 -22 31 42 38 -18 -1 -15 -2 -14 -21 -10 -11 -41 -42 54 -6 -4 -30 -5 -28 52 -50 -51 -12 53 -7 55 -31 -32 -3 -8 -13 61 -19
right_child=1 14 3 6 20 17 58 13 29 26 12 16 36 34 24 -17 32 18 19 37 28 22 -24 -25 -26 27 47 -29 45 30 56 -33 -34 -35 -36 -37 -38 -39 -40 40 41 -43 -44 -45 -46 -47 -48 -49 49 50 -52 -53 -54 -55 -56 -57 -58 -59 -60 -61 -62 -63
leaf_value=0.00056068994278013593 3.9946054409410384e-06 -2.503855183258385e-05 0.00011010385444037087 6.2711813722030881e-05 0.00010944749444656621 -0.00011082522290482028 -2.503855183258385e-05 -4.1098073068295797e-05 0.00027454355013915258 0.0014395892774873549 0.0017819042028737102 -2.4997722089095377e-05 0.0023822459340672834 -3.532199158200115e-05 -2.503855183258385e-05 -2.503855183258385e-05 -2.562183625882606e-05 -2.5005106063524241e-05 2.0072908694992608e-05 -8.1715646947292666e-05 4.497682274801136e-05 0.001973878648636896 -0.00020350974170255302 -2.6065277189411102e-05 -2.503855183258385e-05 -1.6974098409386783e-05 -0.00025891615572408601 -3.8814961368442283e-05 -0.00013892332473886275 0.00012225756044731306 0.000158508939339696 -0.00053883402716083995 -4.3881701315541951e-05 0.0014431702208696005 -2.5789729690516045e-05 -4.8679567129019466e-05 0.0012778206323457387 -2.9125101745914597e-05 4.7193480489428268e-05 0.00066741674118470757 0.00075765101727686692 0.0014554348632983838 0.00081648270064917734 0.00034649116416300972 -2.5282456615119487e-05 -1.6779594695283967e-05 -5.3382575697970996e-05 0.00039747252829135739 1.7089107368357246e-05 0.00014777919926014941 2.50196960215264e-05 0.0029403320169627753 -4.1979969296702509e-06 9.8337550921457208e-05 -0.00020667098049807875 0.0012075995477542633 -0.00010725772631026309 -2.503855183258385e-05 -2.503855183258385e-05 -2.4997722089095377e-05 1.4026518050254225e-05 2.4039080234033676e-05
leaf_weight=321 556 404 504 137 3331 110 125 197 727 242 90 127 234 82 4838 872 156 479 243 164 2037 312 104 196 3890 297 118 195 444 133 112 113 84 643 333 655 152 170 675 662 224 253 518 1021 490 670 103 550 818 173 87 489 1470 530 85 141 181 173 624 124 852 207
leaf_count=321 556 404 504 137 3331 110 125 197 727 242 90 127 234 82 4838 872 156 479 243 164 2037 312 104 196 3890 297 118 195 444 133 112 113 84 643 333 655 152 170 675 662 224 253 518 1021 490 670 103 550 818 173 87 489 1470 530 85 141 181 173 624 124 852 207
internal_value=-0.0068195 -0.0158109 0.00214713 -0.0100708 0.00463279 -0.00203195 -0.0188791 -0.00827228 0.00822479 0.0109475 0.0147513 -0.0111066 0.0197826 -0.0161681 -0.0257231 -0.021869 -0.0157927 0.000345023 -0.00194234 -0.00700692 0.00160985 0.0028182 0.00906475 -0.0104315 -0.0263604 -0.00129119 0.00736098 -0.00572008 -0.000218909 0.00418838 0.00666097 0.00227573 -0.00871369 0.00969948 -0.0215625 -0.00299505 0.0130233 -0.0130746 0.00325018 0.00918234 0.00792105 0.0113598 0.00925968 0.00221916 0.000904523 -0.00295964 -0.00149378 0.00358744 0.00186265 0.00411492 0.0108046 0.0242586 0.000710564 0.00365055 0.00525 0.00785455 -0.00112245 -0.0167647 -0.02644 -0.0225 -3.89864e-05 -0.00235808
internal_weight=35047 17499 17548 2966 14582 7322 1480 2019 6663 3978 1929 731 965 808 10177 1449 491 5303 2115 577 7919 4768 416 393 8728 1486 2049 492 3151 2685 1170 1515 240 964 415 1211 386 334 1402 1381 1139 477 877 4352 994 1114 240 668 3188 1078 260 579 2110 640 359 274 293 577 749 251 1538 686
internal_count=35047 17499 17548 2966 14582 7322 1480 2019 6663 3978 1929 731 965 808 10177 1449 491 5303 2115 577 7919 4768 416 393 8728 1486 2049 492 3151 2685 1170 1515 240 964 415 1211 386 334 1402 1381 1139 477 877 4352 994 1114 240 668 3188 1078 260 579 2110 640 359 274 293 577 749 251 1538 686
is_linear=0
shrinkage=0.03


Tree=104
num_leaves=63
num_cat=0
split_feature=0 0 9 9 9 1 6 2 9 0 3 11 9 0 0 4 7 1 5 11 5 11 11 0 11 3 3 7 5 5 9 4 0 2 2 9 5 4 0 0 11 11 11 7 6 1 4 0 9 0 4 5 7 2 9 0 3 4 11 9 3 2
split_gain=4172.11 219.967 160.516 153.694 197.588 107.412 92.6324 72.0705 71.6186 56.6824 43.4676 50.3014 37.9215 29.8352 25.881 24.7751 20.7982 20.0875 19.0369 18.949 17.6966 17.5388 15.8478 13.8458 16.1953 12.9691 12.968 15.3277 12.9468 11.344 11.1178 10.8426 13.4258 10.3179 10.152 9.98855 9.87444 13.7805 9.7727 9.73987 14.3286 9.6854 8.95218 12.6491 8.78849 14.2394 8.50567 8.40574 8.3717 8.34861 9.98846 9.75326 8.17947 12.1308 7.95368 11.9607 9.32774 15.3787 7.50429 14.8936 7.45374 7.13156
threshold=0.015000000000000001 2.4550000000000005 0.1294095225512602 0.25881904510252057 0.37940952255126048 1.0000000180025095e-35 0.9919160630702849 0.15000000000000005 0.98296291314453421 0.075000000000000025 0.75000000000000011 1.0000000180025095e-35 0.91597561503675351 1.1150000000000004 1.0000000180025095e-35 0.35833333333333334 1.0822077054541988 0.15500000000000003 0.15000000000000005 0.93301270189221952 0.083333333333333315 1.0000000180025095e-35 0.6830127018922193 2.9550000000000005 1.0000000180025095e-35 0.8500000000000002 0.35000000000000003 0.65149940845676368 0.63333333333333341 0.083333333333333315 -0.37940952255126015 0.35833333333333334 1.8050000000000004 0.95000000000000007 0.25000000000000006 0.1294095225512602 0.15000000000000005 0.17499999999999996 0.03500000000000001 3.1150000000000007 1.0000000180025095e-35 0.25000000000000017 0.25000000000000017 0.82933557581380846 0.88495649876721172 1.0250000000000001 0.37222222222222229 2.0150000000000001 0.78656609248549303 0.99500000000000011 0.68285714285714294 0.63333333333333341 0.77377463294813831 0.35000000000000003 -0.37940952255126015 0.75500000000000012 0.95000000000000007 0.37222222222222229 0.25000000000000017 0.60355339059327384 0.25000000000000006 0.55000000000000016
decision_type=2 2 2 2 2 2 2 2 2 2 2 2 2 2 2 2 2 2 2 2 2 2 2 2 2 2 2 2 2 2 2 2 2 2 2 2 2 2 2 2 2 2 2 2 2 2 2 2 2 2 2 2 2 2 2 2 2 2 2 2 2 2
left_child=2 9 5 41 -5 14 12 23 15 35 11 16 22 17 -1 48 31 -13 -10 -17 39 28 25 24 -3 -6 52 -28 33 42 -18 36 44 46 -30 38 -11 -38 -2 40 61 -4 43 -15 -33 -46 -12 -31 58 50 -23 -52 -19 -54 56 -56 57 -36 59 -8 -40 -9
right_child=1 7 3 4 6 -7 8 20 18 10 21 13 -14 29 -16 19 30 26 -20 -21 -22 49 -24 -25 -26 -27 27 -29 34 47 -32 32 -34 -35 54 -37 37 -39 60 -41 -42 -43 -44 -45 45 -47 -48 -49 -50 -51 51 -53 53 -55 55 -57 -58 -59 -60 -61 -62 -63
leaf_value=-2.4287395277606334e-05 -2.9016761598096811e-05 0.0009139636596853484 8.4096304157082864e-05 -2.4287395277606334e-05 -2.4287395277606334e-05 4.6817036868341377e-05 -2.792704210735302e-05 0.00033853548670639274 -2.4287395277606334e-05 0.00010266304729773294 0.00023687042948129954 3.581929408888629e-05 -2.4287395277606334e-05 -0.00013074448715307162 -2.4202023531872671e-05 -2.4287395277606334e-05 -1.0410209613557763e-05 0.0011141614676844348 -2.4287395277606334e-05 -2.4287395277606334e-05 0.00066629970526469232 -0.0001299588569731214 -2.4287395277606334e-05 0.0025295892757026682 0.0028251808782063046 -2.4287395277606334e-05 0.00076985077145353179 -0.00025490652370801419 0.00042641044419243815 0.00076979845358859152 -0.00023748717017599771 -9.7275552812538916e-05 -0.00024325015990696086 0.0002998723083573232 -0.00021532751047951602 -3.5575184580142331e-07 -0.00018447571112337977 0.00024612266755656177 2.5631606225515011e-05 0.0026788448721505203 0.0019575067936498602 -2.1129367790024626e-05 0.0011980213722090972 0.00090071551626451861 0.00024899240517817738 0.0014711766294605037 -3.1997512475264447e-05 0.0015883916257343467 -2.4280832853298274e-05 0.00026255551563406169 -0.00016045037415818517 8.6538991423163079e-05 0.00080321456996245702 -0.00017985458205887483 -3.8642210895878383e-06 -0.0006112372645918192 1.3176146992729702e-05 0.00086960411102668302 -2.9631706341779772e-05 -3.9608242171140493e-05 -4.1146063822950914e-05 0.0010319231207239392
leaf_weight=2227 451 223 81 1460 553 98 641 168 511 1255 461 1084 1193 90 320 2948 104 247 553 515 1004 874 458 424 187 1331 265 178 81 761 95 85 156 619 129 466 518 279 86 122 95 585 636 102 270 155 411 299 2453 598 393 792 178 94 547 124 1438 333 946 758 420 126
leaf_count=2227 451 223 81 1460 553 98 641 168 511 1255 461 1084 1193 90 320 2948 104 247 553 515 1004 874 458 424 187 1331 265 178 81 761 95 85 156 619 129 466 518 279 86 122 95 585 636 102 270 155 411 299 2453 598 393 792 178 94 547 124 1438 333 946 758 420 126
internal_value=-0.00698674 0.00342459 -0.0172748 -0.0160699 -0.0167251 -0.024093 -0.0155353 0.0119617 -0.0139642 0.00209353 0.00268752 0.00437391 -0.0196748 0.00658704 -0.0252786 -0.0130174 0.00138794 0.00407426 -0.0212958 -0.0149567 0.00805409 0.00098809 -0.0174392 0.0190419 0.0150365 -0.0162016 0.00722741 0.00344595 0.00220801 0.00930651 -0.00795 0.00207429 0.0053973 0.0044437 0.000949868 -0.00360253 0.000993668 -0.00161654 -0.00535491 0.0125977 0.0102308 -0.00197901 0.0119421 0.00621762 0.00774951 0.00950704 0.00233677 0.00723845 -0.0116149 -0.000914221 -0.00182039 -2.52951e-05 0.0104423 0.00681319 0.000618196 -0.0021875 0.00160968 0.00531317 -0.0103197 -0.0117214 -0.00248521 0.00691525
internal_weight=35054 17423 17631 14986 14320 2645 12860 2349 9325 15074 13651 6851 3535 3934 2547 8261 2917 2046 1064 3463 1515 6800 2342 834 410 1884 962 443 4143 1888 199 2718 666 1491 2652 1423 2052 797 957 511 389 666 828 192 510 425 872 1060 4798 2657 2059 1185 519 272 2571 671 1900 462 2345 1399 506 294
internal_count=35054 17423 17631 14986 14320 2645 12860 2349 9325 15074 13651 6851 3535 3934 2547 8261 2917 2046 1064 3463 1515 6800 2342 834 410 1884 962 443 4143 1888 199 2718 666 1491 2652 1423 2052 797 957 511 389 666 828 192 510 425 872 1060 4798 2657 2059 1185 519 272 2571 671 1900 462 2345 1399 506 294
is_linear=0
shrinkage=0.03


Tree=105
num_leaves=63
num_cat=0
split_feature=9 8 8 11 1 6 8 8 3 10 8 10 11 11 11 10 5 4 8 10 8 8 2 8 10 6 11 3 10 3 1 8 3 2 1 2 3 10 8 8 11 6 8 10 5 10 8 4 11 11 4 10 10 8 4 2 4 2 2 8 11 5
split_gain=3021.76 2747.84 579.466 214.187 170.717 129.608 101.907 91.2592 84.6552 57.3232 43.6046 42.6888 30.9751 28.2397 25.399 24.4864 22.3563 21.9567 20.9231 19.417 16.6984 16.1511 15.2461 14.943 14.5944 14.0999 17.2087 13.4033 12.3231 12.2909 11.7512 11.3298 11.2621 12.094 11.2595 11.2251 14.5772 15.0251 13.306 11.1043 11.0228 10.3981 10.1781 9.87433 8.86977 8.76574 8.56472 7.82991 8.50139 7.78733 11.4738 10.5356 7.57159 7.34776 7.27983 7.08363 8.06612 7.05419 8.42094 8.09726 9.71435 8.2446
threshold=1.0000000180025095e-35 -1.0000000180025095e-35 0.78656609248549325 1.0000000180025095e-35 2.7550000000000003 0.96010100249940655 0.91597561503675362 -0.60355339059327362 0.62500000000000011 0.25000000000000011 0.37940952255126054 -0.24999999999999994 1.0000000180025095e-35 -0.24999999999999994 0.93301270189221952 0.68301270189221941 0.45000000000000007 0.083333333333333315 0.12940952255126045 -0.5 0.91597561503675362 -0.37940952255126059 1.0000000180025095e-35 -0.37940952255126059 -0.5 0.9919160630702849 0.25000000000000017 0.62500000000000011 -0.6830127018922193 0.8500000000000002 0.95500000000000007 0.25881904510252091 0.8500000000000002 0.45000000000000007 2.3550000000000004 0.95000000000000007 0.25000000000000006 0.68301270189221941 -0.78656609248549303 1.0000000180025095e-35 0.6830127018922193 0.27367423887636216 1.0000000180025095e-35 0.68301270189221941 0.22500000000000003 0.68301270189221941 -0.98296291314453399 0.73666666666666669 1.0000000180025095e-35 0.25000000000000017 0.58333333333333337 0.25000000000000011 0.68301270189221941 -0.91597561503675329 0.17499999999999996 1.0000000180025095e-35 0.083333333333333315 0.55000000000000016 1.0000000180025095e-35 -0.37940952255126059 0.25000000000000017 0.35000000000000003
decision_type=2 2 2 2 2 2 2 2 2 2 2 2 2 2 2 2 2 2 2 2 2 2 2 2 2 2 2 2 2 2 2 2 2 2 2 2 2 2 2 2 2 2 2 2 2 2 2 2 2 2 2 2 2 2 2 2 2 2 2 2 2 2
left_child=2 5 4 20 8 7 11 40 10 31 12 -5 24 23 35 -13 18 34 52 -12 -4 54 -11 -9 -1 26 -10 -17 -18 -28 -26 -6 45 -34 44 36 37 -7 53 -36 41 43 -24 -2 -14 -27 -19 48 -35 51 -51 -21 -3 -39 -16 -32 -57 58 -38 -59 61 -61
right_child=1 16 3 6 9 14 -8 13 25 22 19 15 17 -15 21 27 28 46 -20 49 -22 -23 42 -25 30 32 29 -29 -30 -31 55 -33 33 47 39 -37 57 38 -40 -41 -42 -43 -44 -45 -46 -47 -48 -49 -50 50 -52 -53 -54 -55 -56 56 -58 59 -60 60 -62 -63
leaf_value=-1.9003121018518199e-05 -4.0516996365281706e-05 -2.3558773419278143e-05 3.5588790993556006e-05 -3.0923360029452146e-06 0.0010887329476407038 -1.7437399165828262e-05 -2.3558773419278143e-05 -3.9447634917328738e-05 4.4654272126044317e-05 0.002606155994090018 0.00041168548065558251 -2.3519168568094328e-05 0.00083005402084696087 -2.4554384244902029e-05 1.9006635909522804e-05 -1.8826304351467031e-06 -2.3558773419278143e-05 6.4763435511441488e-05 -2.3558773419278143e-05 -0.0003799867074038077 -3.3502752267631826e-05 -1.9879424009109958e-05 0.0024077692991241201 -2.4554697015400579e-05 -8.5681417629507875e-05 0.00024734935331531175 -0.00056079319116545236 -3.8809761930712703e-05 -2.3558773419278143e-05 -6.6287845899277989e-05 0.00023977871346072681 -4.3240855503446919e-05 0.00084390908307385433 5.4618585795228742e-05 0.0025470645253983936 -2.2275551949063331e-05 -8.6895411741308167e-06 3.1762418341913579e-05 5.8804363801534289e-05 0.00094014185376629976 -4.1723113510059892e-05 1.797770062822005e-05 0.0010582413363830379 -5.5527858622031011e-05 0.0006152108353297453 0.00072305639467946492 0.0010217443474343935 0.00014934095136716284 -0.0001710080856125879 -0.00028856544890980393 7.9618476037901503e-05 0.00016978898770361183 -2.3558773419278143e-05 -3.2054589379733198e-05 -6.0257903393711538e-05 0.0009704730838933028 0.00055268164119289919 2.4419291147961593e-05 5.1050794565809768e-05 3.6563662459466232e-05 -3.0715489344066095e-05 -5.579906751639065e-05
leaf_weight=537 300 594 710 249 787 1058 709 181 2320 309 523 249 858 344 123 108 941 204 4816 117 717 111 342 185 91 1463 187 132 3615 955 190 119 96 687 146 816 154 106 329 89 193 497 189 83 148 402 1395 816 545 217 127 351 218 108 313 180 229 1198 970 84 112 96
leaf_count=537 300 594 710 249 787 1058 709 181 2320 309 523 249 858 344 123 108 941 204 4816 117 717 111 342 185 91 1463 187 132 3615 955 190 119 96 687 146 816 154 106 329 89 193 497 189 83 148 402 1395 816 545 217 127 351 218 108 313 180 229 1198 970 84 112 96
internal_value=-0.00692486 -0.0157215 0.00189837 -0.0104139 0.00431943 -0.00175632 -0.0185428 -0.00879484 0.0031249 0.0131196 0.00598556 -0.0107172 0.0075295 -0.0171308 0.000494712 -0.0158571 -0.0258144 0.00925026 -0.0245266 0.00127994 -0.00216387 -0.00563869 0.0187634 -0.0112807 0.00354235 0.00105594 -0.00034652 -0.00896266 -0.0273996 -0.00335958 0.00642547 0.00787211 0.00226683 0.000783217 0.0122464 0.00116256 0.00178605 -0.000468165 0.00358456 0.018178 -0.00326816 -0.00183882 0.0156203 -0.00554687 0.0108441 0.00397106 0.00691875 0.000292826 -0.00121655 -0.00162362 -0.00504348 0.000895522 -0.02 -0.00223256 -0.00302059 0.00795 0.0101707 0.00316635 0.00496 0.00181087 -0.00266212 0.00165746
internal_weight=35038 17545 17493 2874 14619 7361 1447 1783 12873 1746 5402 738 4067 710 5578 489 10184 2840 5628 1335 1427 547 840 366 1227 7471 3462 240 4556 1142 690 906 4009 2144 1241 5031 4215 1601 543 235 1073 880 531 383 1006 1865 1599 2048 1232 812 344 468 812 214 436 599 409 2614 1124 1490 292 180
internal_count=35038 17545 17493 2874 14619 7361 1447 1783 12873 1746 5402 738 4067 710 5578 489 10184 2840 5628 1335 1427 547 840 366 1227 7471 3462 240 4556 1142 690 906 4009 2144 1241 5031 4215 1601 543 235 1073 880 531 383 1006 1865 1599 2048 1232 812 344 468 812 214 436 599 409 2614 1124 1490 292 180
is_linear=0
shrinkage=0.03


Tree=106
num_leaves=63
num_cat=0
split_feature=9 8 8 1 6 8 3 8 10 1 8 1 2 8 5 8 10 7 5 7 3 4 10 2 2 8 4 7 10 8 10 10 8 10 4 10 3 2 8 4 2 10 7 7 1 2 7 2 5 2 8 8 8 6 1 8 3 8 7 4 4 4
split_gain=3004.86 2733.48 559.699 178.771 112.529 86.9672 81.2091 81.0681 71.4835 54.0645 37.4874 28.7384 26.1849 23.6124 22.2662 20.3203 20.1812 17.9243 17.3634 17.0646 17.0545 16.5807 16.0008 18.5035 15.8142 14.9055 13.5304 11.5561 11.3487 12.6794 10.6509 10.5787 10.2903 10.1825 12.9922 20.993 13.2577 13.0132 9.8129 10.5402 12.5643 9.72969 8.98793 8.66788 8.52446 8.30871 8.19195 9.73273 10.2068 7.85269 7.09494 7.05827 10.6052 6.94889 6.87752 6.61047 7.42798 8.42926 6.44064 7.31682 6.42167 6.15758
threshold=1.0000000180025095e-35 -1.0000000180025095e-35 0.78656609248549325 2.6150000000000007 0.9919160630702849 -0.60355339059327362 0.57500000000000007 0.91597561503675362 0.25000000000000011 0.015000000000000001 0.37940952255126054 0.085000000000000006 0.55000000000000016 0.12940952255126045 0.083333333333333315 -0.5 0.25000000000000011 1.0415433925049313 0.22500000000000003 0.91900758864905596 0.95000000000000007 0.48333333333333339 -0.24999999999999994 0.8500000000000002 0.15000000000000005 -0.37940952255126059 0.41666666666666669 0.91425987866249747 1.0000000180025095e-35 -0.70710678118654735 -0.5 0.68301270189221941 -0.98296291314453399 1.0000000180025095e-35 0.85833333333333339 -0.6830127018922193 0.25000000000000006 0.55000000000000016 0.37940952255126054 0.48333333333333339 0.8500000000000002 -0.24999999999999994 0.10503346858308692 0.21955316295349356 0.35500000000000004 0.25000000000000006 0.83293623875348777 0.95000000000000007 0.82500000000000007 0.8500000000000002 -0.60355339059327362 1.0000000180025095e-35 -0.5 0.69300588406246244 3.1650000000000005 -0.91597561503675329 0.083333333333333315 -0.60355339059327362 0.88316752674270405 0.68285714285714294 0.083333333333333315 0.058333333333333307
decision_type=2 2 2 2 2 2 2 2 2 2 2 2 2 2 2 2 2 2 2 2 2 2 2 2 2 2 2 2 2 2 2 2 2 2 2 2 2 2 2 2 2 2 2 2 2 2 2 2 2 2 2 2 2 2 2 2 2 2 2 2 2 2
left_child=2 4 3 6 5 49 10 11 24 21 14 22 53 18 32 16 27 20 31 -10 28 -9 -4 -24 54 -14 -15 42 29 -8 61 -3 -1 34 36 -36 55 -38 -30 -40 -41 43 -16 -31 -43 -29 47 -35 -49 -2 -37 52 -21 -7 -5 -6 -57 -58 59 -18 -54 -12
right_child=1 13 7 8 33 12 17 9 19 -11 30 -13 25 26 15 -17 58 -19 -20 51 -22 -23 23 -25 -26 -27 -28 45 38 41 -32 -33 -34 46 35 50 37 -39 39 40 -42 44 -44 -45 -46 -47 -48 48 -50 -51 -52 -53 60 -55 -56 56 57 -59 -60 -61 -62 -63
leaf_value=0.00032264055850209653 -1.3536315729509741e-06 -2.2852010216699798e-05 -4.6559137268365754e-05 0.0010560709592114836 -5.9279298986447646e-05 -2.7119283264546285e-05 -0.00010819728055985342 -2.2852010216699798e-05 0.0014143184932300817 2.7800222615250586e-05 0.00015829572512261766 0.00014520664825951095 -3.084157119647386e-05 -2.2852010216699798e-05 -0.0001641502605123602 0.0011266930662857852 8.4948025452869495e-05 -0.00049000675135242556 -2.2852010216699798e-05 0.001703103411516995 -7.257762578547488e-06 -2.2852010216699798e-05 -2.588725195352604e-05 -2.2813593511051496e-05 0.00069779291159474568 -2.3619561165273577e-05 -2.2852010216699798e-05 -5.3723264785638376e-05 0.00047736357884558807 0.00063601327781672714 -3.7393076157898882e-05 -2.2852010216699798e-05 0.0011168744971878457 2.6189946970023694e-05 4.7581897298119694e-05 -8.4646508929919477e-05 2.4174541227882243e-05 -7.6099048450644061e-06 -0.0002390279132584766 0.00073123011584580726 -6.227086960333678e-05 -0.00032796061616886709 0.00042696919689193285 0.00028724526909890662 0.00026763491773693722 -0.0010547939026180205 -0.00027413500560451512 -2.6514308283701597e-05 2.511106811336938e-05 -4.2669646373668898e-05 -2.6288358527771524e-05 0.001811772157049517 0.0031475656473684576 1.9496753732007832e-05 0.0020187499479155922 1.6709285085939397e-06 -9.4466893383137518e-06 -7.8704951583845599e-05 0.0010070886093077823 0.001003304049216036 0.0027256333646422091 0.00062022895705126724
leaf_weight=332 554 476 519 153 168 82 782 702 248 138 260 148 321 4843 84 774 140 111 797 159 3630 627 478 292 899 312 3884 118 1500 378 699 185 1106 2066 86 116 719 849 195 112 146 208 394 833 179 116 85 344 144 636 86 285 257 95 81 428 106 101 116 100 83 199
leaf_count=332 554 476 519 153 168 82 782 702 248 138 260 148 321 4843 84 774 140 111 797 159 3630 627 478 292 899 312 3884 118 1500 378 699 185 1106 2066 86 116 719 849 195 112 146 208 394 833 179 116 85 344 144 636 86 285 257 95 81 428 106 101 116 100 83 199
internal_value=-0.00703265 -0.0158391 0.00172506 0.00410615 -0.00182491 -0.00788606 0.00272836 -0.0103064 0.0120637 -0.0152657 0.00598784 -0.00523644 -0.0154624 -0.0258796 0.00762572 0.00543679 0.00275023 0.000936223 -0.0222892 0.0177735 0.00110372 -0.0171203 -0.00667442 -0.00941634 0.00685185 -0.0183123 -0.0264769 -0.000168303 0.00237425 0.00098278 0.00134599 -0.0186254 0.0104239 0.000464239 -0.000845865 -0.00685121 -0.000113828 0.0014914 0.00406858 0.000198238 0.00416988 0.00251407 0.00250522 0.00383663 -0.00162371 -0.00561702 0.00178409 0.00209002 -0.00171779 -0.0027204 -0.0121182 0.019949 0.02214 -0.00522472 0.0137872 -0.00324627 -0.00183962 -0.00649038 0.00857143 0.00572614 0.0251613 0.0048913
internal_weight=35064 17483 17581 14677 7298 2000 12512 2904 2165 1467 4438 1437 810 10185 3280 1842 1068 8074 1458 1032 7963 1329 1289 770 1133 633 8727 712 4333 2380 1158 661 1438 5298 2659 288 2371 1568 1953 453 258 1598 478 1211 387 234 2639 2554 488 1190 202 784 499 177 234 803 635 207 356 240 340 459
internal_count=35064 17483 17581 14677 7298 2000 12512 2904 2165 1467 4438 1437 810 10185 3280 1842 1068 8074 1458 1032 7963 1329 1289 770 1133 633 8727 712 4333 2380 1158 661 1438 5298 2659 288 2371 1568 1953 453 258 1598 478 1211 387 234 2639 2554 488 1190 202 784 499 177 234 803 635 207 356 240 340 459
is_linear=0
shrinkage=0.03


Tree=107
num_leaves=63
num_cat=0
split_feature=0 8 0 6 8 2 0 3 8 11 11 8 0 5 8 11 8 2 11 6 11 0 11 11 1 2 8 3 8 0 6 1 0 1 11 7 5 1 6 0 9 0 0 5 8 5 2 1 0 11 8 0 5 1 5 2 9 6 2 9 5 3
split_gain=3962.78 2577.79 211.734 91.8796 98.5325 63.7189 53.1838 40.1877 58.1224 41.1579 34.7186 25.336 26.5229 23.413 21.9575 20.7599 34.9996 25.7918 20.4697 19.1722 19.6451 18.4331 17.2895 17.2789 16.633 14.2629 13.2651 14.8057 13.2597 13.1324 12.1315 11.6824 18.3957 11.618 14.4498 10.1706 9.98588 9.87672 9.59612 9.59357 10.6618 9.35318 9.2948 8.98267 11.0569 8.57007 8.55914 8.40735 10.1824 8.39099 8.02567 7.91677 10.0038 7.73799 7.8426 14.7996 12.1241 9.92552 8.74753 7.54347 7.23335 7.16841
threshold=0.015000000000000001 -1.0000000180025095e-35 2.3950000000000005 0.9919160630702849 -0.60355339059327362 0.15000000000000005 0.075000000000000025 0.35000000000000003 0.37940952255126054 1.0000000180025095e-35 -0.24999999999999994 0.12940952255126045 1.0000000180025095e-35 0.15000000000000005 -0.37940952255126059 0.6830127018922193 -0.37940952255126059 0.55000000000000016 0.6830127018922193 0.9919160630702849 0.93301270189221952 2.9550000000000005 1.0000000180025095e-35 1.0000000180025095e-35 3.2550000000000003 0.55000000000000016 0.37940952255126054 0.8500000000000002 0.60355339059327384 0.025000000000000005 0.31691654995395618 0.17500000000000002 1.7850000000000004 1.2250000000000003 -0.24999999999999994 1.0277614953757979 0.15000000000000005 0.97500000000000009 0.40469693966315429 1.3650000000000004 -0.12940952255126037 0.42500000000000004 1.1950000000000001 0.15000000000000005 -0.5 0.083333333333333315 0.55000000000000016 1.6450000000000002 1.8650000000000004 -0.24999999999999994 -0.91597561503675329 2.9850000000000008 0.35000000000000003 2.0450000000000004 0.71666666666666667 0.75000000000000011 -0.5 0.78953051963513776 0.95000000000000007 0.37940952255126048 0.15000000000000005 0.083333333333333315
decision_type=2 2 2 2 2 2 2 2 2 2 2 2 2 2 2 2 2 2 2 2 2 2 2 2 2 2 2 2 2 2 2 2 2 2 2 2 2 2 2 2 2 2 2 2 2 2 2 2 2 2 2 2 2 2 2 2 2 2 2 2 2 2
left_child=1 3 6 4 18 21 28 8 9 37 14 13 25 -3 38 -5 45 -18 30 20 39 23 24 -4 51 -13 27 35 -2 -30 -1 32 46 34 -28 43 -24 -8 -6 40 53 -42 -39 -21 -45 50 -10 -44 -49 -41 -17 -7 -53 54 57 -56 58 -9 -57 -20 -23 -11
right_child=2 11 5 15 10 22 7 19 31 61 -12 12 -14 -15 -16 16 17 -19 59 26 -22 60 36 -25 -26 -27 33 -29 29 -31 -32 -33 -34 -35 -36 -37 -38 42 -40 49 41 -43 47 44 -46 -47 -48 48 -50 -51 -52 52 -54 -55 55 56 -58 -59 -60 -61 -62 -63
leaf_value=-2.3407832564686716e-05 -1.875131648100329e-05 -2.2166449910198802e-05 0.00070766742820242419 1.225602371581324e-05 -3.7993942359527658e-05 0.00037860240623484033 -7.9385549352898322e-05 0.00016634131498098389 -1.497443157692348e-05 0.00094870590290923901 -2.3169057270980772e-05 -2.2166449910198802e-05 -2.2078253096662288e-05 -2.2166449910198802e-05 -2.3109469269980356e-05 -1.3846451479763754e-05 -5.9545101399013284e-05 -2.6116275502529842e-05 -2.5791823368834146e-05 0.00061941744969109559 -0.00036184682704107308 0.0023677690893065878 0.0022131381833831085 0.0025017349542371553 0.0014310339270532824 -2.2166449910198802e-05 0.00010957394451050651 7.6199933235131378e-05 -2.2035777443898076e-05 -3.2181430107253025e-05 3.7901446931991567e-05 -0.00013474153833588825 0.00092830377953359903 -0.00035881659312022527 -7.0090966130359283e-05 -0.00023453452682990094 0.0013545945970733636 0.0011471299527892414 4.8422368913134766e-05 -0.00016921177507554897 -3.663931255129718e-05 -0.00037140827020375769 -0.00053480174935271075 0.00019184320869753953 0.00093721621761152672 -1.9371597604299401e-05 0.00034362356135295814 0.0011128481028142728 7.248750853975249e-05 -0.00080485796202575818 4.8552572861843085e-05 0.001534041912644879 0.00017870182534144297 0.0019496710735715547 0.00040385249285708024 0.00017227336048807163 -0.00015019483625881077 -5.9620551208324835e-05 -4.323165418633815e-05 -4.602331911984418e-05 0.0014184478591523957 0.00090093156745406572
leaf_weight=281 814 584 253 3127 99 810 285 814 890 710 386 3552 278 889 201 136 111 171 137 544 178 342 148 236 259 5974 804 1640 163 430 405 269 95 169 841 121 114 85 109 350 281 97 92 1053 765 784 160 109 147 184 356 188 127 88 119 343 257 372 750 155 82 887
leaf_count=281 814 584 253 3127 99 810 285 814 890 710 386 3552 278 889 201 136 111 171 137 544 178 342 148 236 259 5974 804 1640 163 430 405 269 95 169 841 121 114 85 109 350 281 97 92 1053 765 784 160 109 147 184 356 188 127 88 119 343 257 372 750 155 82 887
internal_value=-0.00703957 -0.0170281 0.00310374 -0.00191361 -0.0077283 0.0110742 0.00173476 0.00231333 0.00496247 0.0078886 -0.0155653 -0.0256827 -0.0262397 -0.0219607 -0.00943902 0.000288092 -0.00254009 -0.0120848 -0.00134831 0.00130181 -0.000352113 0.0174289 0.00754098 0.0134082 0.00619495 -0.0265078 0.00236948 0.00330989 -0.00381392 -0.00722222 0.00148472 0.000169611 0.00149215 0.000231405 0.00100243 0.00477053 0.0146008 0.00191933 -0.00258373 0.000123085 0.000759129 -0.00395778 0.00476959 0.00520525 0.00418911 -0.000422866 0.000342531 0.0025788 0.00536965 -0.00358879 0.00267748 0.00460924 0.00863924 0.00141035 0.00111822 -0.000346939 -0.00124352 0.00293176 0.000137112 -0.00798635 0.0220235 0.0105695
internal_weight=35200 17735 17465 6458 1773 2559 14906 13499 3729 2315 795 11277 9804 1473 409 4685 1558 282 978 9770 3833 913 1646 489 1384 9526 5937 4123 1407 593 686 1414 1145 1814 1645 2483 262 718 208 3655 3121 378 433 2362 1818 1276 1050 348 256 534 492 1125 315 2743 2655 1469 1350 1186 1093 292 424 1597
internal_count=35200 17735 17465 6458 1773 2559 14906 13499 3729 2315 795 11277 9804 1473 409 4685 1558 282 978 9770 3833 913 1646 489 1384 9526 5937 4123 1407 593 686 1414 1145 1814 1645 2483 262 718 208 3655 3121 378 433 2362 1818 1276 1050 348 256 534 492 1125 315 2743 2655 1469 1350 1186 1093 292 424 1597
is_linear=0
shrinkage=0.03


Tree=108
num_leaves=63
num_cat=0
split_feature=0 8 0 6 8 10 0 0 11 8 8 3 8 9 5 5 11 8 0 11 10 8 11 8 10 7 3 9 11 2 8 0 11 0 10 2 11 0 2 7 2 3 7 10 5 5 11 9 9 0 6 8 3 2 11 6 10 0 10 2 7 10
split_gain=3976.26 2516.63 175.26 97.8087 79.6773 77.0123 41.733 37.1916 30.4317 29.9395 27.7239 26.9559 30.6656 26.01 30.1281 25.5347 25.171 23.458 22.4085 20.9022 19.7651 17.3164 16.218 13.8891 15.8294 17.0163 13.8596 13.5877 17.6137 18.0528 12.6331 18.7293 12.3768 12.192 10.8848 16.8988 10.8287 10.531 10.4715 9.88188 9.85473 9.52241 9.37645 9.00093 8.69982 8.69051 8.59347 8.28412 8.07781 8.06731 7.43598 7.4323 8.97707 7.12294 6.98799 6.63016 6.542 9.65668 6.50526 6.4472 6.44644 6.38401
threshold=0.015000000000000001 -1.0000000180025095e-35 2.1150000000000007 0.96010100249940655 -0.60355339059327362 0.25000000000000011 3.0150000000000001 0.075000000000000025 0.25000000000000017 1.0000000180025095e-35 0.12940952255126045 0.8500000000000002 0.37940952255126054 -0.12940952255126037 0.083333333333333315 0.15000000000000005 0.93301270189221952 -0.37940952255126059 3.1050000000000004 -0.24999999999999994 -0.6830127018922193 -0.37940952255126059 -0.5 -0.5 0.25000000000000011 0.68122099342661457 0.45000000000000007 0.78656609248549303 0.6830127018922193 0.75000000000000011 0.60355339059327384 0.025000000000000005 1.0000000180025095e-35 1.1150000000000004 -0.6830127018922193 0.55000000000000016 0.25000000000000017 1.0000000180025095e-35 0.45000000000000007 0.8963572602047265 0.55000000000000016 0.35000000000000003 0.56999037990919998 0.25000000000000011 0.55000000000000016 0.63333333333333341 0.25000000000000017 -0.70710678118654757 0.37940952255126048 0.17500000000000002 0.97587888928342192 -0.91597561503675329 0.35000000000000003 0.95000000000000007 1.0000000180025095e-35 0.56988722470830055 0.25000000000000011 1.2850000000000004 0.25000000000000011 0.8500000000000002 0.88682688334940096 0.25000000000000011
decision_type=2 2 2 2 2 2 2 2 2 2 2 2 2 2 2 2 2 2 2 2 2 2 2 2 2 2 2 2 2 2 2 2 2 2 2 2 2 2 2 2 2 2 2 2 2 2 2 2 2 2 2 2 2 2 2 2 2 2 2 2 2 2
left_child=1 3 7 4 36 8 9 30 18 22 15 12 13 14 -9 58 27 -18 -4 21 -12 44 -7 24 25 42 -10 51 -29 -30 -2 -32 43 54 -14 56 -1 38 -22 -24 60 -8 -16 45 -6 59 -37 -34 -38 53 -25 52 -5 -47 -15 -50 -36 -58 -3 -13 -27 -54
right_child=2 10 5 16 19 6 41 11 26 -11 20 32 34 33 23 -17 17 -19 -20 -21 37 -23 39 50 -26 40 -28 28 29 -31 31 -33 47 -35 35 46 48 -39 -40 -41 -42 -43 -44 -45 -46 49 -48 -49 55 -51 -52 -53 61 -55 -56 -57 57 -59 -60 -61 -62 -63
leaf_value=4.1371325616397585e-06 -1.0382462215662085e-05 -2.1501456412892838e-05 0.00011965129265868123 -2.4257948391034839e-05 1.0626905539086627e-05 0.00091379565547851198 0.0025140057742238054 0.0009426894215483877 0.0017344428827422769 0.00044369980322256472 -2.1501456412892838e-05 -8.864584676440427e-05 0.00015908184425891868 -3.1221261515573111e-06 0.0001751258758036942 -2.1501456412892838e-05 -2.6186844222889864e-05 -1.8323345711413233e-05 0.0012125009651343987 -2.2186643273815685e-05 -2.1501456412892838e-05 -2.2416185191880941e-05 0.0016745900263731815 4.7971283453783759e-05 0.00077300826095882339 0.00045172435451509781 0.00048507729462825608 1.6481345618194962e-06 -3.3091973491150754e-05 -2.8044351659702156e-05 -2.1381871363007394e-05 -2.8198052657889293e-05 -9.7634716755602696e-06 -0.00069000595920135131 -0.00013161405938399661 0.00017503874451426458 -6.5593130203953071e-06 -2.141590550376242e-05 -2.1501456412892838e-05 0.0023015641784749738 -0.001098513865695867 0.002333794377475587 0.001070585071358453 0.00015652111068917846 -3.7286857661052192e-05 0.00023131477209496957 -4.4867789811217312e-05 -0.00010830946359890674 -3.3692562782241153e-05 -7.5624270143263695e-05 0.0010155849466788691 2.2707768281298306e-05 -1.0600103319610178e-05 3.4006452522564179e-07 0.00024919782775813037 -4.4084147448212948e-05 -5.3646554039138428e-05 0.00013982841577023507 -2.1501456412892838e-05 0.00018760834204369954 -0.00046631952048567846 2.3683793566020937e-05
leaf_weight=478 812 302 1261 174 81 171 299 972 304 423 2359 180 810 738 304 862 479 110 311 340 2054 172 179 158 466 130 120 1599 235 152 174 440 1281 88 395 391 155 224 5181 315 193 128 89 908 105 84 360 726 90 1406 1055 1814 139 161 286 113 427 168 273 524 205 137
leaf_count=478 812 302 1261 174 81 171 299 972 304 423 2359 180 810 738 304 862 479 110 311 340 2054 172 179 158 466 130 120 1599 235 152 174 440 1281 88 395 391 155 224 5181 315 193 128 89 908 105 84 360 726 90 1406 1055 1814 139 161 286 113 427 168 273 524 205 137
internal_value=-0.00725215 -0.0172999 0.00290317 -0.00223564 -0.00883388 0.00889237 0.0139908 0.0013932 0.00501753 0.010854 -0.0258289 0.00191668 0.00310531 0.00454642 0.00579345 -0.0218846 -0.000142562 -0.00594915 0.00308964 -0.016309 -0.0264039 -0.0111978 0.0148198 0.00410611 0.00205331 -0.000227766 0.0121412 0.000663373 -0.00114746 -0.00688144 -0.00319552 -0.00643902 0.000284576 0.000539084 0.000458464 -0.000878301 -0.00258065 -0.0271729 -0.0273756 0.0175758 -0.00374291 0.0219393 0.00449239 0.00142463 -0.00481283 0.000445671 0.0025133 -0.00156873 -0.00651811 -0.000744552 0.00644975 0.00225166 -0.00119734 0.00426829 0.00146341 -0.0104412 -0.00345106 -0.00145973 -0.0169271 0.00323404 -0.000625 0.00216606
internal_weight=35070 17628 17442 6373 1534 3511 1515 13931 1996 1088 11255 12505 7235 4684 3572 1437 4839 589 1572 698 9818 358 665 2600 1387 921 424 4250 1986 387 1426 614 5270 1112 2551 1741 836 7459 7235 494 528 427 393 3263 186 2355 751 2007 358 1651 1213 2264 450 245 1024 203 990 595 575 704 335 276
internal_count=35070 17628 17442 6373 1534 3511 1515 13931 1996 1088 11255 12505 7235 4684 3572 1437 4839 589 1572 698 9818 358 665 2600 1387 921 424 4250 1986 387 1426 614 5270 1112 2551 1741 836 7459 7235 494 528 427 393 3263 186 2355 751 2007 358 1651 1213 2264 450 245 1024 203 990 595 575 704 335 276
is_linear=0
shrinkage=0.03


Tree=109
num_leaves=63
num_cat=0
split_feature=0 8 0 10 9 0 0 2 3 8 11 2 8 5 0 11 10 9 10 11 5 1 8 11 10 0 8 3 9 2 11 5 11 5 9 0 11 7 0 11 5 3 11 0 8 8 7 10 8 7 5 0 7 8 3 0 2 7 0 10 2 0
split_gain=3847.89 2546.57 172.942 60.8454 59.5189 54.7283 41.962 41.8203 32.2102 49.9478 34.0257 30.8018 29.4667 29.5902 28.2324 24.117 22.8069 16.5778 15.9482 15.8848 15.8179 15.1066 20.3287 13.93 13.6321 13.4487 20.9859 13.0688 12.6539 10.1534 14.546 15.2018 9.97211 9.88195 11.4842 9.70233 9.44738 9.02699 8.96385 11.0232 8.93962 10.4874 19.9802 15.3525 10.9697 10.7546 8.82766 8.50234 8.22198 8.01534 7.99253 10.9705 15.7111 7.60227 7.6305 7.49606 7.44471 7.43202 9.56055 7.32208 8.0765 7.24316
threshold=0.015000000000000001 -1.0000000180025095e-35 2.4550000000000005 1.0000000180025095e-35 0.91597561503675351 0.15500000000000003 2.9550000000000005 0.8500000000000002 0.35000000000000003 0.37940952255126054 0.25000000000000017 0.75000000000000011 0.12940952255126045 0.35000000000000003 1.0000000180025095e-35 1.0000000180025095e-35 -0.5 0.78656609248549303 -0.6830127018922193 0.25000000000000017 0.22500000000000003 1.0250000000000001 0.25881904510252091 0.6830127018922193 0.68301270189221941 0.03500000000000001 0.25881904510252091 0.52500000000000013 -0.9159756150367534 0.55000000000000016 0.6830127018922193 0.15000000000000005 0.25000000000000017 0.083333333333333315 -0.37940952255126015 0.94500000000000006 -0.24999999999999994 1.0172029338051012 0.85500000000000009 -0.5 0.95000000000000007 0.95000000000000007 -0.24999999999999994 0.50500000000000012 0.60355339059327384 0.78656609248549325 0.31213561149866886 -0.93301270189221908 -0.5 0.49192376210317618 0.083333333333333315 2.0950000000000002 0.90482202982202986 -0.91597561503675329 0.35000000000000003 3.3550000000000004 0.55000000000000016 0.18336550836550838 1.2050000000000003 -0.6830127018922193 0.25000000000000006 1.3650000000000004
decision_type=2 2 2 2 2 2 2 2 2 2 2 2 2 2 2 2 2 2 2 2 2 2 2 2 2 2 2 2 2 2 2 2 2 2 2 2 2 2 2 2 2 2 2 2 2 2 2 2 2 2 2 2 2 2 2 2 2 2 2 2 2 2
left_child=1 4 5 19 11 25 15 29 9 10 16 47 13 24 18 28 -7 32 -14 48 55 33 35 -9 -3 26 -2 -20 -5 -6 31 -31 -13 38 40 -23 -19 -37 39 -10 41 42 43 -35 -44 57 61 -1 -4 -27 59 52 -52 54 -49 -8 -11 58 -45 -12 -61 -43
right_child=2 12 3 6 7 8 20 23 21 56 50 17 14 -15 -16 -17 -18 36 27 -21 -22 22 -24 -25 -26 49 -28 -29 -30 30 -32 -33 -34 34 -36 37 -38 -39 -40 -41 -42 46 44 45 -46 -47 -48 53 -50 -51 51 -53 -54 -55 -56 -57 -58 -59 -60 60 -62 -63
leaf_value=-3.1966431192656198e-05 -9.9776215129695242e-06 -2.0856412720506051e-05 -0.00019451078895927785 0.00012264470331599609 -1.3803891477002302e-05 -0.00055059561396727532 0.0020531270087278718 -2.1728203054055025e-05 0.00019373169723037979 -1.5190832422497784e-05 0.00078299998506753507 7.5130506764646208e-06 -2.0856412720506051e-05 -2.0856412720506051e-05 -2.0773428338649546e-05 0.0021634150414504244 0.00039525507791517974 -3.3681691635963879e-05 -2.0856412720506051e-05 0.0017412306494123874 0.0012464980534364638 0.00086203614090088194 -0.00013629276588520976 -1.7594191194356179e-05 -2.0856412720506051e-05 -2.3187760747389041e-05 -2.3136640790496318e-05 -2.0856412720506051e-05 0.0012428158726500228 1.5734058483215197e-05 -3.0964590149623943e-05 -2.4736414190007865e-05 -2.068986285110108e-05 0.00075923284158455615 -7.0008818174862588e-05 0.0005082157769621254 -2.3343865358702139e-05 -0.00047196718015305784 0.00059089317993893744 -6.3094299541092548e-05 0.0003186294046997015 6.580443963396104e-06 0.00019333724154167869 0.0012613175514624522 -0.00012899532985760265 -0.00010945335362863031 -0.00024143893920140934 -2.1606262962047028e-05 0.00057406731720817113 5.6470813107724529e-05 0.0010167225984654082 0.0019583789435207084 -4.0468834492387585e-05 2.5826316956305541e-05 1.3937475014232002e-05 0.0031214589167163124 0.00028773289680460574 0.00024704523376345265 0.00033621629909230341 0.0012712273269490499 0.0010225852546654184 -0.00047035005242901325
leaf_weight=223 390 524 167 219 614 232 401 343 154 1108 173 705 2292 735 279 210 694 241 2620 164 106 407 634 148 198 1779 291 4502 250 108 85 163 924 97 1249 1829 371 93 155 219 223 1614 1192 102 328 119 191 196 691 120 469 98 189 2140 150 128 163 81 93 300 190 92
leaf_count=223 390 524 167 219 614 232 401 343 154 1108 173 705 2292 735 279 210 694 241 2620 164 106 407 634 148 198 1779 291 4502 250 108 85 163 924 97 1249 1829 371 93 155 219 223 1614 1192 102 328 119 191 196 691 120 469 98 189 2140 150 128 163 81 93 300 190 92
internal_value=-0.00716668 -0.0170738 0.00283022 0.0104236 -0.00200717 0.0016524 0.014692 -0.00732558 0.00247418 0.00486038 0.00745524 -0.000436275 -0.0257358 -0.0217078 -0.026339 0.00948529 0.00297735 -0.00303747 -0.0266192 0.00492669 0.0202358 0.00150118 0.00324899 -0.0144512 -0.0173444 -0.00232468 -0.00593842 -0.027334 0.00568085 -0.00370752 -0.00773109 -0.00430147 -0.00145399 0.000624365 0.000239688 0.00454506 -0.00724307 0.00365055 0.00453686 0.00200535 0.00100169 0.000667519 0.00217586 0.00742394 0.000473373 0.00477273 -0.000932561 0.00171587 0.00328289 -0.00102632 0.0103732 0.00824306 0.00682853 0.00221954 -0.00190202 0.0223585 7.07547e-05 0.00801444 0.0111735 0.0127861 0.014664 -0.000246046
internal_weight=34965 17561 17404 2336 6411 15068 1314 1461 12488 3616 2345 4950 11150 1457 9693 679 926 2241 9414 1022 635 8872 2963 491 722 2580 681 7122 469 970 356 271 1629 5909 5381 2329 612 1922 528 373 4132 3909 2012 492 1520 395 1897 2709 858 1899 1419 756 658 2486 346 529 1271 276 195 663 490 1706
internal_count=34965 17561 17404 2336 6411 15068 1314 1461 12488 3616 2345 4950 11150 1457 9693 679 926 2241 9414 1022 635 8872 2963 491 722 2580 681 7122 469 970 356 271 1629 5909 5381 2329 612 1922 528 373 4132 3909 2012 492 1520 395 1897 2709 858 1899 1419 756 658 2486 346 529 1271 276 195 663 490 1706
is_linear=0
shrinkage=0.03


Tree=110
num_leaves=63
num_cat=0
split_feature=0 8 0 6 8 2 0 11 8 11 0 5 3 8 0 8 8 9 5 5 11 9 11 4 8 7 6 2 5 8 8 11 8 11 0 7 11 0 4 4 5 3 3 6 6 6 2 11 5 5 0 7 5 7 7 0 11 9 11 0 4 0
split_gain=3817.03 2638.7 166.208 108.038 91.5952 60.8697 42.2338 32.6547 28.3263 25.9841 25.9957 24.4607 24.3385 35.5359 24.2129 22.0392 22.9951 20.7839 20.049 19.5992 18.4026 18.3534 23.6304 26.2123 16.4023 14.3494 13.8389 12.9748 11.9817 11.7611 11.5016 11.4512 11.2989 10.8295 9.27277 8.96081 8.88797 8.5702 8.15114 7.89039 7.87464 7.73486 7.68084 7.52391 7.51647 7.36961 7.28174 7.27157 7.19692 7.1796 7.17695 7.09806 7.01582 11.2154 8.69856 6.34365 6.2829 8.58443 6.27684 6.22993 6.16305 8.57561
threshold=0.015000000000000001 -1.0000000180025095e-35 2.0950000000000002 0.9919160630702849 -0.70710678118654735 0.15000000000000005 0.065000000000000016 -0.24999999999999994 0.12940952255126045 1.0000000180025095e-35 3.0350000000000006 0.15000000000000005 0.75000000000000011 0.37940952255126054 1.0000000180025095e-35 1.0000000180025095e-35 -0.5 0.1294095225512602 0.22500000000000003 0.083333333333333315 -0.5 0.78656609248549303 0.6830127018922193 0.58333333333333337 -0.37940952255126059 0.9230993235070114 0.21090423132313618 0.55000000000000016 0.35000000000000003 -0.91597561503675329 0.25881904510252091 -0.24999999999999994 0.25881904510252091 0.6830127018922193 3.1050000000000004 1.0105403491230265 1.0000000180025095e-35 0.025000000000000005 0.58333333333333337 0.29285714285714293 0.22500000000000003 0.75000000000000011 0.62500000000000011 0.84272314683140503 0.91428148076137306 0.20078576419566965 0.8500000000000002 0.25000000000000017 0.55000000000000016 0.63333333333333341 0.42500000000000004 0.96402165082213731 0.55000000000000016 0.39433425312296105 0.15309904689519735 0.63500000000000012 0.6830127018922193 0.37940952255126048 -0.5 0.93500000000000016 0.48333333333333339 0.35500000000000004
decision_type=2 2 2 2 2 2 2 2 2 2 2 2 2 2 2 2 2 2 2 2 2 2 2 2 2 2 2 2 2 2 2 2 2 2 2 2 2 2 2 2 2 2 2 2 2 2 2 2 2 2 2 2 2 2 2 2 2 2 2 2 2 2
left_child=1 3 6 4 20 15 30 24 11 10 32 -3 13 17 27 16 58 19 -11 31 -1 36 -23 -24 48 -18 -22 -10 -12 40 -2 -8 43 -31 47 44 -5 -32 55 -9 -14 -25 -20 -7 59 -35 -26 51 -6 -16 -19 -17 53 -47 -54 -15 -28 -58 -4 -21 61 -46
right_child=2 8 5 21 7 9 12 39 14 18 28 -13 29 38 49 34 25 50 42 35 26 22 23 41 46 -27 56 -29 -30 33 37 -33 -34 45 -36 -37 -38 -39 -40 -41 -42 -43 -44 -45 60 52 -48 -49 -50 -51 -52 -53 54 -55 -56 -57 57 -59 -60 -61 -62 -63
leaf_value=3.7728948323333796e-05 -2.2492127924967353e-05 -2.0230720338890869e-05 0.00035457995438033403 4.0761641496610753e-05 5.8317105797575938e-05 -0.00028625968691925848 0.0003405143378732528 -2.6625994761044357e-05 -2.0230720338890869e-05 0.0019931244741713257 0.0014339894623616599 -2.0230720338890869e-05 0.00015772842898346837 -3.5804781252624122e-05 -2.0150225488490061e-05 -2.1625860097981285e-05 0.0016537121005704546 1.2591794218401939e-05 0.0017291244623681879 0.00026908929369182349 -3.9658590434776787e-05 3.519272610925106e-06 -3.2551052583934054e-05 -4.6882463288627252e-05 -2.327941292500835e-05 0.0025755060791622796 1.839889086876865e-05 -2.0230720338890869e-05 0.00071657905645639399 5.7090311924561861e-05 -2.0039148755976025e-05 0.0008131152309411385 -0.00016163466734369858 -0.00018413406133089614 0.0019010100522663829 -0.00024088947772998498 7.2109145455949945e-06 -3.3665409178765649e-05 0.00012050640028289059 -2.0898457222349824e-05 -8.7369940561963407e-05 -2.2698945804859909e-05 -0.00016641860497799255 0.00052471932839047832 0.00059027799252484633 -0.00027035650539958365 -2.109185354450286e-05 0.0015301961745031699 -3.4941434395986524e-05 -2.0150225488490061e-05 -0.00039469912518055053 0.000665625847060346 0.00019654012149509999 0.00062684264116266285 -0.00016556900583441231 2.2189113398870806e-05 2.0062655132726746e-06 -5.1142645319064826e-05 0.0014583265096705898 -0.00050191230963574974 0.00080551039889198038 0.00028606739071783752
leaf_weight=282 733 559 127 836 83 129 346 119 3534 296 287 902 187 700 192 135 95 328 97 103 189 1563 344 83 112 319 283 5903 150 4114 166 832 391 99 92 198 1679 383 356 270 1158 146 111 907 92 193 83 97 114 87 98 135 384 92 324 1130 106 124 170 103 845 914
leaf_count=282 733 559 127 836 83 129 346 119 3534 296 287 902 187 700 192 135 95 328 97 103 189 1563 344 83 112 319 283 5903 150 4114 166 832 391 99 92 198 1679 383 356 270 1158 146 111 907 92 193 83 97 114 87 98 135 384 92 324 1130 106 124 170 103 845 914
internal_value=-0.00726564 -0.0171212 0.00269047 -0.00178588 -0.00810306 0.00849392 0.00121046 -0.0157673 -0.0259232 0.00572393 0.00408579 -0.0219767 0.00173851 0.00311115 -0.0265144 0.0140905 0.0174017 0.00484197 0.0117624 0.00561736 -0.00201015 0.00061264 -0.00143191 -0.00663763 -0.00961832 0.0219759 -0.00460882 -0.0267737 0.0104795 0.000471612 -0.00397506 0.00875318 0.00212185 0.00111773 0.00893478 0.00397606 0.00234897 -0.00725455 5.48697e-05 -0.0219231 -0.00202823 -0.0144783 0.0045933 0.00376085 0.00456268 -0.00153705 -0.0157653 0.0067663 -0.00348485 -0.0176786 -0.00140515 0.00420664 -0.000754527 -0.00472028 0.000846262 -0.000753687 -0.0020428 -0.00571429 0.0109732 -0.000869565 0.00516739 0.00357498
internal_weight=35009 17593 17416 6416 1765 3538 13878 781 11177 2368 1864 1461 12596 6045 9716 1170 711 3859 504 3433 984 4651 2136 573 392 414 702 9437 437 6551 1282 1178 1427 5206 459 2255 2515 549 2186 389 1345 229 208 1036 2057 1092 195 367 197 279 426 270 993 285 708 1830 513 230 297 206 1851 1006
internal_count=35009 17593 17416 6416 1765 3538 13878 781 11177 2368 1864 1461 12596 6045 9716 1170 711 3859 504 3433 984 4651 2136 573 392 414 702 9437 437 6551 1282 1178 1427 5206 459 2255 2515 549 2186 389 1345 229 208 1036 2057 1092 195 367 197 279 426 270 993 285 708 1830 513 230 297 206 1851 1006
is_linear=0
shrinkage=0.03


Tree=111
num_leaves=63
num_cat=0
split_feature=0 8 0 6 8 2 0 11 8 3 2 8 8 0 5 10 8 11 5 10 11 8 8 6 10 8 0 4 1 0 1 0 2 5 10 8 10 4 10 0 0 4 10 10 11 10 8 11 1 3 11 2 3 1 10 0 5 1 10 11 10 8
split_gain=3931.84 2469.36 176.835 101.432 69.7213 55.853 41.8693 33.5543 31.0626 28.9142 28.2741 27.8038 26.4151 25.1087 23.7512 22.0953 22.0887 23.3058 29.3242 20.6917 20.2764 22.8833 19.3373 19.0846 16.7243 17.7557 15.7776 14.4059 13.9326 13.8756 14.004 15.0605 13.8087 12.9641 12.6296 11.9447 11.8867 11.8507 11.6759 11.5355 11.1393 11.1186 11.9104 10.5856 11.2092 10.1084 9.99998 9.88937 9.85604 9.63835 10.5894 9.60703 9.47131 9.14295 10.232 9.14188 9.00628 8.842 8.82255 10.5481 8.81119 8.75335
threshold=0.015000000000000001 -1.0000000180025095e-35 2.0950000000000002 0.84272314683140503 -0.60355339059327362 0.15000000000000005 0.065000000000000016 0.6830127018922193 -0.37940952255126059 0.95000000000000007 0.55000000000000016 1.0000000180025095e-35 0.12940952255126045 1.0000000180025095e-35 0.15000000000000005 -0.6830127018922193 0.37940952255126054 0.25000000000000017 0.083333333333333315 0.25000000000000011 -0.24999999999999994 -0.37940952255126059 -0.5 0.70439444458987499 0.25000000000000011 -0.5 2.8650000000000007 0.17499999999999996 0.24500000000000002 0.41500000000000004 0.95500000000000007 0.97500000000000009 0.45000000000000007 0.95000000000000007 1.0000000180025095e-35 0.60355339059327384 0.68301270189221941 0.058333333333333307 -0.6830127018922193 3.1050000000000004 0.025000000000000005 0.96250000000000002 1.0000000180025095e-35 -0.24999999999999994 0.25000000000000017 0.68301270189221941 -0.78656609248549303 0.93301270189221952 0.44166666650000003 0.25000000000000006 -0.24999999999999994 0.15000000000000005 0.8500000000000002 0.015000000000000001 0.68301270189221941 0.88500000000000012 0.45000000000000007 1.0250000000000001 -0.24999999999999994 0.25000000000000017 -0.6830127018922193 -0.78656609248549303
decision_type=2 2 2 2 2 2 2 2 2 2 2 2 2 2 2 2 2 2 2 2 2 2 2 2 2 2 2 2 2 2 2 2 2 2 2 2 2 2 2 2 2 2 2 2 2 2 2 2 2 2 2 2 2 2 2 2 2 2 2 2 2 2
left_child=1 3 6 4 43 11 35 41 27 16 -10 22 14 15 36 -14 17 28 38 56 21 -6 45 -20 25 -25 -21 -9 53 48 -31 -32 -17 57 -24 -2 -3 -18 -19 -13 -37 42 -5 -1 -45 -4 -29 49 -30 -39 -51 -40 -27 54 -8 -52 58 -11 59 -7 -58 -44
right_child=2 12 5 7 20 19 9 8 10 33 -12 39 13 -15 -16 32 37 18 23 26 -22 -23 34 24 -26 52 -28 46 29 30 31 -33 -34 -35 -36 40 -38 47 51 -41 -42 -43 61 44 -46 -47 -48 -49 -50 50 55 -53 -54 -55 -56 -57 60 -59 -60 -61 -62 -63
leaf_value=3.7523337309199737e-06 -2.637002180855362e-05 -1.9623798728724143e-05 0.00060741638065584078 -2.2462078301236156e-06 -3.271071505292875e-05 0.00021909365820455107 -0.00022074625071160522 1.4875214512725473e-05 -4.5754675111381779e-05 -4.3011520182697629e-05 -2.2017977430714111e-05 0.00046163405844000467 -1.9623798728724143e-05 -1.9545718723835357e-05 -1.9623798728724143e-05 -1.9623798728724143e-05 -3.7462665769559743e-05 0.00031718448698291545 -0.00054632001189548166 0.0010061327290022913 -2.0263833232507855e-05 -2.0459097938167777e-05 0.0015857382626055039 -7.3040787724693016e-05 0.00077670746562123023 0.00098222045931311511 0.002067970744866966 -1.4940895537220661e-05 0.00025449058724989445 -8.5053783378899456e-05 0.0013458304699896383 0.00018326609031236313 -1.9623798728724143e-05 0.00015365372349212869 0.0026938053955961514 -1.9194449014025037e-05 -1.9623798728724143e-05 0.00021879042678238592 0.0011177932691346262 0.0019426937969113578 -3.3696047887066292e-05 -5.1574063393978223e-05 -7.0831465575826174e-06 -3.4833759708643545e-05 -4.3435686904137066e-05 0.0018549024576342077 -6.1042102192734854e-05 -0.00020675756479036071 0.00097104682229129542 0.00013946167793787783 -6.5975439505960439e-05 0.00097057530008785636 -0.00019557289439353412 -0.00023572451293472698 0.00017210460717335244 0.00062222942606443533 0.00059998081882452095 0.00020241777670124221 0.00076423068949090227 0.0010170900997248022 -0.00029780240063372265 3.8100341853520756e-05
leaf_weight=305 728 394 151 1507 152 628 80 442 120 2839 200 357 2316 276 926 2030 1267 161 119 566 265 152 146 669 877 537 261 540 176 603 168 1310 5241 513 287 168 164 313 194 89 370 186 416 206 146 143 413 167 80 656 492 327 130 191 95 162 304 485 199 203 230 1361
leaf_count=305 728 394 151 1507 152 628 80 442 120 2839 200 357 2316 276 926 2030 1267 161 119 566 265 152 146 669 877 537 261 540 176 603 168 1310 5241 513 287 168 164 313 194 89 370 186 416 206 146 143 413 167 80 656 492 327 130 191 95 162 304 485 199 203 230 1361
internal_value=-0.00745994 -0.0173962 0.00265738 -0.00251248 -0.0102689 0.00861711 0.00112624 -0.000676822 -0.00410839 0.00164843 -0.0125234 0.0139779 -0.0258045 -0.0263717 -0.0220202 -0.0266302 0.00259829 0.00369885 0.00551244 0.00598244 -0.0179474 -0.0125902 0.0175962 0.00390913 0.0045393 0.00242334 0.00981884 -0.00217049 0.0016753 0.0025278 0.0017147 0.003286 -0.0274546 -0.00052371 0.0216359 -0.00407261 -0.0170662 0.000539568 0.010981 0.00805369 -0.00745826 0.00101988 0.00142466 -0.00360182 -0.00713881 0.0115932 -0.00424528 0.00211055 0.00910506 0.00282635 0.00169336 0.0131609 0.00588323 -0.00376022 0.00119318 -0.00100763 0.00394888 -0.00120902 0.00558681 0.00421875 0.000785047 0.00308774
internal_weight=35199 17758 17441 6411 1226 3564 13877 5185 1715 12611 320 1173 11347 9863 1484 9587 8774 5717 3014 2391 569 304 727 2332 2213 1336 827 1395 2703 2337 2081 1478 7271 3837 433 1266 558 3057 682 446 538 3470 3284 657 352 294 953 1790 256 1623 1310 521 667 366 175 654 1564 3324 1030 831 534 1777
internal_count=35199 17758 17441 6411 1226 3564 13877 5185 1715 12611 320 1173 11347 9863 1484 9587 8774 5717 3014 2391 569 304 727 2332 2213 1336 827 1395 2703 2337 2081 1478 7271 3837 433 1266 558 3057 682 446 538 3470 3284 657 352 294 953 1790 256 1623 1310 521 667 366 175 654 1564 3324 1030 831 534 1777
is_linear=0
shrinkage=0.03


Tree=112
num_leaves=63
num_cat=0
split_feature=0 8 1 6 8 8 4 0 11 0 8 3 0 11 0 0 11 11 8 2 6 7 0 2 8 4 8 4 2 8 0 3 8 3 11 9 8 2 2 11 8 11 4 6 8 6 7 7 2 4 8 4 7 7 2 4 8 8 4 7 7 7
split_gain=3887.73 2550.78 164.287 99.784 81.173 52.5958 49.1499 41.028 28.9233 30.571 26.4044 25.4425 24.698 24.402 20.9888 20.825 20.7994 20.7956 41.8851 23.6144 19.4557 17.9413 16.965 16.0153 15.9668 14.2715 14.08 13.1769 12.3264 12.0154 22.7231 11.0675 10.5176 10.3127 9.44749 9.85319 9.25556 9.193 8.3761 10.8079 8.32025 7.9944 7.2663 7.14048 7.0504 7.32818 6.97205 7.39801 6.94362 6.91357 8.22941 6.86622 6.69379 6.97048 6.4936 6.29381 10.3224 7.03333 6.26458 6.14781 10.8589 7.60959
threshold=0.015000000000000001 -1.0000000180025095e-35 2.1550000000000007 0.96010100249940655 -0.60355339059327362 0.25881904510252091 0.058333333333333307 0.29500000000000004 -0.5 3.2250000000000005 0.12940952255126045 0.8500000000000002 1.0000000180025095e-35 0.25000000000000017 1.1450000000000002 1.1050000000000002 0.6830127018922193 0.6830127018922193 -0.37940952255126059 0.55000000000000016 0.39171654935837491 0.90881375312573154 2.8850000000000002 0.55000000000000016 -0.5 0.31666666666666671 0.25881904510252091 0.083333333333333315 0.65000000000000002 0.37940952255126054 0.025000000000000005 0.35000000000000003 -0.37940952255126059 0.083333333333333315 -0.5 0.37940952255126048 1.0000000180025095e-35 0.35000000000000003 0.95000000000000007 0.93301270189221952 1.0000000180025095e-35 0.6830127018922193 0.96250000000000002 0.9919160630702849 -0.70710678118654735 0.20078576419566965 0.9230993235070114 0.78683005995509703 0.25000000000000006 0.17499999999999996 -0.78656609248549303 0.85833333333333339 0.88316752674270405 0.97071909891988073 0.65000000000000002 0.41666666666666669 -0.25881904510252113 -0.25881904510252113 0.58333333333333337 0.98115360191154799 0.90881375312573154 0.094904775295781438
decision_type=2 2 2 2 2 2 2 2 2 2 2 2 2 2 2 2 2 2 2 2 2 2 2 2 2 2 2 2 2 2 2 2 2 2 2 2 2 2 2 2 2 2 2 2 2 2 2 2 2 2 2 2 2 2 2 2 2 2 2 2 2 2
left_child=1 3 7 4 34 6 8 29 9 36 27 13 23 25 26 -8 20 42 49 -20 -6 -10 -7 -12 52 59 31 -3 -26 38 -31 -15 -22 -16 -1 -36 48 -13 39 -2 -23 -39 -5 -30 -40 -46 47 -45 -4 -19 -51 -33 -17 -54 -37 57 -57 -35 -28 60 61 -9
right_child=2 10 5 17 16 22 15 11 21 -11 12 37 -14 14 33 24 -18 18 19 -21 32 40 -24 -25 28 -27 58 -29 43 30 -32 51 -34 55 35 54 -38 41 44 -41 -42 -43 -44 46 45 -47 -48 -49 -50 50 -52 -53 53 -55 -56 56 -58 -59 -60 -61 -62 -63
leaf_value=2.4706132753602453e-05 6.4192744779512163e-05 -1.9035084766862417e-05 0.000118162343925583 1.248218045313926e-05 -1.9845325000022741e-05 -4.7041742600604231e-05 0.0028591482654619443 8.1483176199701469e-05 0.0010381646203145721 0.0019979891268926951 -1.9035084766862417e-05 0.00077402948390885198 -1.8959347162120295e-05 0.00087292115410153603 0.0010432129400795409 -0.00046525982651705042 -1.6113133674538747e-05 1.5081893193137681e-05 -5.5451359575667237e-05 -2.2358415601265613e-05 -2.6036722310329143e-05 0.0023941458751254386 0.0010524204331633347 -1.9035084766862417e-05 0.001122236926946405 0.00037810059215892463 -5.1081860598806635e-05 -1.9035084766862417e-05 -0.00074111855271481177 -1.8862140822875994e-05 -2.3286055455457579e-05 5.2408889313215324e-05 -2.0779028514120483e-05 0.0002569738934733312 3.0447889328892585e-06 3.0067010874370353e-07 -0.00034261025279961552 4.1599358857501778e-05 -8.4775914807277308e-05 -0.00022224013982366882 0.0015642488916146457 -0.00016299156591561198 -6.1959789313019914e-05 0.001793832392961972 -3.0131342712236275e-05 0.00025666252039537149 0.0019131807505242337 -0.00033086969572984957 0.00088298120193135426 5.5036209012135434e-06 -4.9907295175090244e-05 0.00084836726319206259 0.0010483957429940026 -0.00066948928198650945 -3.8877218067765729e-05 0.0017529771791003708 0.00083890052977688757 0.00096393581690644545 0.00017258683024973755 -9.7586908004065881e-05 0.00049682857418097354 -7.3366263133014525e-05
leaf_weight=260 1269 478 159 3098 271 583 83 778 219 226 3575 90 278 439 392 88 131 434 120 196 147 521 85 5884 441 766 450 972 97 175 1674 362 147 329 198 86 84 2990 658 149 169 507 149 82 174 130 81 125 203 476 384 150 105 93 308 102 170 429 224 393 238 903
leaf_count=260 1269 478 159 3098 271 583 83 778 219 226 3575 90 278 439 392 88 131 434 120 196 147 521 85 5884 441 766 450 972 97 175 1674 362 147 329 198 86 84 2990 658 149 169 507 149 82 174 130 81 125 203 476 384 150 105 93 308 102 170 429 224 393 238 903
internal_value=-0.00720196 -0.0171443 0.0028592 -0.00204652 -0.00867657 0.00872569 0.0105438 0.00140941 0.0140139 0.00927192 -0.0257875 0.00248327 -0.0263555 0.00365818 0.00556102 0.00594482 -0.0162697 6.79292e-05 -0.00271881 -0.0124921 -0.0137279 0.0175055 0.00116592 -0.0266163 0.00485175 0.0017733 0.00322878 -0.0219573 0.00696493 -0.00105674 -0.00287027 0.00557773 -0.00833898 0.00822207 -0.0024619 -0.00455312 0.00469799 0.000476589 0.000352793 0.00181818 0.0198842 0.000231561 0.00145012 0.00303109 -0.00180685 0.00196721 0.00539792 0.00245192 0.00677686 -0.000324324 -0.00188153 0.0025731 -0.00125436 0.00180905 -0.00729114 0.00663434 0.0105495 0.00521739 -8.88889e-05 0.000596628 0.00129687 0.000445898
internal_weight=34977 17592 17385 6405 1548 3444 2776 13941 1581 672 11187 9712 9737 6125 3047 1195 696 4857 1610 316 565 909 668 9459 1112 3078 1625 1450 826 4229 1849 951 294 1422 852 592 446 3587 2380 1418 690 3497 3247 385 962 304 288 207 362 1294 860 512 286 198 394 1030 272 758 674 2312 1919 1681
internal_count=34977 17592 17385 6405 1548 3444 2776 13941 1581 672 11187 9712 9737 6125 3047 1195 696 4857 1610 316 565 909 668 9459 1112 3078 1625 1450 826 4229 1849 951 294 1422 852 592 446 3587 2380 1418 690 3497 3247 385 962 304 288 207 362 1294 860 512 286 198 394 1030 272 758 674 2312 1919 1681
is_linear=0
shrinkage=0.03


Tree=113
num_leaves=63
num_cat=0
split_feature=0 8 1 6 8 0 11 11 0 11 6 8 5 0 0 8 11 8 4 4 2 2 5 8 5 8 4 0 4 11 7 6 11 7 0 7 1 8 0 8 3 6 11 6 1 3 7 8 0 6 1 4 7 0 8 4 1 1 7 0 11 8
split_gain=3812.15 2485.6 176.033 84.9803 87.798 44.0503 45.627 42.6644 32.8447 31.6611 29.2699 28.7325 28.7257 27.9962 25.1872 24.0975 18.88 27.9755 23.1132 17.9191 15.2325 13.6091 13.6075 12.2969 17.7299 14.792 12.1626 11.9898 11.2201 10.3151 13.6718 11.7286 10.1882 10.1251 10.0187 9.91654 9.87296 8.64823 8.51083 8.66591 8.47869 8.41263 8.35631 8.10789 7.94331 7.93974 7.87209 7.83714 8.79627 7.64721 7.6394 7.51236 8.62438 22.4096 15.2658 10.1433 8.33847 7.39204 17.7066 7.15308 7.1324 10.2906
threshold=0.015000000000000001 -1.0000000180025095e-35 2.6150000000000007 0.9919160630702849 -0.60355339059327362 1.5050000000000001 0.25000000000000017 -0.5 3.4550000000000005 -0.24999999999999994 0.9919160630702849 0.12940952255126045 0.35000000000000003 1.0000000180025095e-35 0.075000000000000025 -0.37940952255126059 0.6830127018922193 -0.37940952255126059 0.58333333333333337 0.058333333333333307 0.15000000000000005 0.55000000000000016 0.083333333333333315 1.0000000180025095e-35 0.22500000000000003 -0.5 0.17499999999999996 3.1350000000000002 0.17499999999999996 -0.9330127018922193 0.0833175564811309 0.32212462018004401 -0.5 0.93159993239505889 2.1150000000000007 1.0510357296071584 0.065000000000000016 0.37940952255126054 1.6150000000000004 1.0000000180025095e-35 0.35000000000000003 0.20078576419566965 0.6830127018922193 0.27367423887636216 3.0250000000000004 0.45000000000000007 0.91131538972146353 0.78656609248549325 0.025000000000000005 0.6284387002523627 1.2050000000000003 0.78333333333333355 0.033451032562071846 1.905 0.25881904510252091 0.083333333333333315 2.2950000000000004 1.2050000000000003 0.60573843017785955 1.7850000000000004 0.6830127018922193 -0.91597561503675329
decision_type=2 2 2 2 2 2 2 2 2 2 2 2 2 2 2 2 2 2 2 2 2 2 2 2 2 2 2 2 2 2 2 2 2 2 2 2 2 2 2 2 2 2 2 2 2 2 2 2 2 2 2 2 2 2 2 2 2 2 2 2 2 2
left_child=1 3 5 4 22 14 51 8 27 15 -8 12 42 21 36 49 40 28 -19 33 -12 -13 -1 24 35 -26 -11 38 -18 31 37 -25 -24 -9 46 -16 47 -31 -4 -40 -5 -34 -3 -17 -21 -36 50 -2 -49 -6 -22 52 53 -7 55 56 59 -57 -59 -54 -43 -62
right_child=2 11 7 16 9 6 10 19 -10 26 20 13 -14 -15 23 43 17 18 -20 44 34 -23 32 29 25 -27 -28 -29 -30 30 -32 -33 41 -35 45 -37 -38 -39 39 -41 -42 60 -44 -45 -46 -47 -48 48 -50 -51 -52 -53 54 -55 -56 57 -58 58 -60 -61 61 -63
leaf_value=7.3990103878813078e-05 -2.4933100421475755e-05 -1.8464032223856546e-05 0.001646228858801585 -4.7093414925023296e-06 -3.1492476784501666e-05 6.7641512646848256e-05 -0.00085651359979445286 0.0014644629564024108 0.0027519703081437114 -2.2899746653140705e-05 0.0012625276473808488 -1.8464032223856546e-05 -1.8464032223856546e-05 -1.8390566747256688e-05 0.00037484829177151483 -1.924996525002206e-05 2.1359603541753687e-05 -3.4998536728471583e-05 -2.0516212083106239e-05 0.00077466475117239587 0.0008002754871273154 -1.8464032223856546e-05 1.5595138936272662e-05 -0.00014102294828473766 -1.0519751881983215e-05 0.00028479758200543147 -1.8573056656698264e-05 0.0012312885798241879 -2.0330454527418101e-05 0.00030544868218274898 -0.00010268541028529699 0.00020770901491999226 -3.7415086191628108e-05 0.0022448344368956263 0.001852469336926652 -0.00018680068994902599 0.0001121668422795855 -1.1604817547838062e-06 0.0006811701229367395 -9.961497191580848e-05 1.7831264209122661e-05 1.8341723600546563e-05 -1.8464032223856546e-05 -2.2463922509272045e-05 0.0019502148634345478 0.00074230329072904613 -0.00012621321725244495 -1.8059918561344268e-05 -2.8501996379476319e-05 6.9904973209210838e-05 0.00091038285224840699 0.00081448972114305125 0.00082504149734972303 0.0015621413234551129 -0.00020036992504266935 -0.00055761481492563045 0.00084910208966205709 0.00084214654690411227 -0.00013576893746124584 3.6349501176117792e-05 4.7504055948560319e-06 -4.7719503210981736e-05
leaf_weight=101 817 563 85 1139 117 199 98 134 86 96 479 3526 745 273 1636 87 427 179 123 182 216 5922 251 92 2746 886 304 277 828 435 1235 345 159 480 143 135 110 2610 449 332 1969 240 162 112 90 105 152 157 351 84 230 161 120 81 578 137 195 171 476 303 90 122
leaf_count=101 817 563 85 1139 117 199 98 134 86 96 479 3526 745 273 1636 87 427 179 123 182 216 5922 251 92 2746 886 304 277 828 435 1235 345 159 480 143 135 110 2610 449 332 1969 240 162 112 90 105 152 157 351 84 230 161 120 81 578 137 195 171 476 303 90 122
internal_value=-0.00734929 -0.0172015 0.00256238 -0.00233318 -0.00794218 0.0014474 0.00422887 0.0106758 0.00704878 -0.0152809 0.00849017 -0.0257407 -0.0217811 -0.0263372 0.000521807 -0.00927681 -0.000212173 -0.00290757 -0.0110891 0.0156933 0.00966063 -0.0266123 -0.0018361 0.0010493 0.00202628 0.000825764 -0.0212469 0.00569056 -0.000931529 -6.99449e-05 -0.00051857 0.00431507 -0.0030591 0.0185366 0.0072255 0.00448646 -0.00319638 0.000561392 0.00394464 0.00295396 0.00113863 -0.00514706 -0.0174793 -0.01665 0.00923077 0.0122892 0.00510851 -0.00391403 -0.00683694 -0.00193069 0.00711409 0.00172172 0.00127377 0.00619217 0.000575467 0.00226657 0.00513732 0 0.00134259 0.00275943 -0.00304636 -0.00704225
internal_weight=35133 17619 17514 6428 1763 15399 3844 2115 1229 800 1423 11191 1470 9721 11555 400 4665 1557 302 886 1325 9448 963 10120 5403 3632 400 1143 1255 4717 4280 437 862 614 846 1771 1435 3045 866 781 3108 611 725 199 272 248 598 1325 508 201 446 2421 2260 280 1980 1402 618 784 647 423 452 212
internal_count=35133 17619 17514 6428 1763 15399 3844 2115 1229 800 1423 11191 1470 9721 11555 400 4665 1557 302 886 1325 9448 963 10120 5403 3632 400 1143 1255 4717 4280 437 862 614 846 1771 1435 3045 866 781 3108 611 725 199 272 248 598 1325 508 201 446 2421 2260 280 1980 1402 618 784 647 423 452 212
is_linear=0
shrinkage=0.03


Tree=114
num_leaves=63
num_cat=0
split_feature=0 8 0 9 10 2 11 0 0 8 5 0 1 10 11 0 10 5 8 11 5 8 8 5 8 0 2 3 1 0 8 11 8 0 0 5 8 11 10 9 0 4 2 1 10 0 0 9 3 3 11 0 5 8 0 5 4 3 11 0 0 0
split_gain=3801.63 2462.67 164.527 57.4717 56.8356 55.5627 48.5173 43.2729 32.634 29.4152 27.9697 27.0987 20.7482 29.09 18.9545 19.2485 18.7154 16.668 14.7991 13.9424 13.0005 13.9274 12.6763 13.1962 13.6567 18.7691 11.9718 10.828 10.7289 10.6657 10.6393 10.9119 10.4871 10.3594 10.167 9.38481 9.35163 9.34271 8.94464 8.83697 16.1749 14.3995 14.2137 13.6907 24.1438 13.6616 9.88715 8.64024 8.50701 8.26542 8.10111 7.94881 7.57588 7.5664 7.4088 7.32744 9.84901 7.26657 6.91719 10.6417 9.5696 6.82731
threshold=0.015000000000000001 -1.0000000180025095e-35 2.1150000000000007 0.78656609248549303 0.25000000000000011 0.55000000000000016 0.6830127018922193 0.075000000000000025 1.0000000180025095e-35 0.12940952255126045 0.15000000000000005 2.9550000000000005 0.95500000000000007 0.25000000000000011 0.25000000000000017 3.1350000000000002 -0.6830127018922193 0.15000000000000005 1.0000000180025095e-35 -0.5 0.083333333333333315 -0.91597561503675329 0.25881904510252091 0.71666666666666667 -0.5 1.7850000000000004 0.45000000000000007 0.62500000000000011 0.025000000000000005 0.81500000000000006 1.0000000180025095e-35 0.25000000000000017 0.78656609248549325 0.025000000000000005 1.8650000000000004 0.083333333333333315 -0.37940952255126059 0.25000000000000017 0.68301270189221941 -0.5 0.99500000000000011 0.68285714285714294 0.8500000000000002 1.0000000180025095e-35 -0.5 1.675 1.0950000000000004 0.60355339059327384 0.45000000000000007 0.45000000000000007 1.0000000180025095e-35 1.1533333333333335 0.083333333333333315 -0.37940952255126059 0.042500000000000003 0.083333333333333315 0.29285714285714293 0.45000000000000007 1.0000000180025095e-35 1.2650000000000003 0.97500000000000009 1.9350000000000003
decision_type=2 2 2 2 2 2 2 2 2 2 2 2 2 2 2 2 2 2 2 2 2 2 2 2 2 2 2 2 2 2 2 2 2 2 2 2 2 2 2 2 2 2 2 2 2 2 2 2 2 2 2 2 2 2 2 2 2 2 2 2 2 2
left_child=1 3 7 19 14 -5 17 28 9 10 38 18 39 22 15 -4 -11 -7 27 47 21 -21 23 24 25 35 -18 50 32 -25 31 61 -2 -34 -32 -14 -19 51 -3 41 -41 43 -43 44 -9 58 -45 -1 -16 -44 -6 -37 -17 -8 -30 -33 -57 -13 59 -46 -60 -15
right_child=2 8 4 5 11 6 53 12 -10 16 -12 57 13 30 48 52 26 36 -20 20 -22 -23 -24 29 -26 -27 -28 -29 54 -31 34 55 33 -35 -36 37 -38 -39 -40 40 -42 42 49 46 45 -47 -48 -49 -50 -51 -52 -53 -54 -55 -56 56 -58 -59 60 -61 -62 -63
leaf_value=8.3648588089931349e-05 -4.9754201006752087e-05 -1.7910111257140849e-05 0.00016145735761751044 -2.1510995416394383e-06 0.0012747200455970197 4.1853724377678613e-06 -2.7792862256850624e-05 0.00043643682160414903 -1.7838849744838985e-05 -1.7910111257140849e-05 -1.7910111257140849e-05 0.0020749540833286013 0.00081688215049698857 0.00059071350108186533 0.0013875755567798397 0.0014509803938823572 -1.7910111257140849e-05 -2.2366370187391065e-05 0.00057409864152664853 -1.5930142388203213e-05 -1.7410719092323303e-05 2.814436208425655e-05 -0.00016608376300171644 0.00067555790046023234 0.00087468311228682373 -0.00051629344285586659 -1.7910111257140849e-05 0.0012502618566897705 0.00012533034787193793 -0.0004282833476512149 -9.489319023224585e-05 0.0023444494774475964 -1.776164628377565e-05 -3.2980110545370173e-05 0.00067611656968997373 0.00077041733199925515 -1.8672466292521397e-05 -0.00054512863189419363 -1.7910111257140849e-05 1.2221517635881314e-06 -0.00043332886563859945 0.00066817951804150214 0.00098351847740060609 -2.064690906449451e-05 0.00063262690473339775 0.00046772765663495526 -0.00055653306544765934 1.5075065618727207e-05 0.0004450525916792325 6.4881246413119392e-05 0.0024586889677164171 4.1536657482333371e-05 0.00099479424305502317 -1.7200531137035095e-05 -3.0111837865693679e-05 0.00023489356941148841 0.001587224934230057 0.0019722096473466836 -0.00019200234004497577 -0.0001568334475944913 5.829181391682592e-05 -0.00021594880777576318
leaf_weight=251 740 404 1231 1187 191 278 234 678 297 2294 891 378 211 531 308 85 2061 485 416 261 1714 762 495 98 603 208 5129 194 91 276 235 113 146 323 94 154 473 183 153 3537 157 463 192 827 126 120 296 475 111 1656 222 198 216 231 100 90 152 100 432 126 211 81
leaf_count=251 740 404 1231 1187 191 278 234 678 297 2294 891 378 211 531 308 85 2061 485 416 261 1714 762 495 98 603 208 5129 194 91 276 235 113 146 323 94 154 473 183 153 3537 157 463 192 827 126 120 296 475 111 1656 222 198 216 231 100 90 152 100 432 126 211 81
internal_value=-0.00743052 -0.0172686 0.00251265 -0.00233785 0.00837533 -0.0054621 -0.00893655 0.00106067 -0.0257124 -0.0259801 -0.0219462 0.012763 0.0016191 0.00349718 0.00499488 0.00344423 -0.0265936 -0.00582053 0.00999023 0.000268476 -0.000712199 0.00196289 0.00155748 0.00265528 0.00387035 0.00163351 -0.0273592 0.012977 -0.00394004 -0.0024 0.00712413 0.00870868 -0.00498347 -0.00848936 0.00245455 0.00385542 -0.00769552 0.00173507 -0.0166129 0.000826343 -0.000292287 0.00163222 0.00338668 0.000191693 0.00189492 -0.00103346 -0.00237544 0.00396149 0.0106429 0.0022066 0.0157246 0.00458924 0.0102318 -0.0171888 0.00265625 0.0128933 0.00987654 0.0186639 -0.00231027 0.00189723 -0.00395963 0.00626427
internal_weight=34975 17580 17395 6351 3452 2888 1701 13943 11229 10932 1448 1501 12543 3722 1951 1532 9484 1236 1023 3463 2737 1023 2426 1931 1557 954 7190 607 1400 374 1296 967 1209 469 329 746 958 535 557 8821 3694 5127 2311 2816 1693 1015 1123 726 419 1848 413 352 301 465 191 355 242 478 895 252 643 612
internal_count=34975 17580 17395 6351 3452 2888 1701 13943 11229 10932 1448 1501 12543 3722 1951 1532 9484 1236 1023 3463 2737 1023 2426 1931 1557 954 7190 607 1400 374 1296 967 1209 469 329 746 958 535 557 8821 3694 5127 2311 2816 1693 1015 1123 726 419 1848 413 352 301 465 191 355 242 478 895 252 643 612
is_linear=0
shrinkage=0.03


Tree=115
num_leaves=63
num_cat=0
split_feature=0 8 0 6 8 10 0 3 8 0 11 0 8 11 5 1 9 11 8 10 11 1 8 7 0 0 5 3 0 11 7 11 7 11 9 10 9 6 10 11 8 5 8 1 10 10 8 10 3 6 5 0 9 7 7 7 11 7 5 6 5 0
split_gain=3803.26 2490.15 143.999 105.645 86.8379 50.0533 41.4355 30.6589 29.0645 28.9401 28.7701 26.5809 25.8802 24.8458 22.12 20.5464 18.9847 30.8784 18.075 16.1016 14.8072 15.2973 13.4521 13.0095 15.6483 12.9456 11.7886 11.0763 10.8336 10.4089 9.99464 9.8555 9.56851 9.40946 13.2681 8.99737 9.26075 8.8169 8.7722 9.40125 14.3724 8.96198 8.73212 8.12703 9.1997 8.00706 10.0027 7.97536 7.92716 7.45948 11.0161 7.93013 7.47119 8.97609 8.76155 8.65072 7.42096 8.74084 12.3133 7.9871 7.36486 7.26021
threshold=0.015000000000000001 -1.0000000180025095e-35 2.3950000000000005 0.96010100249940655 -0.70710678118654735 0.25000000000000011 0.065000000000000016 0.75000000000000011 0.37940952255126054 1.0000000180025095e-35 1.0000000180025095e-35 2.8650000000000007 0.12940952255126045 -0.24999999999999994 0.35000000000000003 1.0000000180025095e-35 0.91597561503675351 0.6830127018922193 -0.37940952255126059 -0.6830127018922193 0.25000000000000017 3.4250000000000003 0.78656609248549325 0.58281840330496826 1.7050000000000003 0.025000000000000005 0.083333333333333315 0.45000000000000007 2.1150000000000007 -0.24999999999999994 0.9230993235070114 1.0000000180025095e-35 1.0127409894611834 -0.24999999999999994 -0.70710678118654757 -0.24999999999999994 0.37940952255126048 0.72773610537564315 1.0000000180025095e-35 0.25000000000000017 -0.78656609248549303 0.82500000000000007 -0.91597561503675329 2.3950000000000005 -0.5 -0.5 0.78656609248549325 0.25000000000000011 0.11666666666666667 0.54269012772290737 0.63333333333333341 0.72500000000000009 -0.37940952255126015 0.22492423682459903 0.4540277854542189 0.31213561149866886 0.6830127018922193 0.61193346825060269 0.55000000000000016 0.96010100249940655 0.82500000000000007 0.32500000000000007
decision_type=2 2 2 2 2 2 2 2 2 2 2 2 2 2 2 2 2 2 2 2 2 2 2 2 2 2 2 2 2 2 2 2 2 2 2 2 2 2 2 2 2 2 2 2 2 2 2 2 2 2 2 2 2 2 2 2 2 2 2 2 2 2
left_child=1 3 6 4 29 20 15 8 10 12 43 31 14 18 -3 22 38 -18 -6 -14 21 -4 -2 24 45 -24 -12 -21 32 -1 -13 -7 -28 49 56 -31 -37 -38 42 40 -40 -41 -5 44 -8 46 -10 -42 -22 50 -9 52 53 -51 -55 -54 -35 58 -58 61 -44 -60
right_child=2 9 5 16 13 11 7 33 23 -11 26 30 19 -15 -16 -17 17 -19 -20 27 48 -23 25 -25 -26 -27 28 -29 -30 35 -32 -33 -34 34 -36 36 37 -39 39 41 47 -43 60 -45 -46 -47 -48 -49 -50 51 -52 -53 55 54 -56 -57 57 -59 59 -61 -62 -63
leaf_value=1.4406115952890832e-05 -4.7164510144768759e-05 -1.7372807919426624e-05 0.00033703035745687447 -2.2533083517118046e-05 -2.9518268442183424e-05 0.00057956144094124752 -0.00024635905861766284 0.00028030955390506224 0.00045881122831381262 -1.7303684252493814e-05 0.0006413834977530967 0.0012166788046400817 -1.7372807919426624e-05 -1.7748452644006702e-05 -1.7372807919426624e-05 5.2322838106019947e-05 -2.5256572588084387e-06 -2.2243067593497521e-05 -1.8112292303745755e-05 -1.7372807919426624e-05 0.002671913987404476 0.0016289134462507109 -1.7228796895262379e-05 -0.00012649639140950816 0.0008270169933781668 -3.394942140162251e-05 0.00055182679787338438 -1.7372807919426624e-05 0.001406735281786154 -1.7278340420094264e-05 0.0020284123593526469 0.0017052433354911422 -0.00032940119264106727 0.00011572995650574238 -7.9749921791400465e-05 -2.6215224953276576e-05 -3.2453520566639521e-05 -3.7723193371846975e-05 -8.7496881618828726e-06 -1.3554174248981014e-05 1.0711331619594477e-05 4.5250400766578996e-05 9.7225486326501197e-06 0.00080882826125666272 9.7028700207511947e-05 -1.4688330459537851e-05 -2.8399768180074666e-05 6.9998631824610917e-05 0.0006527051509419323 0.00034210775961388939 -4.4858110695374582e-05 3.7845281754270706e-05 -1.9826075023708003e-05 -9.110577097110578e-05 0.00053645631100157599 0.00021864698899614211 -0.0003719890827921421 0.0011036487310253039 5.7773421892656495e-05 0.00033008681279344252 -6.6708767193029861e-05 -0.00048260993618455344
leaf_weight=320 694 736 1119 411 175 313 531 199 361 276 1024 128 2318 353 740 192 809 297 179 2435 88 90 143 459 166 272 1516 4768 178 227 500 223 141 1138 1254 110 108 82 273 648 153 93 1445 268 817 1037 276 562 103 412 923 1299 290 89 84 282 187 106 99 325 129 155
leaf_count=320 694 736 1119 411 175 313 531 199 361 276 1024 128 2318 353 740 192 809 297 179 2435 88 90 143 459 166 272 1516 4768 178 227 500 223 141 1138 1254 110 108 82 273 648 153 93 1445 268 817 1037 276 562 103 412 923 1299 290 89 84 282 187 106 99 325 129 155
internal_value=-0.00743147 -0.0172558 0.00248656 -0.00226824 -0.00906752 0.00905263 0.00135742 0.00184622 0.00327675 -0.0257291 0.00468499 0.0136481 -0.0259711 -0.016822 -0.0222207 -0.00375576 -7.46733e-05 -0.00352304 -0.0111549 -0.0265501 0.00522484 0.00399174 -0.00532432 0.000534783 0.00166214 -0.00959135 0.00649301 -0.027264 0.00504902 -0.00258255 0.0178378 0.00871508 0.0042883 0.000429636 -0.000735069 -0.00517045 -0.00857143 -0.0125654 0.000952894 0.00251445 0.00442872 -4.04313e-05 -0.000407855 0.00148423 0.000533729 0.00078806 0.0034326 0.00666201 0.0129687 0.00149204 -0.000534283 0.00241758 0.0042228 0.0066041 0.000862069 0.0017801 0.000775733 -0.00130584 -0.00242503 -0.000258621 0.000609524 -0.00423529
internal_weight=35128 17647 17481 6374 1554 2564 14917 13616 6774 11273 4475 1164 10997 707 1476 1301 4820 1106 354 9521 1400 1209 1109 2299 1840 415 2859 7203 1835 847 628 536 1657 6842 3264 527 300 190 3714 1729 988 741 1985 1616 1348 1674 637 715 191 3578 1122 2456 1157 585 173 572 2010 872 766 579 1574 254
internal_count=35128 17647 17481 6374 1554 2564 14917 13616 6774 11273 4475 1164 10997 707 1476 1301 4820 1106 354 9521 1400 1209 1109 2299 1840 415 2859 7203 1835 847 628 536 1657 6842 3264 527 300 190 3714 1729 988 741 1985 1616 1348 1674 637 715 191 3578 1122 2456 1157 585 173 572 2010 872 766 579 1574 254
is_linear=0
shrinkage=0.03


Tree=116
num_leaves=63
num_cat=0
split_feature=0 8 0 6 8 2 0 11 8 8 0 2 5 0 11 11 8 6 8 9 8 2 7 5 0 5 7 11 7 5 0 8 11 8 6 11 8 4 0 11 1 11 0 1 7 6 7 2 1 8 4 1 2 9 8 11 11 11 5 5 9 11
split_gain=3726.27 2501.37 121.624 105.862 85.4997 39.6184 36.5766 31.3418 39.2435 27.4033 27.1679 26.4258 25.9571 22.8803 28.0782 18.8015 18.0172 18.138 17.7184 15.685 19.6019 15.0259 14.1427 14.0657 13.419 12.4764 14.7545 19.7768 13.0319 11.2713 9.78862 23.0818 9.49127 11.7222 15.3227 10.2908 9.17677 8.95766 8.85238 8.82283 8.64775 8.48962 8.47672 13.9966 7.74242 7.65445 7.62135 7.47408 7.43373 11.2422 7.11539 7.5586 7.05824 6.97966 10.4764 12.5005 7.11265 10.1675 6.84406 7.14291 6.83286 8.74648
threshold=0.015000000000000001 -1.0000000180025095e-35 2.0950000000000002 0.96010100249940655 -0.60355339059327362 0.15000000000000005 0.17500000000000002 0.6830127018922193 -0.37940952255126059 0.12940952255126045 1.0000000180025095e-35 0.55000000000000016 0.35000000000000003 3.3050000000000002 -0.5 -0.24999999999999994 0.25881904510252091 0.81569335171151025 -0.37940952255126059 -0.70710678118654757 1.0000000180025095e-35 0.55000000000000016 0.0833175564811309 0.083333333333333315 2.4750000000000005 0.22500000000000003 1.030863172612676 1.0000000180025095e-35 0.8770602672972877 0.45000000000000007 0.03500000000000001 0.60355339059327384 -0.5 -0.91597561503675329 0.21090423132313618 0.6830127018922193 1.0000000180025095e-35 0.68285714285714294 1.1150000000000004 0.25000000000000017 1.8450000000000004 -0.68301270189221952 0.54500000000000015 0.29500000000000004 0.83293623875348777 0.2363322112254401 0.97432427743659145 0.45000000000000007 2.2150000000000003 -0.25881904510252113 0.29285714285714293 2.3050000000000002 0.65000000000000002 0.78656609248549303 -0.78656609248549303 -0.5 -0.5 -0.24999999999999994 0.71666666666666667 0.55000000000000016 -0.12940952255126037 -0.5
decision_type=2 2 2 2 2 2 2 2 2 2 2 2 2 2 2 2 2 2 2 2 2 2 2 2 2 2 2 2 2 2 2 2 2 2 2 2 2 2 2 2 2 2 2 2 2 2 2 2 2 2 2 2 2 2 2 2 2 2 2 2 2 2
left_child=1 3 6 4 32 13 30 53 -9 12 21 -10 -3 14 -4 18 17 -7 45 20 23 -11 38 44 48 26 28 -28 -21 50 31 41 37 -34 -35 -36 -26 -1 39 -22 -24 -2 -25 -44 -8 -6 47 -30 -16 -50 -19 -52 -17 54 55 -5 -56 -58 59 -45 61 -27
right_child=2 9 5 7 15 16 19 8 11 10 -12 -13 -14 -15 24 52 -18 29 -20 25 22 -23 40 42 36 60 27 -29 46 -31 -32 -33 33 34 35 -37 -38 -39 -40 -41 -42 -43 43 58 -46 -47 -48 -49 49 -51 51 -53 -54 -55 56 -57 57 -59 -60 -61 -62 -63
leaf_value=-2.6881943863100785e-05 6.7468268224846331e-05 -1.6851623681843822e-05 0.0001457040945799437 7.4237159759364403e-05 -3.0031563486251282e-05 -0.00042402125667142799 0.00096952732512932448 -8.7030903463156554e-06 -5.1000437507352666e-05 -1.6851623681843822e-05 -1.6784573724919e-05 -1.9714173698033324e-05 -1.6851623681843822e-05 0.0023946365911045328 0.0012697264649050421 -3.0798715996686167e-05 -3.9192245317484215e-05 0.0010211628406180374 -1.756892353463338e-05 6.5910118227102408e-05 0.00024630903748199722 -1.6851623681843822e-05 -0.00010744008250591768 0.00036558184716275365 0.0022281944453119195 0.00010371388029687511 -0.00019623077036845917 0.00038945179706316522 0.00078953139736967883 0.00054009181011391847 -1.3006347592260341e-05 -1.9111742177996784e-05 8.9345391429479676e-06 -3.5071800016683634e-05 1.3861261996491285e-05 -4.2690488093799623e-05 0.00090574526417933955 5.0740564196324126e-05 0.00058841913160029009 -1.8788676018900025e-05 0.00026598986654583824 -5.347475637390235e-05 -0.00065903006661683109 0.00046223463870597722 0.0015857105272102166 1.3559352878435115e-05 0.00020959974364314181 0.0002176404396277598 0.0013422812136258877 -0.00012273317551261153 0.0011049900579305255 0.0002091036207194935 -1.4623427977341995e-05 2.9317530365103889e-06 2.4073075142404219e-05 -5.4273275234076495e-06 0.00014028855509950328 6.0427843925864463e-05 9.0384348522156428e-05 0.00096783740648359172 -0.00013550601793034577 -5.1382342836120973e-05
leaf_weight=136 119 751 335 139 80 158 130 1308 114 3599 267 195 749 133 111 92 440 988 182 1876 194 5988 1119 517 271 1155 203 150 249 493 2122 282 193 121 183 98 149 121 553 570 436 268 104 739 129 98 177 97 89 90 81 196 261 1613 335 680 101 382 417 332 577 1317
leaf_count=136 119 751 335 139 80 158 130 1308 114 3599 267 195 749 133 111 92 440 988 182 1876 194 5988 1119 517 271 1155 203 150 249 493 2122 282 193 121 183 98 149 121 553 570 436 268 104 739 129 98 177 97 89 90 81 196 261 1613 335 680 101 382 417 332 577 1317
internal_value=-0.00753563 -0.0171867 0.00234928 -0.00223846 -0.00902299 0.00731542 0.00108003 -5.54643e-05 -0.00346724 -0.0256539 -0.0262344 -0.0130645 -0.0218254 0.0118066 0.0102964 -0.0166807 0.00506576 0.00632238 -0.0118006 0.00185564 0.00304522 -0.0264987 0.00137835 0.00506543 0.0136709 0.000780765 0.00224482 -0.00347458 0.0030875 0.00719727 -0.00198782 -0.00514925 -0.00260258 -0.00468121 -0.00759305 -0.0037234 0.0171021 0.0022093 0.00366464 0.00156863 -0.000559126 -0.000386598 0.00425118 0.00316384 0.0116538 -0.00502793 0.00727099 0.00985591 0.00865979 0.00483333 0.00869668 0.00442446 -0.0216102 0.00164257 0.00302198 0.000621951 0.00542125 0.00774793 0.00390866 0.00517724 -0.000540984 0.000145572
internal_weight=35152 17786 17366 6432 1565 3534 13832 4867 1617 11354 9854 309 1500 1178 1045 713 2356 1916 360 11041 5240 9587 2872 2368 710 5801 2752 353 2399 1758 2791 669 852 595 402 281 420 257 1317 764 1555 387 2109 1592 259 178 523 346 290 179 1265 277 353 3250 1637 819 818 483 1488 1071 3049 2472
internal_count=35152 17786 17366 6432 1565 3534 13832 4867 1617 11354 9854 309 1500 1178 1045 713 2356 1916 360 11041 5240 9587 2872 2368 710 5801 2752 353 2399 1758 2791 669 852 595 402 281 420 257 1317 764 1555 387 2109 1592 259 178 523 346 290 179 1265 277 353 3250 1637 819 818 483 1488 1071 3049 2472
is_linear=0
shrinkage=0.03


Tree=117
num_leaves=63
num_cat=0
split_feature=0 8 1 6 8 0 11 0 0 11 5 8 5 3 11 11 8 2 7 8 8 1 2 8 0 5 8 5 5 4 3 0 3 11 5 0 11 1 4 3 11 6 8 0 3 2 5 8 2 11 11 5 1 4 0 0 7 8 3 7 3 0
split_gain=3699.1 2442.71 117.026 79.0266 74.1753 47.0917 40.0007 32.2192 31.4102 29.8465 27.4245 25.257 28.1267 25.088 29.1981 21.0531 31.2362 21.1238 19.1084 16.2467 15.6664 15.177 13.9885 13.3835 19.1826 11.6223 10.7524 9.79659 9.63784 12.3808 13.131 11.9646 10.7794 10.2319 9.45293 8.69052 9.17797 10.7057 8.63433 10.2717 8.58036 12.952 12.0374 8.44499 7.77255 7.60965 8.72395 10.7365 15.8458 10.1816 9.3862 8.11503 7.4857 7.47688 7.76602 6.70125 7.88647 9.34194 11.8482 12.6727 7.0634 6.58101
threshold=0.015000000000000001 -1.0000000180025095e-35 2.6150000000000007 0.96010100249940655 -0.70710678118654735 0.13500000000000004 1.0000000180025095e-35 3.1750000000000003 1.0000000180025095e-35 -0.24999999999999994 0.22500000000000003 0.12940952255126045 0.22500000000000003 0.25000000000000006 1.0000000180025095e-35 0.6830127018922193 -0.37940952255126059 0.55000000000000016 1.0050635832222339 0.37940952255126054 -0.37940952255126059 0.015000000000000001 0.55000000000000016 0.78656609248549325 0.025000000000000005 0.55000000000000016 -0.98296291314453399 0.55000000000000016 0.083333333333333315 0.48333333333333339 0.95000000000000007 0.37500000000000006 0.8500000000000002 0.6830127018922193 0.82500000000000007 1.4450000000000001 -0.5 3.1150000000000007 0.85833333333333339 0.75000000000000011 0.6830127018922193 0.55160846378518025 -0.91597561503675329 0.85500000000000009 0.95000000000000007 0.15000000000000005 0.71666666666666667 0.37940952255126054 0.8500000000000002 -0.68301270189221952 -0.5 0.95000000000000007 0.72500000000000009 0.37222222222222229 2.3350000000000004 2.4550000000000005 0.16796283225451042 1.0000000180025095e-35 0.083333333333333315 0.83611188293044381 0.083333333333333315 0.57500000000000007
decision_type=2 2 2 2 2 2 2 2 2 2 2 2 2 2 2 2 2 2 2 2 2 2 2 2 2 2 2 2 2 2 2 2 2 2 2 2 2 2 2 2 2 2 2 2 2 2 2 2 2 2 2 2 2 2 2 2 2 2 2 2 2 2
left_child=1 3 5 4 40 21 7 35 11 20 -9 12 -3 14 18 -5 38 -18 53 55 27 23 -13 44 -25 -23 43 -6 32 45 31 34 -28 -32 -31 -4 -37 -38 -17 -40 41 -1 -42 52 -2 -30 47 -47 49 -49 -51 -48 61 54 -7 56 -16 58 59 -58 -59 -15
right_child=2 8 6 15 9 13 -8 10 -10 -11 -12 22 -14 26 19 16 17 -19 -20 -21 -22 25 -24 24 -26 -27 28 -29 29 30 33 -33 -34 -35 -36 36 37 -39 39 -41 42 -43 -44 -45 -46 46 51 48 -50 50 -52 -53 -54 -55 -56 -57 57 60 -60 -61 -62 -63
leaf_value=-3.554051608072825e-05 -4.1749087385906621e-06 -1.6346074971388509e-05 0.0018866699680997691 5.2428473610807453e-06 2.9760233406540209e-05 2.3104474536186568e-05 0.0022301120970806901 0.0019179042151894221 -1.6281036513171432e-05 -1.6820683566359513e-05 0.00030602201626872436 -1.6346074971388509e-05 -1.6346074971388509e-05 -1.1834812144575421e-05 0.0012081497516195278 -4.8399372195185447e-09 -5.1481624712404681e-05 -1.8583668944074868e-05 -0.00019034384725740553 3.9863143189675165e-05 -1.7041855828594379e-05 7.7433256109120662e-05 -1.6346074971388509e-05 -1.6131413480638344e-05 -3.3613630541272215e-05 -1.6519663966772001e-05 0.00023572782611291316 -3.0096726106686694e-05 0.00016145300539128769 -8.3294503271838516e-05 4.2824584934112657e-05 0.00052838352192440701 -0.00010421688003074053 -0.00016233510461611945 0.00031751198917800619 0.0002300135475651177 0.00052374727968887425 0.0014537769120651612 -0.00010221868214106762 -3.9270224234111105e-05 8.9948279528007788e-07 3.5338576415189891e-05 -3.16200411367889e-05 -0.00046049180287586144 -7.5372253185448216e-05 0.000147866044079894 -0.00021751768746969803 -0.00053947538171818319 0.00019419430733484046 0.00025362059838958878 -0.00012874341613298005 0.00017461247553006635 0.00066385764418819737 0.00085923636471856631 0.00061424438277388302 0.0019377562068330838 0.00034969969369377574 -0.00030105129946005836 0.0004547162325607451 0.0011278905038694556 0.00056179353398800756 -0.00048562883445365769
leaf_weight=370 750 654 86 3200 80 744 348 335 284 341 101 3558 808 326 185 1010 113 186 223 546 183 164 5938 144 565 363 842 113 339 421 1832 1753 173 294 108 865 283 104 108 170 107 250 130 157 318 1831 800 157 164 100 312 80 92 85 116 88 166 102 448 337 109 86
leaf_count=370 750 654 86 3200 80 744 348 335 284 341 101 3558 808 326 185 1010 113 186 223 546 183 164 5938 144 565 363 842 113 339 421 1832 1753 173 294 108 865 283 104 108 170 107 250 130 157 318 1831 800 157 164 100 312 80 92 85 116 88 166 102 448 337 109 86
internal_value=-0.0076314 -0.017333 0.00216018 -0.00247564 -0.00830476 0.00124535 0.00876119 0.00692958 -0.0257387 -0.0154178 0.0140046 -0.0259951 -0.0222693 0.00194515 0.00427619 -0.000557644 -0.00338161 -0.0121 0.000513259 0.00649344 -0.00954907 -0.00270716 -0.0265663 -0.00403262 -0.00722535 0.00176136 0.00120085 -0.0035567 0.00146628 0.00112427 0.00220458 0.00378449 0.00422244 0.000507757 -0.000169811 0.00461538 0.00397446 0.00780928 -0.00134988 -0.00602151 -0.00234266 -0.000483092 -0.00718487 -0.00249245 -0.00190833 -0.000134778 -0.000557329 0.000327485 -0.00273842 -0.00510526 -0.00261501 -0.0031328 -0.000594059 0.00237844 0.0015331 0.00816852 0.00763353 0.00670679 0.00797269 0.011131 0.000990566 -0.00232446
internal_weight=35045 17603 17442 6361 1574 15320 2122 1774 11242 717 436 10958 1462 13016 3149 4787 1587 299 1168 1981 376 2304 9496 1777 709 527 9867 193 9206 8191 4408 2282 1015 2126 529 1338 1252 387 1288 278 857 620 237 661 1068 3783 3444 2564 733 569 412 880 504 945 860 1435 1347 1162 951 503 211 412
internal_count=35045 17603 17442 6361 1574 15320 2122 1774 11242 717 436 10958 1462 13016 3149 4787 1587 299 1168 1981 376 2304 9496 1777 709 527 9867 193 9206 8191 4408 2282 1015 2126 529 1338 1252 387 1288 278 857 620 237 661 1068 3783 3444 2564 733 569 412 880 504 945 860 1435 1347 1162 951 503 211 412
is_linear=0
shrinkage=0.03


Tree=118
num_leaves=63
num_cat=0
split_feature=0 8 0 9 2 8 2 11 3 0 5 8 11 5 10 4 10 10 9 8 4 10 10 0 11 11 10 7 0 0 0 11 5 8 11 10 0 8 7 7 11 4 5 4 7 2 4 0 7 5 9 8 8 3 0 7 10 4 11 0 0 5
split_gain=3679.01 2494.77 115.901 61.1363 50.1528 41.4648 41.0912 36.5308 34.0214 33.8938 26.3608 35.8267 23.3931 18.4381 18.2165 18.3509 17.9581 16.5794 15.4013 15.0181 14.9648 13.6161 13.5756 13.2664 22.9056 13.2472 12.0088 19.8675 11.9274 11.7009 11.4226 10.2043 13.343 10.4099 9.83483 10.8853 9.68172 9.45132 8.96261 8.474 8.64595 8.33712 8.32575 8.3106 17.0433 8.18874 11.3927 16.2978 8.02598 8.01668 7.41321 7.02642 11.1391 8.04083 10.3598 8.43484 8.64745 7.49281 11.0643 8.91413 7.97196 6.93236
threshold=0.015000000000000001 -1.0000000180025095e-35 2.4250000000000003 0.91597561503675351 0.15000000000000005 0.37940952255126054 0.55000000000000016 0.6830127018922193 0.57500000000000007 0.03500000000000001 0.22500000000000003 0.12940952255126045 0.25000000000000017 0.15000000000000005 -0.5 0.31666666666666671 0.25000000000000011 0.25000000000000011 0.78656609248549303 -0.5 0.083333333333333315 0.68301270189221941 -0.6830127018922193 3.3050000000000002 1.0000000180025095e-35 -0.5 0.25000000000000011 0.72507145612681501 1.0000000180025095e-35 1.0000000180025095e-35 2.3050000000000002 -0.5 0.083333333333333315 -0.91597561503675329 0.6830127018922193 -0.24999999999999994 3.0150000000000001 1.0000000180025095e-35 0.98448804119411615 0.92939574449215501 -0.5 0.083333333333333315 0.35000000000000003 0.083333333333333315 0.90881375312573154 0.75000000000000011 0.48333333333333339 0.79500000000000015 0.97248937047360617 0.63333333333333341 0.1294095225512602 -0.70710678118654735 1.0000000180025095e-35 0.75000000000000011 0.59500000000000008 0.087392936509065225 -0.5 0.78333333333333355 -0.24999999999999994 0.80500000000000016 1.0650000000000002 0.71666666666666667
decision_type=2 2 2 2 2 2 2 2 2 2 2 2 2 2 2 2 2 2 2 2 2 2 2 2 2 2 2 2 2 2 2 2 2 2 2 2 2 2 2 2 2 2 2 2 2 2 2 2 2 2 2 2 2 2 2 2 2 2 2 2 2 2
left_child=1 3 5 18 23 8 -5 13 12 -7 11 21 14 -8 15 -2 -6 19 31 43 -20 -3 -12 24 39 -22 30 45 -13 -24 51 -1 33 -33 -11 41 37 -18 -19 -4 -41 -36 -27 -14 -45 61 47 -47 -29 -48 -34 57 53 -53 55 -55 -57 58 59 -10 -60 -28
right_child=2 10 4 6 16 9 7 -9 26 34 22 28 17 -15 -16 -17 36 38 20 -21 25 -23 29 -25 -26 42 27 48 -30 -31 -32 32 50 -35 35 -37 -38 -39 -40 40 -42 -43 -44 44 -46 46 49 -49 -50 -51 -52 52 -54 54 -56 56 -58 -59 60 -61 -62 -63
leaf_value=3.6696077300462766e-05 -0.00040870464945169931 -1.5855692722246854e-05 -7.3815977133286905e-05 -1.4074173028401432e-05 0.00029248268213456275 -1.5847842560688631e-05 6.1409630721510548e-06 -1.5572879710818096e-05 0.00016807102505489847 4.9281585191357155e-06 -1.5855692722246854e-05 -1.5855692722246854e-05 0.00029693235649174419 -1.6530600153736548e-05 0.00015747302616017089 0.00097261365062192189 0.0012737422543438182 0.00071288792437859455 7.3737579478938032e-06 0.00084150858244980305 -2.3646312094229708e-06 -1.5855692722246854e-05 -1.5855692722246854e-05 0.0023125404448669806 0.0022703645804303283 -2.299817670348294e-05 7.7920832904983521e-05 0.0009656321060944606 -1.5803377858126012e-05 -1.5792605417776289e-05 -0.00095532093325439158 -1.6113487213401876e-05 5.9612027120761587e-05 3.0901425918165822e-05 -6.5807417601699276e-05 -0.00013284490692460564 0.0020056885708788406 9.3042629644948804e-05 0.0017018962443599364 0.00060992367004741583 0.0013452945674769089 0.0001340182159135736 -2.5187912806403524e-05 0.00023416331285242231 -0.001543419671492537 -0.00020146691891102171 -4.1154521667658424e-05 0.00034195775476407702 -6.0320759844570414e-05 0.00015805982095521115 -1.8493519569703153e-05 0.00097903944301985573 -5.328416215303888e-05 -5.4742534272565408e-06 5.9391790278045526e-05 0.00066701702622715944 0.00030798662950266592 -9.4995482904952348e-05 -5.9793421735555571e-05 -0.0001030828732181932 -0.0011282601858033426 0.00072351548144924526
leaf_weight=725 358 459 81 590 992 288 138 241 497 3654 1379 4124 347 491 1019 80 247 637 517 586 310 197 4827 135 269 264 229 391 103 135 111 249 152 770 103 496 163 136 120 236 160 217 373 271 88 285 512 194 88 879 1590 231 851 85 701 93 116 501 470 348 80 110
leaf_count=725 358 459 81 590 992 288 138 241 497 3654 1379 4124 347 491 1019 80 247 637 517 586 310 197 4827 135 269 264 229 391 103 135 111 249 152 770 103 496 163 136 120 236 160 217 373 271 88 285 512 194 88 879 1590 231 851 85 701 93 116 501 470 348 80 110
internal_value=-0.00751411 -0.0171783 0.00224966 -0.00224614 0.00834298 0.00126887 -0.0076386 -0.0117796 0.00234069 -0.00104644 -0.0257051 -0.0240233 0.00473909 -0.00795238 0.00183128 -0.00328018 0.00506823 0.00680488 -0.000654413 0.00473318 -0.00323549 -0.0174429 -0.0269962 0.0140476 0.0124498 -0.00547468 0.00109848 0.00265526 -0.0250402 -0.0277453 7.34394e-05 0.000430169 -0.000401883 0.00232353 -0.000402594 -0.00337821 0.00943327 0.00679687 0.0103298 0.0084728 0.0102771 0.000934579 -0.00794671 0.00178218 -0.00141667 0.00145249 0.000673437 -0.0033125 0.0081875 0.00204741 -0.00199656 0.000339708 0.00154475 0.00337408 0.0021988 0.00691525 0.0101429 -0.000980496 0.00015043 0.00230496 -0.00315789 0.00573529
internal_weight=35089 17634 17455 6410 2419 15036 1460 870 10278 4758 11224 4883 3506 629 1457 438 1538 2049 4950 1292 1464 656 6341 881 746 947 6772 2688 4227 4962 4084 3486 2761 1019 4470 816 546 383 757 477 396 320 637 706 359 2209 1870 479 479 1391 1742 3973 2077 1226 995 294 209 1896 1395 845 550 339
internal_count=35089 17634 17455 6410 2419 15036 1460 870 10278 4758 11224 4883 3506 629 1457 438 1538 2049 4950 1292 1464 656 6341 881 746 947 6772 2688 4227 4962 4084 3486 2761 1019 4470 816 546 383 757 477 396 320 637 706 359 2209 1870 479 479 1391 1742 3973 2077 1226 995 294 209 1896 1395 845 550 339
is_linear=0
shrinkage=0.03


Tree=119
num_leaves=63
num_cat=0
split_feature=0 9 9 9 0 1 9 6 10 2 0 0 9 3 6 11 0 11 10 0 2 4 3 11 4 10 0 11 7 0 9 0 0 9 7 9 10 11 10 1 7 9 11 3 3 0 9 11 9 4 4 10 1 0 6 2 2 4 4 0 9 3
split_gain=3597.89 160.564 167.89 192.329 119.428 100.219 95.3606 54.4507 48.9013 44.4501 32.7921 31.3475 28.552 22.1027 21.7287 20.268 20.1013 20.0983 17.7158 16.0533 15.8598 13.8148 12.4533 11.669 10.9617 10.3482 10.2739 9.84678 9.49876 8.99654 8.92227 12.1868 8.78148 23.0124 11.8693 9.4824 8.29376 8.27275 8.1747 24.0068 13.1641 10.7148 7.91072 7.3216 7.18387 7.0603 7.03776 6.96089 8.65304 8.33479 14.0291 7.95722 10.2242 8.07758 7.64892 6.9205 6.7623 7.16104 6.71201 10.0139 6.55824 8.92596
threshold=0.015000000000000001 0.1294095225512602 0.25881904510252057 0.37940952255126048 2.3950000000000005 1.0000000180025095e-35 0.91597561503675351 0.9919160630702849 0.25000000000000011 0.55000000000000016 0.065000000000000016 1.0000000180025095e-35 0.98296291314453421 0.75000000000000011 0.9919160630702849 0.25000000000000017 3.3150000000000004 0.6830127018922193 -0.6830127018922193 2.0950000000000002 0.55000000000000016 0.083333333333333315 0.45000000000000007 1.0000000180025095e-35 0.17499999999999996 0.68301270189221941 3.3550000000000004 -0.9330127018922193 1.0149612868436317 2.6450000000000005 0.1294095225512602 0.03500000000000001 1.4450000000000001 -0.5 0.70662466379278588 -0.12940952255126037 0.68301270189221941 0.25000000000000017 0.25000000000000011 0.76500000000000012 1.0195703397113829 -0.60355339059327384 0.93301270189221952 0.57500000000000007 0.62500000000000011 3.0150000000000001 1.0000000180025095e-35 -0.24999999999999994 -0.70710678118654757 0.083333333333333315 0.68285714285714294 0.25000000000000011 1.0000000180025095e-35 0.12500000000000003 0.20078576419566965 0.35000000000000003 0.15000000000000005 0.58333333333333337 0.58333333333333337 1.1150000000000004 -0.9159756150367534 0.57500000000000007
decision_type=2 2 2 2 2 2 2 2 2 2 2 2 2 2 2 2 2 2 2 2 2 2 2 2 2 2 2 2 2 2 2 2 2 2 2 2 2 2 2 2 2 2 2 2 2 2 2 2 2 2 2 2 2 2 2 2 2 2 2 2 2 2
left_child=1 5 22 -4 10 11 9 44 26 27 30 46 17 15 18 24 23 -9 -11 38 -19 36 -3 45 25 28 56 -5 -12 -25 31 -2 33 43 35 -35 -14 -20 40 41 -17 58 -16 -26 -8 60 -1 51 49 -49 -51 52 -15 -53 -52 -34 -6 -58 59 -40 61 -10
right_child=4 2 3 6 8 -7 7 12 16 14 13 -13 21 47 42 19 -18 20 37 -21 -22 -23 -24 29 32 -27 -28 -29 -30 -31 -32 -33 55 34 -36 -37 -38 -39 39 -41 -42 -43 -44 -45 -46 -47 -48 48 -50 50 54 53 -54 -55 -56 -57 57 -59 -60 -61 -62 -63
leaf_value=-1.5380021940579448e-05 -2.1643891665973109e-05 -3.3512469557201098e-05 -1.5380021940579448e-05 -1.7938958922917688e-05 0.00074175713521675067 3.093721361127013e-05 -1.5380021940579448e-05 -1.5373656389000634e-05 -0.00026112202927354054 -1.5380021940579448e-05 -3.8377136063947092e-05 -1.5318827255243001e-05 -1.5380021940579448e-05 9.8023622271329455e-05 -1.5383330878786418e-05 0.00021348097718044355 0.0023079039308676794 -1.5373656389000634e-05 -1.5380021940579448e-05 0.0011835512001227809 -1.5380021940579448e-05 -1.5380021940579448e-05 7.571490110034953e-06 0.0014125673956144767 0.0015741154839807542 4.0967672664203868e-05 0.0017777491911694732 -1.885933943840093e-05 -0.00019121319746474421 0.002227671329868047 -3.3501772969196566e-06 -1.5312651410195819e-05 0.00044877430772878119 3.4366478083660899e-05 0.00024374940509988314 -0.00032240189106330972 -1.5380021940579448e-05 -1.5380021940579448e-05 -0.00022146442756822287 0.0014492591543350851 -0.00023719734627839273 0.0003938811182998679 -1.5380218813308694e-05 0.00069096244667174347 -1.5380021940579448e-05 0.0012942159226766992 -1.5380021940579448e-05 0.00064434753010762737 -7.4214362228456395e-05 -0.00016957876205839578 -6.2631778573967007e-05 -3.6453944397883882e-05 -3.0977915787267632e-05 0.00017030471670830111 0.0002535673572075815 -0.00030913481765906244 0.00021433866067412709 0.0013815142257493887 0.00016004559981188881 0.00017358149157020773 0.00090278822689442205 0.00096176675203521293
leaf_weight=953 446 252 1432 199 266 94 250 1546 99 436 1148 307 310 484 2734 1723 123 227 904 301 354 638 419 143 144 787 90 3196 234 201 428 400 92 205 190 131 121 593 136 397 211 268 437 149 963 256 1312 141 1278 861 144 107 1874 1062 870 359 911 84 229 99 257 87
leaf_count=953 446 252 1432 199 266 94 250 1546 99 436 1148 307 310 484 2734 1723 123 227 904 301 354 638 419 143 144 787 90 3196 234 201 428 400 92 205 190 131 121 593 136 397 211 268 437 149 963 256 1312 141 1278 861 144 107 1874 1062 870 359 911 84 229 99 257 87
internal_value=-0.00772633 -0.0172604 -0.0160532 -0.0167394 0.00195165 -0.0240495 -0.0155798 -0.0191633 0.00799444 -0.0137188 0.000930264 -0.0251613 -0.0170973 0.00136073 -0.0154907 0.00257055 0.0124936 -0.0150705 -0.0180093 0.00422585 -0.0198454 -0.0211121 -0.00138393 0.0111207 0.000950581 -0.000345622 0.00410503 -0.0110512 -0.00190889 0.0156522 -0.00367059 -0.00545455 0.00316286 0.0050122 0.00125237 -0.0021365 -0.016875 -0.0195661 0.00357376 0.00560177 0.0023876 0.00237381 -0.0139502 0.0117347 -0.0245881 0.00887143 -0.0263857 0.000153914 -0.000837633 0.000386713 -0.000143923 0.00107993 7.63035e-05 0.00310256 0.00224631 -0.000199115 0.00339937 0.00225904 -0.000387097 -0.00394068 0.00655405 0.00224599
internal_weight=35092 17677 15011 14340 17415 2666 12908 4409 2517 8499 14898 2572 3196 13624 5104 6803 1166 2127 1933 3364 581 1069 671 1043 3439 2169 1351 3395 1382 344 1274 846 1270 819 526 336 431 1497 3063 1129 1934 732 3171 293 1213 699 2265 6821 3294 2016 1875 3527 2358 1169 1014 451 1261 995 464 235 443 186
internal_count=35092 17677 15011 14340 17415 2666 12908 4409 2517 8499 14898 2572 3196 13624 5104 6803 1166 2127 1933 3364 581 1069 671 1043 3439 2169 1351 3395 1382 344 1274 846 1270 819 526 336 431 1497 3063 1129 1934 732 3171 293 1213 699 2265 6821 3294 2016 1875 3527 2358 1169 1014 451 1261 995 464 235 443 186
is_linear=0
shrinkage=0.03


Tree=120
num_leaves=63
num_cat=0
split_feature=0 8 1 6 8 8 5 0 0 8 8 5 9 2 0 1 8 2 2 5 2 5 3 4 8 8 7 7 1 0 3 9 6 8 1 8 6 2 0 9 0 8 0 1 6 9 6 4 3 7 1 0 2 8 9 7 1 7 3 8 4 2
split_gain=3605.73 2527.94 108.199 88.2506 70.7293 63.5763 42.586 32.327 32.1676 31.2337 24.0861 23.9092 22.1065 21.2912 18.7872 22.8517 17.6396 16.7929 13.7263 12.3659 11.8427 10.1244 15.6441 14.5649 9.85724 15.8702 11.0192 10.3192 9.78754 9.06858 8.91324 8.8732 8.81602 8.46223 8.23414 8.08365 7.92277 10.4777 8.40067 15.6179 7.7655 7.57565 6.8513 6.66874 6.4174 6.11947 5.86069 5.78192 9.17118 5.77898 6.81303 7.50994 9.34963 5.76687 5.74372 5.49425 5.44222 5.43326 5.36594 5.23934 5.21368 7.81388
threshold=0.015000000000000001 -1.0000000180025095e-35 0.95500000000000007 0.96010100249940655 -0.60355339059327362 0.25881904510252091 0.083333333333333315 1.0000000180025095e-35 3.1250000000000004 0.12940952255126045 0.91597561503675362 0.22500000000000003 0.78656609248549303 0.8500000000000002 1.9350000000000003 0.085000000000000006 -0.70710678118654735 0.55000000000000016 0.55000000000000016 0.71666666666666667 0.55000000000000016 0.95000000000000007 0.95000000000000007 0.85833333333333339 1.0000000180025095e-35 -0.70710678118654735 0.95119898168678663 0.97432427743659145 0.015000000000000001 0.025000000000000005 0.75000000000000011 -0.12940952255126037 0.94457821059868363 -0.37940952255126059 1.8050000000000004 -0.37940952255126059 0.9919160630702849 0.25000000000000006 0.055000000000000007 -0.12940952255126037 0.03500000000000001 -0.91597561503675329 2.8050000000000002 2.8550000000000004 0.78953051963513776 0.37940952255126048 0.80250532449306278 0.51666666666666683 0.62500000000000011 1.0149612868436317 1.0650000000000002 1.135 0.75000000000000011 -0.98296291314453399 0.1294095225512602 0.94903604215526716 0.50500000000000012 0.93317943625665756 0.95000000000000007 0.37940952255126054 0.58333333333333337 0.8500000000000002
decision_type=2 2 2 2 2 2 2 2 2 2 2 2 2 2 2 2 2 2 2 2 2 2 2 2 2 2 2 2 2 2 2 2 2 2 2 2 2 2 2 2 2 2 2 2 2 2 2 2 2 2 2 2 2 2 2 2 2 2 2 2 2 2
left_child=1 3 10 4 20 6 8 9 24 11 14 -3 41 47 21 -16 49 -6 -11 46 -1 22 23 36 25 27 34 -4 29 -12 -15 44 40 -19 -27 -32 37 -2 39 -38 -24 53 -7 -26 -25 -22 -18 48 -14 50 -8 52 -52 -5 -34 -48 -23 -21 -43 -46 -40 -62
right_child=2 7 5 12 17 42 16 -9 -10 18 28 -13 13 30 15 -17 19 33 -20 57 45 56 32 31 43 26 -28 -29 -30 -31 35 -33 54 -35 -36 -37 38 -39 60 -41 -42 58 -44 -45 59 -47 55 -49 -50 -51 51 -53 -54 -55 -56 -57 -58 -59 -60 -61 61 -63
leaf_value=5.831300339002823e-05 0.0001484198898583991 -1.4918621282362066e-05 0.00073130749219198232 9.1559141213187474e-05 -2.1620472255013019e-05 -0.00011562100634985416 -0.00037837177153331387 -1.4859262437585711e-05 0.0017097076815294388 -1.4918621282362066e-05 -1.4279193770147636e-05 -1.4918621282362066e-05 -8.4888644928386368e-06 -1.66398954298919e-05 0.0018716913891421948 -4.3368379259953184e-05 0.00015181968145532907 -2.3050407930421275e-05 -1.4918621282362066e-05 4.5489930146531409e-05 3.9747307480790785e-06 0.00021959586399648449 -7.2071324509728979e-05 0.0012808721862298594 0.00047155309520088395 0.0015843111988047825 0.0016817285926272684 5.2011494538530265e-05 1.941592720650368e-05 -3.3883146273537622e-05 -1.8808620951471787e-05 -0.0001120488051527993 -0.00016226446438026202 -1.4593863938965407e-05 0.00079444953341767594 -1.7636651369228156e-05 -3.1480469598234197e-05 -0.00011936981824722061 2.3890307139616122e-05 -4.8625393482260371e-06 -4.7688354894626082e-06 2.295539065445818e-05 0.00050449259305629596 -0.00030897946209696103 0.00063416113031547722 -3.1937224288452803e-05 0.00068451471824973182 -2.2618682958314318e-05 3.6190084980303323e-05 -0.00032612588339284707 0.00087537699652608667 8.3001533718093376e-05 8.1554832063508167e-05 -1.4624708510283731e-05 0.00013278177646541288 0.0011718578023950015 -8.3113930325560406e-05 0.001180288196733336 -8.7449306447434126e-06 9.7028047802350382e-05 0.00026531136324684125 -6.0204715655113046e-05
leaf_weight=137 91 652 410 87 155 1151 122 274 305 3619 89 797 1029 93 129 123 208 279 5921 480 189 263 97 81 159 110 316 239 141 498 245 105 820 262 371 281 89 621 3152 320 1985 1726 112 86 458 531 1472 241 328 111 94 511 96 511 93 588 82 122 321 245 653 218
leaf_count=137 91 652 410 87 155 1151 122 274 305 3619 89 797 1029 93 129 123 208 279 5921 480 189 263 97 81 159 110 316 239 141 498 245 105 820 262 371 281 89 621 3152 320 1985 1726 112 86 458 531 1472 241 328 111 94 511 96 511 93 588 82 122 321 245 653 218
internal_value=-0.00766263 -0.0172069 0.00202561 -0.00217425 -0.00839768 0.00488817 0.00621617 -0.0257679 0.00976465 -0.0260227 7.24358e-05 -0.021869 -0.000185071 -0.00239405 0.0004706 0.00853755 0.00435217 -0.015495 -0.0266513 0.00551724 -0.00262238 0.000252827 5.98073e-05 0.000939675 0.0081383 0.00908086 0.0119173 0.00558462 -0.00518519 -0.00688776 -0.0071129 0.00448315 -0.00171228 -0.0179889 0.0090249 -0.00557875 0.000326531 -0.0026087 0.000798556 -0.00329268 -0.000633701 0.00166667 -0.00121044 0.00256098 0.00557962 -0.00416089 0.00653151 -0.000562852 0.000198822 0.000770053 0.00163835 0.00277778 0.0078534 -0.00130217 -0.00416849 0.00701601 0.00528902 0.00169154 0.00253418 0.00464489 0.00121521 0.00326835
internal_weight=35094 17678 17416 6415 1553 7063 5800 11263 1996 10989 10353 1449 4862 2217 9625 252 3804 696 9540 2870 857 9373 9028 6033 1691 1446 797 649 728 587 619 889 2995 541 481 526 5144 712 4432 409 2082 2645 1263 245 784 720 2268 1598 1357 934 823 701 190 598 913 2060 345 602 2047 703 4023 871
internal_count=35094 17678 17416 6415 1553 7063 5800 11263 1996 10989 10353 1449 4862 2217 9625 252 3804 696 9540 2870 857 9373 9028 6033 1691 1446 797 649 728 587 619 889 2995 541 481 526 5144 712 4432 409 2082 2645 1263 245 784 720 2268 1598 1357 934 823 701 190 598 913 2060 345 602 2047 703 4023 871
is_linear=0
shrinkage=0.03


Tree=121
num_leaves=63
num_cat=0
split_feature=0 8 1 6 8 0 8 3 5 11 0 11 0 0 9 11 4 8 8 5 11 4 0 4 8 0 11 11 9 9 11 0 7 0 4 6 11 1 1 0 9 5 8 7 0 7 3 4 7 5 7 5 8 5 9 7 5 11 6 11 3 4
split_gain=3465.01 2564.29 102.459 94.4462 71.0561 38.7017 31.3643 30.961 29.6916 27.2335 25.6318 28.6258 25.5232 24.9507 20.6699 35.2533 17.5574 16.9123 15.5718 17.2553 15.0508 12.949 11.9754 11.2948 10.8704 12.3271 9.80712 9.32756 11.3145 8.1406 8.1377 10.9946 7.88497 7.86826 7.8137 11.4918 9.43861 7.59538 8.37622 7.23982 7.01998 13.4917 10.6796 12.0863 11.7739 9.31749 8.75228 6.85896 6.73363 6.64382 6.5141 6.48888 6.43692 6.16448 6.1452 6.04174 8.56089 5.84448 9.40025 5.63579 6.4716 6.02064
threshold=0.015000000000000001 -1.0000000180025095e-35 2.8750000000000004 0.96010100249940655 -0.37940952255126059 0.32500000000000007 0.12940952255126045 0.8500000000000002 0.15000000000000005 0.25000000000000017 3.4550000000000005 -0.5 2.1150000000000007 1.0000000180025095e-35 0.91597561503675351 0.6830127018922193 0.58333333333333337 -0.60355339059327362 0.37940952255126054 0.083333333333333315 -0.5 0.37222222222222229 0.075000000000000025 0.58333333333333337 0.78656609248549325 0.03500000000000001 -0.68301270189221952 0.6830127018922193 0.37940952255126048 -0.98296291314453399 0.6830127018922193 0.72500000000000009 1.0195703397113829 2.9850000000000008 0.85833333333333339 0.97587888928342192 0.93301270189221952 1.4450000000000001 0.56500000000000006 1.1950000000000001 -0.5 0.083333333333333315 0.25881904510252091 0.43507220161265603 1.905 1.0822077054541988 0.083333333333333315 0.96250000000000002 0.58281840330496826 0.63333333333333341 0.98638786951480462 0.45000000000000007 -0.25881904510252113 0.083333333333333315 -0.5 1.0001953888237594 0.15000000000000005 0.25000000000000017 0.27367423887636216 0.93301270189221952 0.62500000000000011 0.85833333333333339
decision_type=2 2 2 2 2 2 2 2 2 2 2 2 2 2 2 2 2 2 2 2 2 2 2 2 2 2 2 2 2 2 2 2 2 2 2 2 2 2 2 2 2 2 2 2 2 2 2 2 2 2 2 2 2 2 2 2 2 2 2 2 2 2
left_child=1 3 5 4 17 22 8 9 -3 23 11 29 18 21 47 -16 -17 27 19 -11 -19 -8 24 40 -2 -26 48 -1 -29 -4 31 -9 34 52 35 -21 -36 38 -37 -20 42 45 55 44 46 -42 -44 59 -25 -43 -14 -39 -13 -35 -33 56 -7 58 -6 60 -5 -61
right_child=2 6 10 14 57 7 13 30 -10 12 -12 33 50 -15 15 16 -18 20 39 32 -22 -23 -24 26 25 -27 -28 28 -30 -31 -32 54 -34 53 36 37 -38 51 -40 -41 41 49 43 -45 -46 -47 -48 -49 -50 -51 -52 -53 -54 -55 -56 -57 -58 -59 -60 61 -62 -63
leaf_value=-4.6651327265877095e-06 -1.7575058333729015e-05 -1.4471062643891203e-05 -0.00012452797727887489 3.9306150021884997e-06 -1.5119968990668617e-05 0.00073212674820040792 -1.4471062643891203e-05 0.00011129466091765391 -1.4471062643891203e-05 0.0008225367213624585 0.0022007238194519194 0.0020284171145864486 0.0011789187810638735 -1.4413484564458139e-05 -2.3322022974899773e-06 -3.0158650794819437e-05 -1.588897949763442e-05 -2.5605019868717074e-05 -4.5072804191865211e-05 -0.00055863192101288312 -1.8980670130755721e-05 -1.4471062643891203e-05 -1.8540608042158512e-06 0.00078657909032508512 -1.6146738706083005e-05 -2.2593698398294914e-05 0.0001320516346645062 -7.0589192299509364e-06 -3.0110123348309493e-05 0.00061766366684724015 -0.00020110504502663119 -4.1105219547435401e-05 -0.00023298890807141868 0.0019000603247440939 0.001344583555386802 0.00067300937999532798 0.00012120099645389153 0.00056881265059562363 -6.0052951221282731e-05 0.00037940348257225473 0.00011163057878804172 -0.00015209376750680153 -0.00013031716582840468 -0.00015648530615903377 0.0012584266356452532 -0.00016373562096815258 0.00014844455954238179 -5.9452699956904652e-05 0.00031171826530044909 -0.00046976857136194356 0.0019253485972372442 0.0014387444021410701 0.00057420883044793426 0.0017167145805994832 -0.00038721814918668925 -0.00023712441549342156 0.00029620285358327835 -1.2726745491480255e-05 -1.5165473753283331e-05 1.0432982277454143e-06 2.4381622609272507e-05 -6.5835854290342496e-05
leaf_weight=622 903 554 186 1744 121 411 4576 1349 890 619 102 104 369 282 809 169 129 155 547 110 199 4894 3081 126 258 265 372 117 126 653 532 1700 125 173 168 374 82 260 412 161 709 541 117 598 92 81 324 202 137 104 142 97 163 81 196 94 581 108 135 375 1337 85
leaf_count=622 903 554 186 1744 121 411 4576 1349 890 619 102 104 369 282 809 169 129 155 547 110 199 4894 3081 126 258 265 372 117 126 653 532 1700 125 173 168 374 82 260 412 161 709 541 117 598 92 81 324 202 137 104 142 97 163 81 196 94 581 108 135 375 1337 85
internal_value=-0.00762447 -0.0170113 0.00183257 -0.00191638 -0.00827652 0.00113917 -0.0256837 0.00206053 -0.0215087 0.00314547 0.00943267 0.00833211 0.00512258 -0.0262996 0.000160792 -0.00343863 -0.0122408 -0.00479508 0.00404939 0.00527135 -0.0103099 -0.0265632 -0.00121783 0.00154618 -0.00348984 -0.00692748 0.00523585 -0.00252887 -0.0075 0.00489286 -0.000166755 0.000397412 0.00364641 0.0138506 0.00424867 0.00327751 0.00908367 0.00416958 0.00251588 0.000169252 0.000903367 -0.000731198 0.00196123 -7.95053e-05 0.00320225 0.00189633 0.00115385 0.00122596 0.00965909 -0.00394737 0.0113086 0.0077933 0.0101866 0.0176471 -0.00107538 0.00408464 0.00477341 -0.0198904 -0.0172763 0.00153303 0.00199546 -0.00156182
internal_weight=35128 17629 17499 6433 1583 16037 11196 11530 1444 7753 1462 1360 3466 9752 4850 1107 298 1219 2955 2247 354 9470 4507 4287 1426 523 635 865 243 839 3777 3245 1628 521 1503 1253 250 1143 786 708 3652 1435 2217 1131 533 790 441 3743 263 645 511 357 267 254 1896 1086 992 364 256 3541 3081 460
internal_count=35128 17629 17499 6433 1583 16037 11196 11530 1444 7753 1462 1360 3466 9752 4850 1107 298 1219 2955 2247 354 9470 4507 4287 1426 523 635 865 243 839 3777 3245 1628 521 1503 1253 250 1143 786 708 3652 1435 2217 1131 533 790 441 3743 263 645 511 357 267 254 1896 1086 992 364 256 3541 3081 460
is_linear=0
shrinkage=0.03


Tree=122
num_leaves=63
num_cat=0
split_feature=0 8 0 6 8 0 11 0 0 8 5 4 11 8 0 5 8 11 11 2 2 7 8 8 11 7 8 3 2 9 0 3 4 11 5 11 4 6 7 9 9 0 3 11 8 9 4 11 4 2 5 8 11 4 7 0 7 7 2 0 11 11
split_gain=3653.1 2550.69 103.398 76.308 66.34 41.0586 39.5718 31.6825 27.3243 25.9566 26.1477 25.9443 22.1785 19.5158 15.4538 14.6399 19.2485 26.3334 13.9666 12.8515 12.3772 12.2682 14.14 12.0832 17.4845 11.5867 11.3793 10.9456 11.33 10.6447 11.6387 10.3761 17.4724 10.425 14.2122 10.2264 9.49612 9.49025 9.46503 10.348 9.10263 8.8327 9.27594 12.5576 9.13296 8.82939 8.38985 8.31623 9.51299 8.15028 7.97041 7.97941 7.91985 7.63948 7.46503 7.11775 7.80653 7.21364 7.07292 6.88935 6.5758 6.57397
threshold=0.015000000000000001 -1.0000000180025095e-35 2.1150000000000007 0.84272314683140503 -0.37940952255126059 3.4550000000000005 -0.5 0.13500000000000004 1.0000000180025095e-35 0.12940952255126045 0.15000000000000005 0.058333333333333307 0.93301270189221952 -0.37940952255126059 2.9350000000000005 0.083333333333333315 1.0000000180025095e-35 -0.24999999999999994 0.93301270189221952 0.55000000000000016 0.95000000000000007 0.28858356110894196 0.78656609248549325 -0.91597561503675329 1.0000000180025095e-35 0.58281840330496826 0.91597561503675362 0.25000000000000006 0.55000000000000016 -0.12940952255126037 0.42500000000000004 0.95000000000000007 0.41666666666666669 0.93301270189221952 0.35000000000000003 -0.24999999999999994 0.58333333333333337 0.9919160630702849 1.030863172612676 -0.9159756150367534 0.60355339059327384 1.8050000000000004 0.57500000000000007 -0.24999999999999994 0.60355339059327384 -0.9159756150367534 0.058333333333333307 -0.68301270189221952 0.29285714285714293 0.8500000000000002 0.63333333333333341 1.0000000180025095e-35 0.6830127018922193 0.083333333333333315 0.74490947620583237 1.2050000000000003 0.19454289186898041 0.93159993239505889 0.55000000000000016 3.1350000000000002 -0.5 -0.24999999999999994
decision_type=2 2 2 2 2 2 2 2 2 2 2 2 2 2 2 2 2 2 2 2 2 2 2 2 2 2 2 2 2 2 2 2 2 2 2 2 2 2 2 2 2 2 2 2 2 2 2 2 2 2 2 2 2 2 2 2 2 2 2 2 2 2
left_child=1 3 7 4 23 6 59 21 9 10 -3 14 20 -14 38 16 17 25 46 -11 27 22 -2 -1 58 -9 29 28 60 31 36 32 45 41 -35 -24 -31 -13 39 -8 -22 42 -34 50 -45 49 -18 -48 -49 -17 51 -44 -42 -37 -52 56 61 -57 -25 -4 -5 -47
right_child=2 8 5 12 -6 -7 11 15 -10 19 -12 37 13 -15 -16 26 18 -19 -20 -21 40 -23 35 24 -26 -27 -28 -29 -30 30 -32 -33 33 34 -36 53 -38 -39 -40 -41 52 -43 43 44 -46 55 47 48 -50 -51 54 -53 -54 -55 -56 57 -58 -59 -60 -61 -62 -63
leaf_value=1.0918758922668749e-05 -1.7688725578508969e-05 -1.4036930764574468e-05 0.00013881799734590693 -2.828249083855254e-05 -1.4626352493877078e-05 0.0021279074528932104 0.00046402360179463749 0.00048969476941569624 -1.3981080027524396e-05 -1.4036930764574468e-05 -1.4036930764574468e-05 -0.000625438384527347 -2.7747277315903568e-05 -9.7767953794010671e-06 0.0017846457788035851 0.00066158623836628182 -3.369059938348323e-06 0.00078746974235702281 -0.000432915863363541 -1.4036930764574468e-05 6.425696911354084e-06 5.0723943609676943e-05 -1.3366415795860716e-05 5.031464800224282e-05 -2.1496905932921439e-05 -6.4942405496659636e-06 -0.00011483470396348586 1.6239497928676852e-05 -4.2375755908714712e-05 0.0002214651831284585 -0.00034930364000281347 1.2367749440532482e-06 0.00093336976464999521 0.0005643220540125077 -0.00026826660300504008 -3.2524934744918054e-05 -0.00011062480744537681 0.00069636694589930606 0.0018364480538965887 0.001169634009911637 -2.5156725180557495e-05 -0.00037755627811951795 0.0011232772407447386 0.00033703815871837629 -0.00010208416475533659 0.00017150373310354612 0.00021825070218330577 0.00032474993549325842 -2.8260305570609391e-05 -0.00021272391813763669 0.0010251264162349455 -3.625010359499442e-05 -1.609180290020482e-05 -2.6078931194425896e-05 0.00046224950130646257 -8.0106684337556968e-05 0.00030875625316486687 -0.00054489162981335374 -2.6407795595366795e-05 0.00081493688138570156 4.8052497226119465e-06 -9.9156422327467198e-05
leaf_weight=157 1357 562 1311 265 279 108 424 110 281 3612 907 87 521 113 279 381 800 732 85 5959 281 179 388 99 286 523 146 2343 175 286 374 3077 480 146 328 102 172 499 122 360 411 156 104 749 137 148 95 121 228 82 190 141 130 255 83 725 529 274 406 321 974 364
leaf_count=157 1357 562 1311 265 279 108 424 110 281 3612 907 87 521 113 279 381 800 732 85 5959 281 179 388 99 286 523 146 2343 175 286 374 3077 480 146 328 102 172 499 122 360 411 156 104 749 137 148 95 121 228 82 190 141 130 255 83 725 529 274 406 321 974 364
internal_value=-0.00767072 -0.0172633 0.00203315 -0.0021891 -0.00891694 0.00663724 0.00605464 0.000881976 -0.0258373 -0.0260737 -0.0223061 0.00915914 -0.000604143 -0.00585827 0.0117116 0.00150931 0.00345083 0.00595168 0.000879699 -0.0266496 0.000124454 -0.0023532 -0.00299572 -0.00512118 -0.00662879 0.00146688 0.000932437 0.000854178 -0.00122968 0.00106867 -0.00216086 0.00140086 0.00224193 0.00400795 0 -0.00631367 0.00104575 0.00398637 0.00979052 0.00856051 -0.00320778 0.00493876 0.00550663 0.00427046 0.00209696 0.000467252 0.00168675 0.00498876 0.00282857 0.00420259 0.00797688 0.00402439 -0.0054797 -0.00997207 0.0114964 -0.000382166 0.00135317 -0.00219 -0.00326087 0.00268218 -0.000217742 -0.00128655
internal_weight=35319 17761 17558 6440 1227 3511 3403 14047 11321 11040 1469 1771 5213 634 1185 11766 2694 1365 1329 9571 4579 2281 2102 948 791 633 9072 3757 1414 8926 832 8094 5017 2514 474 745 458 586 906 784 822 2040 1884 1404 886 2503 1244 444 349 463 518 245 541 357 273 2040 1041 999 505 1632 1239 512
internal_count=35319 17761 17558 6440 1227 3511 3403 14047 11321 11040 1469 1771 5213 634 1185 11766 2694 1365 1329 9571 4579 2281 2102 948 791 633 9072 3757 1414 8926 832 8094 5017 2514 474 745 458 586 906 784 822 2040 1884 1404 886 2503 1244 444 349 463 518 245 541 357 273 2040 1041 999 505 1632 1239 512
is_linear=0
shrinkage=0.03


Tree=123
num_leaves=63
num_cat=0
split_feature=0 8 1 9 6 0 0 0 8 3 8 5 6 4 5 2 1 8 0 8 2 2 2 4 0 1 9 2 8 6 0 8 8 9 2 4 2 7 3 8 1 5 0 0 8 1 7 5 7 2 4 1 5 7 6 1 3 0 3 4 6 2
split_gain=3563.89 2492.85 99.6397 75.0026 87.358 39.3976 29.3261 28.3066 28.5696 26.5736 29.6257 23.6307 21.6311 17.4848 15.5896 15.4675 12.1456 12.569 13.1681 10.6487 10.6316 9.29287 8.77862 8.62904 9.46481 11.772 8.16516 8.42323 8.04924 7.93023 8.72249 7.74512 7.30159 6.78432 6.75171 6.72141 14.0029 6.69925 9.38498 6.29756 6.19127 5.48694 5.48189 6.91851 10.0869 6.67185 5.68085 5.57472 5.56754 5.41359 5.40389 5.23804 4.93602 5.68637 8.56468 6.7583 5.55279 5.51408 4.89082 4.86554 4.82016 6.60846
threshold=0.015000000000000001 -1.0000000180025095e-35 2.6150000000000007 0.91597561503675351 0.9919160630702849 0.13500000000000004 3.4550000000000005 1.0000000180025095e-35 0.12940952255126045 0.45000000000000007 0.37940952255126054 0.15000000000000005 0.96010100249940655 0.51666666666666683 0.083333333333333315 0.15000000000000005 0.045000000000000005 0.78656609248549325 0.025000000000000005 -0.91597561503675329 0.55000000000000016 0.8500000000000002 0.55000000000000016 0.058333333333333307 1.8250000000000004 0.6150000000000001 -0.37940952255126015 1.0000000180025095e-35 -0.60355339059327362 0.78953051963513776 1.4450000000000001 1.0000000180025095e-35 -0.5 0.1294095225512602 0.65000000000000002 0.48333333333333339 0.65000000000000002 0.91131538972146353 0.8500000000000002 0.25881904510252091 0.18500000000000003 0.71666666666666667 0.62500000000000011 2.2450000000000006 0.25881904510252091 2.1150000000000007 0.86021275809054465 0.083333333333333315 0.97719869706840423 0.35000000000000003 0.96250000000000002 2.4450000000000007 0.63333333333333341 0.29484155781325599 0.76420684332829569 0.42500000000000004 0.8500000000000002 0.47500000000000003 0.35000000000000003 0.68285714285714294 0.94457821059868363 0.95000000000000007
decision_type=2 2 2 2 2 2 2 2 2 2 2 2 2 2 2 2 2 2 2 2 2 2 2 2 2 2 2 2 2 2 2 2 2 2 2 2 2 2 2 2 2 2 2 2 2 2 2 2 2 2 2 2 2 2 2 2 2 2 2 2 2 2
left_child=1 3 5 12 34 16 15 8 11 10 19 -3 22 -6 37 31 17 -2 -19 -7 -10 -18 -1 24 40 -26 27 -16 59 -17 -31 32 -4 -14 -5 41 -37 38 -11 -32 -12 60 -21 45 46 47 -45 -44 -47 -43 -35 -48 -38 54 -54 56 57 -56 -13 -24 61 -29
right_child=2 7 6 4 13 9 -8 -9 20 14 23 58 33 -15 26 29 21 18 -20 42 -22 -23 28 -25 25 -27 -28 35 -30 30 39 -33 -34 50 -36 36 52 -39 -40 -41 -42 49 43 44 -46 48 51 -49 -50 -51 -52 -53 53 -55 55 -57 -58 -59 -60 -61 -62 -63
leaf_value=9.0485846196501099e-06 -2.3257603815545064e-05 -1.3615822841637233e-05 0.00071024470590623999 -1.8748220092591861e-05 -8.8649115807626046e-06 0.00016964132862100868 0.0021318384977619884 -1.3561647626698664e-05 -1.3615822841637233e-05 0.00031821336973479885 -4.8968120300319026e-05 -1.3615822841637233e-05 0.00012133471529723841 -1.5295225428335404e-05 0.00080237846265986958 -0.00038974398718813778 0.00018030686626812579 -1.3212532222469734e-05 -2.8254681690392974e-05 0.0013891189343828983 -1.3615822841637233e-05 -4.8010870791837662e-06 -3.692673846888052e-05 0.00010036266233333718 0.00091026828242834253 -0.00011711024024411709 -6.3253317295013383e-05 -5.1128067419640152e-05 -1.9720656377582807e-05 0.0022162209189076215 0.00073176509254974933 0.000685291530000901 0.0017090742733535857 4.6990297755622642e-06 -1.3367542848140042e-05 0.00063300978277792508 -2.8059380344728003e-05 -8.9425032410062608e-05 -5.3994329750000138e-06 -6.8826604914206109e-05 -0.0001316207248212453 0.00051605484465015619 0.00084581753706076566 0.00048319235412508653 4.3956798565808476e-06 -0.00019712626373818485 0.001651678536040418 0.00058852741532083863 0.00089145441176672333 -0.00021736458025697179 -5.6927867833600222e-05 0.00077724553915118559 1.2920400089292405e-05 -3.0728640859802591e-05 -0.00031533033375954198 0.00059233124460519892 0.00036398928320017582 0.00032181093585285188 -1.3615822841637233e-05 -5.9577400708236138e-06 -5.0382731170781764e-05 0.00028526971323237745
leaf_weight=205 1129 578 161 120 732 1052 92 281 3523 555 639 93 109 333 85 80 107 152 569 114 5875 278 305 520 84 108 1471 245 284 83 1036 245 264 3445 287 252 1222 137 176 161 117 93 434 134 86 124 140 673 81 687 189 125 664 714 80 161 439 82 815 413 1305 220
leaf_count=205 1129 578 161 120 732 1052 92 281 3523 555 639 93 109 333 85 80 107 152 569 114 5875 278 305 520 84 108 1471 245 284 83 1036 245 264 3445 287 252 1222 137 176 161 117 93 434 134 86 124 140 673 81 687 189 125 664 714 80 161 439 82 815 413 1305 220
internal_value=-0.00769906 -0.0172191 0.00193704 -0.00232602 -0.00826884 0.00108948 0.00802638 -0.0257845 -0.0260285 0.0017212 0.00360785 -0.0221116 -0.000557463 -0.00374296 0.000747468 0.00726736 -0.00258945 -0.00359806 -0.00668975 0.00533401 -0.0266454 0.00225389 -0.00404801 0.000122532 -0.00158061 0.00435233 0.000318612 0.000792 -0.00520439 0.00542248 0.00599532 0.0109985 0.0134507 0.00056891 -0.0200735 0.0006618 0.00149378 0.00455696 0.00569672 0.00533389 -0.00309115 -0.000517444 0.00666841 0.00625695 0.00932099 0.00511805 0.011325 0.00603791 0.000145631 -0.00261204 0.00034663 0.0138722 0.000981267 0.0018496 0.00294324 0.0051114 0.00363787 -0.00110429 -0.0251485 -0.00350487 0.00040655 0.00302575
internal_weight=34963 17587 17376 6422 1472 15254 2122 11165 10884 13019 4431 1486 4950 1065 8588 2030 2235 1850 721 2963 9398 385 1207 1468 948 192 7720 6249 1002 1360 1280 670 425 3743 407 6164 3614 868 731 1197 756 2550 1911 1797 485 1312 399 1107 205 780 3634 265 3362 2140 1426 762 601 162 908 718 1770 465
internal_count=34963 17587 17376 6422 1472 15254 2122 11165 10884 13019 4431 1486 4950 1065 8588 2030 2235 1850 721 2963 9398 385 1207 1468 948 192 7720 6249 1002 1360 1280 670 425 3743 407 6164 3614 868 731 1197 756 2550 1911 1797 485 1312 399 1107 205 780 3634 265 3362 2140 1426 762 601 162 908 718 1770 465
is_linear=0
shrinkage=0.03


Tree=124
num_leaves=63
num_cat=0
split_feature=9 8 8 11 8 1 6 8 3 11 11 5 8 1 11 8 8 11 2 1 6 3 3 2 2 7 1 8 11 7 6 2 8 5 5 8 8 5 4 6 1 11 9 2 11 8 11 2 4 4 2 2 11 9 4 11 3 5 2 2 2 11
split_gain=2564.39 2605.58 474.682 216.334 93.0305 75.9006 75.6831 93.4647 38.0244 32.548 30.9402 23.2494 31.3689 22.5858 19.8175 24.344 19.3642 17.1632 15.9386 13.7625 19.4909 18.9539 12.9502 10.6099 10.5453 10.3681 10.0168 13.0381 11.2986 17.8249 12.6239 9.89117 9.84318 9.56453 9.11086 8.89299 8.82659 10.5195 8.16979 7.88717 8.88529 12.4787 11.8197 7.62712 11.0538 9.07359 8.46172 10.7633 7.28148 7.9007 6.54116 6.31461 6.28002 6.12219 5.96092 6.94458 5.61947 5.60106 6.7424 6.10636 5.5206 7.31986
threshold=1.0000000180025095e-35 -1.0000000180025095e-35 0.78656609248549325 1.0000000180025095e-35 0.91597561503675362 2.6150000000000007 0.9919160630702849 -0.37940952255126059 0.45000000000000007 1.0000000180025095e-35 0.6830127018922193 0.35000000000000003 0.12940952255126045 3.4150000000000005 0.6830127018922193 -0.37940952255126059 0.37940952255126054 -0.5 0.55000000000000016 0.065000000000000016 0.97587888928342192 0.45000000000000007 0.95000000000000007 0.25000000000000006 0.55000000000000016 1.0454413088367662 1.2050000000000003 0.25881904510252091 -0.24999999999999994 0.10035309768621553 0.54269012772290737 0.75000000000000011 -0.91597561503675329 0.71666666666666667 0.63333333333333341 0.91597561503675362 -0.91597561503675329 0.083333333333333315 0.96250000000000002 0.9919160630702849 3.0650000000000004 -0.5 -0.98296291314453399 1.0000000180025095e-35 -0.5 -0.78656609248549303 -0.68301270189221952 0.45000000000000007 0.17499999999999996 0.58333333333333337 0.55000000000000016 0.8500000000000002 0.25000000000000017 -0.70710678118654757 0.083333333333333315 0.6830127018922193 0.75000000000000011 0.71666666666666667 0.95000000000000007 0.35000000000000003 0.75000000000000011 1.0000000180025095e-35
decision_type=2 2 2 2 2 2 2 2 2 2 2 2 2 2 2 2 2 2 2 2 2 2 2 2 2 2 2 2 2 2 2 2 2 2 2 2 2 2 2 2 2 2 2 2 2 2 2 2 2 2 2 2 2 2 2 2 2 2 2 2 2 2
left_child=2 6 5 19 10 8 7 17 16 13 22 12 -3 39 38 -16 36 50 -17 20 34 -21 -5 -19 -9 26 28 57 29 30 -10 -12 -25 -32 -4 48 37 -1 43 56 -41 42 -42 44 -8 -46 47 -45 -22 -50 -2 -36 -26 -30 55 -18 -7 59 -59 -28 -55 -62
right_child=1 11 3 4 -6 9 14 24 25 -11 31 -13 -14 -15 15 18 54 23 -20 21 35 -23 -24 32 52 -27 27 -29 53 -31 33 -33 -34 -35 51 -37 -38 -39 -40 40 41 -43 -44 46 45 -47 -48 -49 49 -51 -52 -53 -54 60 -56 -57 -58 58 -60 -61 61 -63
leaf_value=0.00032808067215462034 6.8611246391198091e-05 -1.3207348156388116e-05 -2.1825396577445462e-05 -1.2365403469167233e-05 -1.3207348156388116e-05 -0.00036448860882646287 -6.1329440323497318e-05 -1.9739849968732223e-05 4.6753501289532939e-05 0.0019531846586011447 -1.8402397602058134e-05 -1.3207348156388116e-05 -1.3207348156388116e-05 0.0014457809055709863 -1.1126032152931428e-05 -4.7335064421075821e-05 4.8270325492505429e-06 2.3291460508086435e-05 -1.5325932758714139e-05 -9.9547614846995922e-05 -7.0017770847462932e-05 0.00021002993502143935 -2.2399835459868357e-05 -1.6664889932241978e-05 -1.3834301351722791e-05 -0.00049182834771449482 -0.00014831797292178317 -0.00021151978301446326 1.9743214767191376e-06 -1.2783395397533841e-05 0.00034387817742881756 -1.3170083951909266e-05 -2.3940885721915748e-05 0.00079922530557046398 -3.6570383929325279e-05 -2.5797115819970921e-05 0.00074582436880999802 -2.1218143840477766e-05 -8.0532879710751152e-05 0.00032095238092209042 -0.000444396375871115 0.0015157449994756317 0.00071552724079995353 9.0949525316126603e-05 -2.2365806787484205e-05 2.1993259767636086e-05 4.1117643283150077e-06 2.0156285886251279e-05 0.00041273527493553924 1.0053989987270431e-05 -2.3569883394291461e-05 -3.6636325848600733e-05 -1.0457585373843579e-05 3.2269691976853294e-06 0.00015505490227284756 -0.00026599109035377821 0.00045928458279270056 -0.00020123815699924606 0.00080577775122479519 0.00047043433753693627 4.7519562161974229e-05 -9.5815598761772765e-05
leaf_weight=591 175 713 114 287 728 98 267 99 359 355 185 5138 4312 256 1155 121 508 84 175 95 209 131 84 217 206 124 128 427 2068 1420 236 190 646 167 88 428 1857 480 149 741 112 196 321 233 231 330 1959 672 93 99 514 195 116 581 432 115 91 385 90 1213 195 1107
leaf_count=591 175 713 114 287 728 98 267 99 359 355 185 5138 4312 256 1155 121 508 84 175 95 209 131 84 217 206 124 128 427 2068 1420 236 190 646 167 88 428 1857 480 149 741 112 196 321 233 231 330 1959 672 93 99 514 195 116 581 432 115 91 385 90 1213 195 1107
internal_value=-0.00784709 -0.0159721 0.00024744 -0.0107824 -0.0188746 0.00245053 -0.00236327 -0.0072449 0.00154998 0.00762782 -0.0114056 -0.0258117 -0.0243355 0.0059967 -0.000464765 -0.00345041 0.00396837 -0.00399511 -0.0111111 -0.00256022 -0.00381418 0.00422907 -0.00524194 -0.00661392 -0.0198341 0.000416422 0.000544348 0.00225936 -8.31431e-05 0.00164911 0.00534731 -0.0174734 -0.00760417 0.00898515 -0.00927136 -0.00119277 0.00522363 0.00305037 0.000663717 0.00463462 0.0054267 0.00804762 0.00518433 0.000942323 -0.00159228 0.000800712 0.00167539 0.00407285 0.00201493 0.00621762 -0.000391304 -0.0121479 -0.0224768 -0.00103998 0.000482955 -0.00139423 -0.00110526 0.00336819 0.000567227 0.00435917 -0.00227707 -0.00336147
internal_weight=35091 17512 17579 2926 1474 14653 7349 2057 12483 2170 746 10163 5025 1815 5292 1451 3983 1636 296 1452 1226 226 371 947 421 8500 8376 2243 6133 2182 762 375 863 403 397 829 2928 1071 3841 1559 1370 629 433 3692 828 561 2864 905 401 192 689 283 322 3951 1055 623 189 1816 475 1341 1883 1302
internal_count=35091 17512 17579 2926 1474 14653 7349 2057 12483 2170 746 10163 5025 1815 5292 1451 3983 1636 296 1452 1226 226 371 947 421 8500 8376 2243 6133 2182 762 375 863 403 397 829 2928 1071 3841 1559 1370 629 433 3692 828 561 2864 905 401 192 689 283 322 3951 1055 623 189 1816 475 1341 1883 1302
is_linear=0
shrinkage=0.03


Tree=125
num_leaves=63
num_cat=0
split_feature=0 8 1 6 8 0 11 10 8 0 0 8 5 5 11 11 0 11 10 1 6 8 6 9 5 7 10 10 10 11 6 7 1 0 1 8 1 11 0 11 9 0 1 10 7 7 0 7 8 11 9 5 7 5 10 6 7 11 6 0 4 1
split_gain=3554.65 2552.73 100.809 69.4124 108.327 33.9146 32.5159 31.2202 23.9366 25.7533 23.4992 24.1399 21.1295 19.1765 19.037 16.3803 16.3723 16.4632 16.0865 15.3741 14.6826 14.436 13.8989 13.2553 12.97 11.9937 11.8939 10.4503 10.2451 9.17748 12.7324 15.7804 9.76097 10.1129 10.0243 8.98727 10.8116 8.7001 8.62503 8.53132 8.3466 8.07949 11.4726 7.78996 7.76659 7.46245 7.39904 7.13096 7.7443 7.06797 12.1658 7.03151 6.75343 7.44575 6.67399 6.53228 6.50892 6.41186 8.81377 6.39501 5.93447 5.86206
threshold=0.015000000000000001 -1.0000000180025095e-35 2.7550000000000003 0.9919160630702849 -0.37940952255126059 1.0550000000000004 0.25000000000000017 0.25000000000000011 0.12940952255126045 1.0000000180025095e-35 0.03500000000000001 0.25881904510252091 0.82500000000000007 0.22500000000000003 0.6830127018922193 0.93301270189221952 3.3150000000000004 1.0000000180025095e-35 -0.6830127018922193 3.4250000000000003 0.55160846378518025 -0.37940952255126059 0.9919160630702849 0.37940952255126048 0.22500000000000003 1.0149612868436317 0.68301270189221941 0.25000000000000011 0.68301270189221941 0.93301270189221952 0.96010100249940655 0.52364334058496509 0.22400000000000003 0.72500000000000009 1.2050000000000003 0.25881904510252091 1.0250000000000001 -0.68301270189221952 3.0150000000000001 -0.68301270189221952 -0.60355339059327384 2.0950000000000002 2.1150000000000007 1.0000000180025095e-35 0.98638786951480462 0.077884493870845464 2.1950000000000007 0.58281840330496826 0.37940952255126054 -0.24999999999999994 -0.60355339059327384 0.22500000000000003 0.063144603934077628 0.55000000000000016 -0.24999999999999994 0.24817607891553481 0.94161878555775524 0.25000000000000017 0.56988722470830055 1.9150000000000003 0.85833333333333339 1.7650000000000003
decision_type=2 2 2 2 2 2 2 2 2 2 2 2 2 2 2 2 2 2 2 2 2 2 2 2 2 2 2 2 2 2 2 2 2 2 2 2 2 2 2 2 2 2 2 2 2 2 2 2 2 2 2 2 2 2 2 2 2 2 2 2 2 2
left_child=1 3 5 4 14 10 25 19 13 18 11 39 22 28 20 37 17 38 -10 -4 26 -17 -8 -16 -20 27 -1 47 -3 32 -31 52 45 34 -34 36 -29 43 51 -2 -27 42 59 -5 46 49 -43 -7 -49 50 55 56 60 -54 -25 -12 -9 58 -6 -24 -32 -61
right_child=2 8 7 15 57 6 12 16 9 -11 29 -13 -14 -15 23 21 -18 -19 24 -21 -22 -23 41 54 -26 40 -28 35 -30 30 31 -33 33 -35 -36 -37 -38 -39 -40 -41 -42 44 -44 -45 -46 -47 -48 48 -50 -51 -52 -53 53 -55 -56 -57 -58 -59 -60 61 -62 -63
leaf_value=-1.6048024113453892e-05 9.9811792162824917e-05 -1.2811127711696473e-05 0.00036308847907214726 -8.2676905104247033e-06 -1.3403245362518542e-05 0.00019994816087752081 -0.00011849687172800716 -0.00029137042443227898 -1.2811127711696473e-05 -1.275857775320606e-05 3.1954296271789782e-05 -1.4405488076964417e-05 -0.00078496864974180478 -1.2811127711696473e-05 -1.1310753980334889e-05 -2.9818100381965254e-05 0.0019729152743982715 0.0021154408560391681 -1.2811127711696473e-05 0.0014195185923652908 2.8486175422592052e-05 -1.2566653613091815e-05 0.00069749948692633288 -2.3978422479359459e-05 -1.2811127711696473e-05 4.7850436437055222e-05 -3.3307192629487683e-05 -0.00019150679830934602 -1.2811127711696473e-05 -0.00037478324373619004 -0.00014099298837613451 -0.00050652177681133001 9.3351170825754646e-05 -2.3463945790964947e-05 0.00099669234991565329 3.630420333292514e-05 0.00059327236687640723 -1.841815608724603e-06 0.0013066461977993126 -5.3723854934623997e-05 -0.00043884628192844831 0.0020392519142587383 -0.00021535581294772842 4.1845381708624537e-05 0.0014757997874105032 -6.623911671885786e-05 0.0009814441253721772 -2.9271338936129876e-05 -0.00050088145464548207 -1.3460631882323548e-05 2.8537714250121207e-06 0.0013828221829819242 0.00082593570060753496 1.4648964876506631e-05 -2.3820555029218744e-05 0.00048621158290527305 0.00044953963738412204 -1.0734391364910002e-05 -1.7251777800309607e-05 0.001419250261002678 0.00024995135041268877 0.00083102364687077652
leaf_weight=396 115 482 830 223 147 909 165 105 2319 272 165 302 104 812 129 455 117 188 2935 93 472 105 1199 89 4237 118 153 101 178 131 184 189 2165 1143 164 546 819 3312 235 263 148 85 97 565 135 745 265 1095 159 2238 1205 100 114 119 159 250 123 137 115 84 97 113
leaf_count=396 115 482 830 223 147 909 165 105 2319 272 165 302 104 812 129 455 117 188 2935 93 472 105 1199 89 4237 118 153 101 178 131 184 189 2165 1143 164 546 819 3312 235 263 148 85 97 565 135 745 265 1095 159 2238 1205 100 114 119 159 250 123 137 115 84 97 113
internal_value=-0.00769786 -0.0171831 0.00187982 -0.00215082 -0.00715795 0.00111175 0.00285203 0.00862165 -0.0258215 -0.0263652 -3.12826e-06 -0.00537445 0.00572509 -0.0221996 -0.00321658 -0.000218837 0.0127043 0.0110505 -0.0266277 0.00477273 -0.00108611 -0.00502674 0.0063666 -0.00896825 -0.0273442 0.00119353 -0.00441818 0.00164463 -0.0183359 0.000407407 -0.00258683 -0.000980114 0.000716939 0.00191765 0.0030515 0.00359918 0.00540717 0.000438917 0.00845745 -0.000316623 -0.00494382 0.00706417 0.00596386 0.00326996 0.0104321 -0.000188966 0.00803419 0.000318854 -0.00114741 0.000342058 0.00185071 0.00528875 0.00174757 0.00551282 -0.013012 0.00627404 0.00235808 -0.020925 -0.0180228 0.00665712 -0.00138298 0.0116667
internal_weight=35214 17692 17522 6457 1797 15731 6142 1791 11235 9763 9589 680 2247 1472 1398 4660 868 751 9491 923 1021 560 2143 377 7172 3895 549 3629 660 8909 834 703 8075 3472 2329 1466 920 4100 563 378 266 1978 1493 788 485 4603 350 2163 1254 3858 1620 328 514 233 248 415 228 399 262 1396 281 197
internal_count=35214 17692 17522 6457 1797 15731 6142 1791 11235 9763 9589 680 2247 1472 1398 4660 868 751 9491 923 1021 560 2143 377 7172 3895 549 3629 660 8909 834 703 8075 3472 2329 1466 920 4100 563 378 266 1978 1493 788 485 4603 350 2163 1254 3858 1620 328 514 233 248 415 228 399 262 1396 281 197
is_linear=0
shrinkage=0.03


Tree=126
num_leaves=63
num_cat=0
split_feature=8 9 9 11 9 6 9 5 8 11 10 11 5 8 5 10 10 11 2 6 6 4 4 10 4 5 8 7 10 7 7 7 10 10 2 11 9 10 3 10 4 8 2 11 3 10 5 5 3 6 7 10 11 2 7 2 7 4 6 11 11 10
split_gain=2519.09 2963.21 145.527 190.285 136.623 93.2481 88.5422 64.65 48.2501 64.1309 34.4866 29.3541 26.0353 25.0553 24.1106 23.8116 17.6703 17.2359 15.8808 15.8517 15.5466 14.3637 14.1207 13.2904 15.1704 13.1897 12.9619 12.5644 12.1711 15.0335 12.1275 11.8159 11.4835 11.4423 11.64 17.6831 10.4368 14.2152 10.7737 10.286 14.1589 10.2519 9.97972 9.97339 11.2415 9.90349 9.90038 9.87834 9.81199 9.78366 9.44 9.22464 8.50194 8.44478 8.41354 8.10623 7.80176 9.29083 7.72335 7.72818 7.70594 7.63257
threshold=-1.0000000180025095e-35 -0.37940952255126015 1.0000000180025095e-35 1.0000000180025095e-35 0.91597561503675351 0.9919160630702849 -0.60355339059327384 0.15000000000000005 0.78656609248549325 0.6830127018922193 -0.24999999999999994 0.6830127018922193 1.0000000180025095e-35 0.12940952255126045 0.15000000000000005 -0.24999999999999994 0.68301270189221941 -0.5 0.55000000000000016 0.9919160630702849 0.9919160630702849 0.41666666666666669 0.17499999999999996 0.25000000000000011 0.083333333333333315 0.45000000000000007 0.37940952255126054 0.058430880713489425 0.25000000000000011 0.87993605125903007 0.023553699522338052 0.052562508633789203 0.68301270189221941 -0.6830127018922193 0.25000000000000006 -0.24999999999999994 0.37940952255126048 -0.6830127018922193 0.62500000000000011 -0.5 0.58333333333333337 0.25881904510252091 0.55000000000000016 0.25000000000000017 0.95000000000000007 -0.6830127018922193 0.71666666666666667 0.82500000000000007 0.95000000000000007 0.81569335171151025 0.046996671788054618 0.93301270189221952 1.0000000180025095e-35 0.25000000000000006 0.21529843976777943 0.55000000000000016 0.65149940845676368 0.85833333333333339 0.76420684332829569 -0.9330127018922193 0.25000000000000017 0.25000000000000011
decision_type=2 2 2 2 2 2 2 2 2 2 2 2 2 2 2 2 2 2 2 2 2 2 2 2 2 2 2 2 2 2 2 2 2 2 2 2 2 2 2 2 2 2 2 2 2 2 2 2 2 2 2 2 2 2 2 2 2 2 2 2 2 2
left_child=4 8 3 58 6 42 7 15 19 16 -11 -7 33 14 32 -1 -10 46 -13 43 36 -15 -17 31 -25 -18 30 39 -22 47 55 -9 -4 34 35 -8 38 -38 -19 -28 52 56 -6 50 -45 -23 -14 48 -30 -35 -2 -26 -41 -29 -40 -21 57 -32 -3 -60 -42 -46
right_child=1 2 13 -5 5 11 12 23 9 10 -12 18 17 21 -16 22 25 20 -20 26 28 45 -24 24 51 -27 27 53 29 -31 41 -33 -34 49 -36 -37 37 -39 54 40 60 -43 -44 44 61 -47 -48 -49 -50 -51 -52 -53 -54 -55 -56 -57 -58 -59 59 -61 -62 -63
leaf_value=0.00056220172856099367 0.00012469941370549714 -2.3530314968260959e-05 -1.2426793880345579e-05 -1.2426793880345579e-05 -1.8902253959239373e-05 5.7258036199943349e-07 -9.499514910562953e-05 -0.00030018448963734873 3.1052716097926711e-05 -2.8887527521473697e-05 -1.2390647602001094e-05 -4.5538012880050789e-05 6.2412733926257155e-05 -1.2426793880345579e-05 -1.2426793880345579e-05 0.0015261314390216268 -1.2512614666473927e-05 0.00012915842672615255 -1.4950029966121612e-05 0.0012951935958008666 -3.201743967922297e-05 -1.2426793880345579e-05 0.00091560004833506569 0.0018456155341991275 0.00043210993172742684 -2.3471632972343579e-05 0.00046137448794564436 0.00012413622518184992 1.1102361279059511e-05 0.00078599744282293574 -0.00021772635262531009 0.00026046318282959722 -1.2426793880345579e-05 -4.9158511493904353e-05 4.3142418971833933e-05 -9.7683876574985652e-06 4.9797536072476694e-07 -2.5203102896042167e-05 -2.3347653453186701e-05 5.4336101982835889e-05 0.00078569722363831752 -1.0021319087890612e-05 -1.2810386146962476e-05 -0.00047041786329942044 0.00010684010540438521 -1.2426793880345579e-05 -2.1602814569511314e-05 4.6537370041672792e-05 -7.0919574084703986e-05 5.823428441745914e-05 -5.4824944740231028e-05 -0.00014948644664072427 -0.00016945658664002853 -0.00031452204360745469 -0.00043816137379076262 0.00064519498068317473 0.00067157010481451614 0.00090296346433352075 5.6861036619361159e-05 -2.473028193742044e-05 2.1313294074670113e-05 -0.00015268966224778145
leaf_weight=447 361 174 411 736 97 757 100 80 765 118 244 111 1480 4794 891 666 202 127 168 134 1628 658 237 149 772 156 557 172 806 96 240 1863 175 107 353 336 158 438 577 244 140 684 309 209 168 3281 932 213 221 2433 715 160 393 379 172 216 726 82 85 474 230 153
leaf_count=447 361 174 411 736 97 757 100 80 765 118 244 111 1480 4794 891 666 202 127 168 134 1628 658 237 149 772 156 557 172 806 96 240 1863 175 107 353 336 158 438 577 244 140 684 309 209 168 3281 932 213 221 2433 715 160 393 379 172 216 726 82 85 474 230 153
internal_value=-0.00769886 -0.0150933 -0.0244598 -0.0156122 0.00107103 -0.00773389 0.00194406 0.00551314 -8.23158e-05 -0.00490579 -0.0158678 -0.00295082 0.000409707 -0.0257311 -0.0220636 0.0109697 -0.00136121 -0.00064827 -0.01125 0.00115265 -0.00175794 -0.0263488 0.0137721 0.00307438 0.00573937 -0.00685237 0.00212244 0.000467864 -0.000505902 0.00161556 0.00380221 0.00158951 -0.0172743 0.00258559 -0.00056962 -0.00384439 -0.00427699 -0.00733668 -0.00218928 0.00184026 2.97619e-05 0.00276976 -0.0199017 -0.00138146 -0.00474576 -0.0277234 0.00139246 0.000725222 -0.000496109 0.00356553 0.000278552 0.00430868 -0.00268025 -0.00342391 -0.00356 0.00888889 0.00463298 0.000743034 -0.00478202 -0.00305357 0.00469003 -0.00121118
internal_weight=34960 18967 11679 1469 15993 1442 14551 4374 7288 1485 362 1036 10177 10210 1477 1350 1123 6848 279 5803 4436 8733 903 3024 1081 358 4197 2115 2964 1336 2082 1943 586 3329 789 436 1472 596 876 1564 1007 1732 406 1606 530 3939 2412 1240 1027 2540 1076 932 637 551 749 350 1048 322 733 559 370 321
internal_count=34960 18967 11679 1469 15993 1442 14551 4374 7288 1485 362 1036 10177 10210 1477 1350 1123 6848 279 5803 4436 8733 903 3024 1081 358 4197 2115 2964 1336 2082 1943 586 3329 789 436 1472 596 876 1564 1007 1732 406 1606 530 3939 2412 1240 1027 2540 1076 932 637 551 749 350 1048 322 733 559 370 321
is_linear=0
shrinkage=0.03


Tree=127
num_leaves=63
num_cat=0
split_feature=0 8 0 9 6 10 11 0 8 0 0 2 10 3 8 8 11 6 11 0 11 3 11 3 7 10 10 10 8 0 10 1 0 1 0 1 2 7 6 7 7 1 9 10 0 0 7 11 1 1 2 1 1 11 10 8 8 7 0 0 0 1
split_gain=3420.69 2585.88 101.262 84.1864 88.956 42.0434 28.0146 26.7274 28.1298 26.2777 25.2936 21.5215 21.0171 14.7851 15.231 13.4523 15.7534 12.7761 12.5411 12.364 13.1025 12.2581 12.1257 11.8505 11.6602 11.1793 10.9976 10.6831 10.3316 17.0276 9.79655 9.77984 13.311 11.5296 14.3316 14.7489 9.24793 8.67651 8.55175 8.60636 7.78393 7.73517 7.57558 7.37678 7.25668 7.09431 6.58288 6.1969 6.12212 5.89143 5.8254 5.23583 7.0338 5.18983 5.71583 13.2337 5.52896 5.13203 6.54159 6.35251 5.73453 5.11054
threshold=0.015000000000000001 -1.0000000180025095e-35 2.1150000000000007 0.91597561503675351 0.9919160630702849 0.25000000000000011 0.6830127018922193 1.0000000180025095e-35 0.12940952255126045 0.15500000000000003 3.3150000000000004 0.55000000000000016 -0.6830127018922193 0.75000000000000011 0.37940952255126054 1.0000000180025095e-35 -0.5 0.59844731329174716 0.25000000000000017 3.3550000000000004 0.25000000000000017 0.75000000000000011 0.93301270189221952 0.57500000000000007 0.90482202982202986 0.68301270189221941 0.68301270189221941 0.25000000000000011 0.25881904510252091 0.025000000000000005 -0.5 2.2750000000000004 1.8650000000000004 0.97500000000000009 0.41500000000000004 0.30300000000000005 0.55000000000000016 0.86714164852328679 0.97587888928342192 1.0221912558689528 0.97071909891988073 0.42500000000000004 -0.37940952255126015 -0.24999999999999994 2.9550000000000005 0.97500000000000009 1.0001953888237594 0.25000000000000017 0.24500000000000002 0.74500000000000011 0.35000000000000003 0.54500000000000015 0.66500000000000015 0.25000000000000017 0.25000000000000011 -0.91597561503675329 -0.78656609248549303 0.91131538972146353 1.5350000000000004 1.2450000000000003 1.2050000000000003 2.2550000000000003
decision_type=2 2 2 2 2 2 2 2 2 2 2 2 2 2 2 2 2 2 2 2 2 2 2 2 2 2 2 2 2 2 2 2 2 2 2 2 2 2 2 2 2 2 2 2 2 2 2 2 2 2 2 2 2 2 2 2 2 2 2 2 2 2
left_child=1 3 9 17 36 19 -6 8 21 28 15 -8 -10 14 18 16 40 25 31 20 -4 26 53 -14 61 -1 -3 38 48 -30 -16 32 33 34 35 -11 -5 -22 -20 -40 -7 -36 -15 -32 -17 49 -29 -45 -2 -44 -26 -43 -53 -19 55 -55 -56 59 60 -35 -59 -18
right_child=2 7 5 4 6 10 11 -9 12 13 -12 -13 23 42 30 44 24 22 27 -21 37 -23 -24 -25 50 -27 -28 46 29 -31 43 -33 -34 57 41 -37 -38 -39 39 -41 -42 51 45 47 -46 -47 -48 -49 -50 -51 -52 52 -54 54 56 -57 -58 58 -60 -61 -62 -63
leaf_value=-1.1082829012636426e-05 -2.2658978412486151e-05 -1.2053990063935212e-05 0.000118278538827285 -1.8666279263772555e-05 -3.5950653070605016e-06 0.0010267866724173796 -4.4171872493649263e-05 -1.2003016604199512e-05 -1.2053990063935212e-05 -9.4443602946674282e-05 0.001867855639041367 -1.5354674822308821e-05 -1.2053990063935212e-05 2.537454830245117e-05 9.3765558429694665e-05 0.00034137414547368516 0.00058355890783267077 2.2285631638946036e-05 -0.00053276645469238655 0.0016494913291402846 0.00010551658936129638 -1.2053990063935212e-05 -2.064325297214808e-05 -1.2053990063935212e-05 0.0018322539608349414 -2.7880029022831461e-05 -1.2053990063935212e-05 0.00074286693135768966 -1.1618550973597829e-05 -2.1926997786711632e-05 -0.00035169625340570026 0.00091026684137792357 -0.00075342762453442708 0.00051957613714201628 -0.00076735234063510466 0.0004911815388277921 -1.2541642162722227e-05 0.0010039936703881364 0.0004421270054713777 -0.00024265869539551952 -0.00022545277987228883 0.00011552686155181263 -5.4399921447612282e-05 4.8508821341874952e-06 0.0010279523807061285 -0.00063005867748532703 0.0014962211931777575 -0.00016504620736730089 0.0003910367464737605 0.00048050841008986402 0.0012799405877435776 -0.00053547612283151027 -5.7043467374137536e-05 -2.031547005671445e-05 7.9067114136695514e-06 2.5501235826031824e-05 -3.2299550258061362e-05 0.00066479572933051399 0.0010207877454044877 -9.0164497923209689e-05 -0.00011034094862804655 0.0013659677648786373
leaf_weight=522 1268 581 1458 92 755 172 123 280 2319 135 119 173 2627 4587 821 404 81 1901 87 97 145 688 511 4539 324 151 201 714 173 1000 109 175 152 122 84 91 306 286 1120 121 80 85 776 703 115 161 81 367 85 137 103 83 153 250 442 683 431 88 97 199 88 127
leaf_count=522 1268 581 1458 92 755 172 123 280 2319 135 119 173 2627 4587 821 404 81 1901 87 97 145 688 511 4539 324 151 201 714 173 1000 109 175 152 122 84 91 306 286 1120 121 80 85 776 703 115 161 81 367 85 137 103 83 153 250 442 683 431 88 97 199 88 127
internal_value=-0.00772898 -0.0170602 0.00171118 -0.00174105 -0.00808966 0.00626139 -0.0035076 -0.025704 -0.0259392 0.000558321 0.0100066 -0.0113131 -0.0265433 0.00117491 0.00225687 0.00886994 0.0111149 0.000141047 0.00340316 0.00338198 0.00284127 -0.0220258 0.000753733 -0.0273587 0.0136321 -0.00369436 -0.019387 0.00490113 -0.00220815 -0.00426746 0.000149925 0.00135222 0.000500726 0.0015416 -0.00128165 0.00475771 -0.0201504 0.00743056 0.00325056 0.00388889 0.00474308 -0.00465517 9.00742e-05 -0.00160169 0.00501923 -0.00217674 0.00765075 -0.000840336 -0.000420975 -0.0011488 0.016472 -0.00251553 -0.00481013 0.00135113 0.000199225 0.00183084 -0.00154462 0.00453782 0.00755474 0.00195652 0.0040678 0.0077512
internal_weight=34948 17575 17373 6340 1449 3511 1051 11235 10955 13862 1525 296 9485 11336 5675 1406 887 4891 3675 1986 1889 1470 4218 7166 635 673 782 2123 2526 1173 2000 1552 1377 1225 631 226 398 431 1328 1241 252 405 5661 1179 519 1074 795 1070 1353 913 427 321 236 3707 1806 933 873 594 273 321 176 208
internal_count=34948 17575 17373 6340 1449 3511 1051 11235 10955 13862 1525 296 9485 11336 5675 1406 887 4891 3675 1986 1889 1470 4218 7166 635 673 782 2123 2526 1173 2000 1552 1377 1225 631 226 398 431 1328 1241 252 405 5661 1179 519 1074 795 1070 1353 913 427 321 236 3707 1806 933 873 594 273 321 176 208
is_linear=0
shrinkage=0.03


Tree=128
num_leaves=63
num_cat=0
split_feature=0 8 1 9 6 10 0 11 0 8 2 5 10 11 0 6 8 10 2 2 2 11 0 11 10 1 2 6 10 1 0 8 11 10 7 8 9 0 1 7 8 0 7 0 1 5 9 10 5 10 7 7 0 5 6 7 7 8 7 11 10 6
split_gain=3415.62 2534.83 96.7448 79.7675 93.5839 40.421 29.1967 28.7273 27.7512 27.5507 26.1156 24.3339 19.9829 16.051 25.1696 18.5248 14.7551 17.4672 18.6388 14.6732 13.3631 15.6319 12.9489 12.9446 11.0818 10.8024 10.4738 10.1579 9.67018 8.47045 8.44069 23.3005 8.81324 8.41648 8.16412 7.36904 6.56439 6.53432 7.70685 6.43957 7.4857 6.35968 6.16905 13.7742 11.3929 6.13804 6.13062 8.79535 6.07539 6.07071 16.0419 6.75531 9.80908 5.82542 6.92091 5.82257 5.76545 5.71777 5.70685 5.38917 7.21055 5.37757
threshold=0.015000000000000001 -1.0000000180025095e-35 2.6150000000000007 0.91597561503675351 0.9919160630702849 0.25000000000000011 0.19500000000000003 0.6830127018922193 1.0000000180025095e-35 0.12940952255126045 0.55000000000000016 0.35000000000000003 -0.6830127018922193 0.25000000000000017 1.385 0.9919160630702849 0.37940952255126054 0.68301270189221941 0.8500000000000002 0.55000000000000016 0.55000000000000016 -0.5 3.3150000000000004 1.0000000180025095e-35 1.0000000180025095e-35 0.52333333350000011 0.45000000000000007 0.9919160630702849 -0.24999999999999994 3.3650000000000007 0.03500000000000001 0.25881904510252091 -0.68301270189221952 0.68301270189221941 1.0822077054541988 -0.70710678118654735 0.1294095225512602 0.41500000000000004 0.28500000000000009 1.0001953888237594 -0.25881904510252113 2.0150000000000001 0.077884493870845464 1.5450000000000002 0.33500000000000008 0.15000000000000005 0.60355339059327384 0.25000000000000011 0.63333333333333341 0.93301270189221952 0.64482146574486976 0.99567948058736 1.2450000000000003 0.22500000000000003 0.87064863372406032 0.83293623875348777 0.92101535768282028 -0.91597561503675329 1.0050635832222339 1.0000000180025095e-35 -0.5 0.41134755504551518
decision_type=2 2 2 2 2 2 2 2 2 2 2 2 2 2 2 2 2 2 2 2 2 2 2 2 2 2 2 2 2 2 2 2 2 2 2 2 2 2 2 2 2 2 2 2 2 2 2 2 2 2 2 2 2 2 2 2 2 2 2 2 2 2
left_child=1 3 6 20 19 29 30 -6 9 11 -9 33 -11 24 16 -16 17 -15 -19 -5 53 46 23 39 34 -20 -14 35 -18 -4 31 32 -2 -3 37 -23 49 38 -8 40 -7 45 43 -39 -44 -17 -22 61 -10 51 -51 56 -53 57 -55 -38 -26 -1 -25 60 -59 -48
right_child=2 8 5 4 7 22 13 10 48 12 -12 -13 26 14 15 41 28 18 25 -21 21 27 -24 58 36 -27 -28 -29 -30 -31 -32 -33 -34 -35 -36 -37 55 42 -40 -41 -42 -43 44 -45 -46 -47 47 -49 -50 50 -52 52 -54 54 -56 -57 -58 59 -60 -61 -62 -63
leaf_value=-1.6529010981785624e-05 6.3831571353047887e-05 -1.1692370362017155e-05 0.00031081647608118045 -1.5263323059483942e-05 -2.9236511132858627e-06 0.0013998798910919796 -1.4772669975873438e-05 -4.0835515988567186e-05 -1.1642926106073525e-05 -1.1692370362017155e-05 -1.5173392975268219e-05 -1.1692370362017155e-05 -1.1692370362017155e-05 0.00012040419836863172 -0.00086365538560529754 0.00062462491190085729 5.4379053130059748e-05 0.0011931534116191001 -8.8733377709153226e-05 -1.2161466740668415e-05 7.9392502539780366e-05 -2.1713499869459695e-05 0.0017862226968304762 0.0014235001004394565 0.00010577215521727775 0.00074617908122303212 -1.1692370362017155e-05 -1.255936647423246e-05 -0.00018247371409451846 0.0011503149702618886 -9.9709427356201029e-06 -1.325486692116938e-05 -3.4391017786441458e-05 -1.1692370362017155e-05 -0.00014610175677307448 -1.3194964282933172e-05 4.1837516838879595e-05 -3.0185163978863789e-05 0.00021852182664792809 0.00018942188688027327 0.00073826678365995042 0.0010245090283923675 -0.00050742829624646853 0.00130253085836047 -9.6474064360533286e-05 0.00035556873772589205 -2.7905744653934873e-05 8.1763748696105949e-05 -1.1642926106073525e-05 -0.00013969795863214991 0.00041209347793432437 7.5295963232179731e-05 -0.00034281296101177473 -3.9007603218132313e-05 6.0155807621316139e-05 -0.00018246042551774573 0.00059901237911732521 -2.4915285152114982e-05 0.002267315568521216 2.2355716801687222e-05 2.1736949960399538e-05 4.0830054626243143e-06
leaf_weight=204 111 527 959 91 784 218 346 123 183 2326 177 745 2003 1940 114 435 454 189 162 323 149 594 115 175 2371 116 5184 1511 501 142 2365 298 269 198 108 184 118 434 198 96 320 573 99 102 1977 475 103 150 97 631 355 98 108 82 329 97 247 251 86 739 340 305
leaf_count=204 111 527 959 91 784 218 346 123 183 2326 177 745 2003 1940 114 435 454 189 162 323 149 594 115 175 2371 116 5184 1511 501 142 2365 298 269 198 108 184 118 434 198 96 320 573 99 102 1977 475 103 150 97 631 355 98 108 82 329 97 247 251 86 739 340 305
internal_value=-0.0078006 -0.0170785 0.00163765 -0.00206366 -0.00812542 0.00765625 0.000806304 -0.00348387 -0.0256614 -0.0259004 -0.0113621 -0.0220258 -0.0264967 0.00145971 0.00277621 0.0058761 0.00130241 0.00255399 0.00775641 -0.020241 -0.000224605 -0.00148148 0.0119881 0.0107478 0.000563786 0.0027957 -0.0272913 -0.00268559 -0.00185146 0.00367514 -0.00182326 -0.00477172 0.00015748 -0.0180579 -0.000735069 -0.00546855 0.00161699 -0.000456129 0.00253211 0.00840945 0.0096846 0.00677224 -0.00107922 0.00178771 -0.00181993 0.00520307 0.00241525 0.000966011 -0.0162278 0.00190501 -0.000121581 0.00261239 -0.0026087 0.0017112 0.00487864 -0.00347222 0.00302405 0.000859935 0.016374 0.00157776 -0.000557432 -0.00132029
internal_weight=35104 17702 17402 6439 1498 2111 15291 1084 11263 10983 300 1470 9513 12248 4959 1597 3362 2407 467 414 4941 2996 1010 895 7289 278 7187 2289 955 1101 3043 678 380 725 3264 778 4025 3156 544 634 538 1483 2612 536 2076 910 707 558 280 3810 986 2824 206 1945 411 215 2618 1534 261 1330 591 408
internal_count=35104 17702 17402 6439 1498 2111 15291 1084 11263 10983 300 1470 9513 12248 4959 1597 3362 2407 467 414 4941 2996 1010 895 7289 278 7187 2289 955 1101 3043 678 380 725 3264 778 4025 3156 544 634 538 1483 2612 536 2076 910 707 558 280 3810 986 2824 206 1945 411 215 2618 1534 261 1330 591 408
is_linear=0
shrinkage=0.03


Tree=129
num_leaves=63
num_cat=0
split_feature=0 8 1 9 6 10 0 8 5 10 0 3 8 0 8 0 3 6 3 4 9 6 3 4 1 10 10 8 0 10 10 0 4 9 6 10 7 10 8 7 7 3 8 0 10 0 1 0 0 0 7 6 1 8 10 1 0 4 1 0 8 10
split_gain=3356.67 2637.01 80.7322 71.6431 85.1473 51.7019 26.2178 24.2739 23.43 21.1042 19.116 14.5288 20.9063 13.5102 11.624 29.5425 11.5692 11.3079 11.1247 11.0948 10.805 10.7184 12.8517 10.4658 10.1956 10.0228 9.62571 10.042 10.034 9.56858 10.5811 9.48406 9.41808 8.62526 9.37237 8.41136 8.16904 7.71016 7.14643 8.97489 8.44827 7.87516 6.93219 6.83105 6.68804 6.898 6.57467 12.4987 9.56587 6.47318 6.41088 6.20619 6.19048 5.96575 5.89081 5.72144 5.6824 5.63161 10.3803 10.9051 8.97208 5.60474
threshold=0.015000000000000001 -1.0000000180025095e-35 2.5250000000000004 0.91597561503675351 0.9919160630702849 0.25000000000000011 0.32500000000000007 0.12940952255126045 0.22500000000000003 -0.6830127018922193 3.3150000000000004 0.45000000000000007 0.37940952255126054 1.0000000180025095e-35 0.25881904510252091 0.025000000000000005 0.45000000000000007 0.9919160630702849 0.62500000000000011 0.17499999999999996 -0.12940952255126037 0.9919160630702849 0.11666666666666667 0.51666666666666683 3.4250000000000003 0.93301270189221952 0.25000000000000011 1.0000000180025095e-35 2.1350000000000002 1.0000000180025095e-35 0.93301270189221952 1.8650000000000004 0.058333333333333307 -0.12940952255126037 0.96010100249940655 -0.6830127018922193 1.0510357296071584 0.68301270189221941 -0.5 0.97719869706840423 0.95386832187984938 0.57500000000000007 -0.60355339059327362 1.6150000000000004 0.25000000000000011 1.8250000000000004 1.7450000000000003 1.9650000000000001 2.2250000000000005 1.885 0.64482146574486976 0.94457821059868363 0.78500000000000014 0.25881904510252091 -0.5 0.78500000000000014 0.62500000000000011 0.37222222222222229 0.68500000000000016 1.6810000000000003 0.60355339059327384 1.0000000180025095e-35
decision_type=2 2 2 2 2 2 2 2 2 2 2 2 2 2 2 2 2 2 2 2 2 2 2 2 2 2 2 2 2 2 2 2 2 2 2 2 2 2 2 2 2 2 2 2 2 2 2 2 2 2 2 2 2 2 2 2 2 2 2 2 2 2
left_child=1 3 6 21 18 24 14 8 37 -9 25 12 20 16 17 -16 -11 19 -5 -2 26 22 -1 -6 43 38 36 28 31 33 57 52 35 -13 -35 -14 46 -3 39 -7 41 -40 -24 -4 -37 -46 47 -8 49 -48 55 -21 -28 -45 -22 56 -32 58 -31 -60 -59 -23
right_child=2 7 5 4 23 10 11 9 -10 13 -12 29 32 -15 15 -17 -18 -19 -20 51 54 61 42 -25 -26 -27 27 -29 -30 30 50 -33 -34 34 -36 44 -38 -39 40 -41 -42 -43 -44 53 45 -47 48 -49 -50 -51 -52 -53 -54 -55 -56 -57 -58 60 59 -61 -62 -63
leaf_value=7.8564062652866417e-05 7.7322407163696316e-05 -1.134159925115664e-05 0.001304740950041805 -1.3585684079492721e-05 -9.5440163853096389e-06 0.0010384501525864287 0.00050279894363776216 -1.134159925115664e-05 -1.134159925115664e-05 -1.134159925115664e-05 0.0017341151633361162 1.2399430837371771e-06 0.00015435141273532403 -1.129363832289132e-05 -1.0872348436754813e-05 -1.939183322061855e-05 -1.134159925115664e-05 6.2730583711454664e-05 -1.1718806064226006e-05 -3.1708544596423664e-05 -0.00080279156022727588 -1.386820317434102e-06 -1.1369205894371528e-05 -1.2705354509882904e-05 0.0010171824487225129 0.0015237750511096105 0.00045106823133242186 0.00028305976816139219 0.001699002890187357 -9.0931769859132336e-05 -0.00021294941649751902 -0.00017831221696661402 0.00011006097138801796 -0.000463762396419394 -8.7247605348225377e-05 -0.00029064226481610223 -0.00035067168995380702 -1.134159925115664e-05 0.00014383009466534925 -0.00019420566579091302 0.0012521426286390047 0.0014491481737435984 -1.9911478819102013e-05 0.00020037201455653462 -8.1081643631052689e-05 0.00027836874622714223 0.00030470116973343618 0.0013999102588716371 0.00043018778413238642 -0.00036744830537265737 0.00016369780939674448 -0.00022744411607446998 0.0011524939925865796 -0.00022506766719593006 6.4478021235713913e-05 -0.0006775968291772241 7.3448276614672959e-05 0.0002059130397936975 0.00061662569452007262 -2.6987152964441651e-05 0.00041579837956286128 1.7691070167609804e-05
leaf_weight=88 124 474 101 103 738 102 617 2375 798 2408 122 3268 245 207 171 1842 4738 1361 298 827 84 1918 927 339 91 257 119 235 138 484 141 93 435 83 174 167 81 179 136 95 293 134 361 904 321 86 116 81 203 172 127 116 308 180 303 91 121 1416 282 330 178 1641
leaf_count=88 124 474 101 103 738 102 617 2375 798 2408 122 3268 245 207 171 1842 4738 1361 298 827 84 1918 927 339 91 257 119 235 138 484 141 93 435 83 174 167 81 179 136 95 293 134 361 904 321 86 116 81 203 172 127 116 308 180 303 91 121 1416 282 330 178 1641
internal_value=-0.00785539 -0.0170898 0.00150553 -0.00175398 -0.00754564 0.00659354 0.000682685 -0.0258864 -0.0222107 -0.0264323 0.0112368 0.0015 0.00298029 -0.0272382 -0.00124944 -0.00293446 -0.0274605 0.000148209 -0.0193284 -0.00216292 0.0045394 -1.82334e-05 -0.0022658 -0.00314471 0.00244323 0.0098723 0.00536506 0.00775168 0.00965099 0.000658602 0.0018543 0.00771593 -0.000191235 -0.000416903 -0.00569767 -0.00208537 0.00368214 -0.0179358 0.00812089 0.00318182 0.00984043 0.00597786 -0.0030256 0.00169477 -0.00406957 -0.00198529 0.00431092 0.00618026 0.00164634 -0.00186851 -0.00224532 -0.00327331 0.0096028 0.000995392 -7.73196e-05 -0.00432203 -0.00205323 0.0025864 0.000929809 0.00352365 0.00372414 0.000851124
internal_weight=34947 17592 17355 6413 1478 2415 14940 11179 1451 9728 1139 10499 3804 7353 4441 2013 7146 2428 401 1067 2550 4935 1376 1077 1276 1017 2163 893 658 6695 3170 520 1254 3525 257 819 1270 653 760 197 563 270 1288 1185 574 407 1189 698 491 288 480 943 427 1084 387 353 262 2690 1096 612 1594 3559
internal_count=34947 17592 17355 6413 1478 2415 14940 11179 1451 9728 1139 10499 3804 7353 4441 2013 7146 2428 401 1067 2550 4935 1376 1077 1276 1017 2163 893 658 6695 3170 520 1254 3525 257 819 1270 653 760 197 563 270 1288 1185 574 407 1189 698 491 288 480 943 427 1084 387 353 262 2690 1096 612 1594 3559
is_linear=0
shrinkage=0.03


Tree=130
num_leaves=63
num_cat=0
split_feature=0 8 9 6 1 0 11 8 0 0 11 5 4 7 6 11 0 8 4 8 11 7 9 4 6 9 11 0 3 6 11 0 1 0 9 8 1 1 4 0 11 3 0 4 1 1 4 4 0 8 0 0 1 11 0 7 3 3 0 0 7 3
split_gain=3432.73 2533.22 78.3715 86.1416 78.1408 30.6502 30.4571 29.7282 27.5284 25.8274 23.8822 21.1595 20.6887 16.3343 16.2989 17.5673 30.1028 13.6327 12.1623 11.9028 11.3222 10.1789 10.5189 9.76319 9.65993 9.64946 10.6591 11.0287 9.61665 8.55963 8.1714 9.84627 8.20673 8.15806 7.97085 7.9428 23.1074 10.5902 10.1167 8.1352 7.79596 10.2906 7.68378 7.58347 7.53013 7.22607 7.0716 6.86092 6.6102 6.6016 6.49796 11.6863 9.44362 6.46649 6.37624 8.67459 6.12399 6.10165 6.03106 5.86126 6.45751 6.74947
threshold=0.015000000000000001 -1.0000000180025095e-35 0.91597561503675351 0.9919160630702849 2.7850000000000006 1.0000000180025095e-35 0.6830127018922193 0.12940952255126045 0.13500000000000004 3.3150000000000004 -0.5 0.35000000000000003 0.58333333333333337 0.30154741963787196 0.9919160630702849 0.25000000000000017 1.4850000000000001 0.37940952255126054 0.41666666666666669 0.78656609248549325 0.25000000000000017 1.0149612868436317 -0.60355339059327384 0.083333333333333315 0.96010100249940655 -0.5 -0.5 1.405 0.8500000000000002 0.56988722470830055 1.0000000180025095e-35 2.8850000000000002 3.1150000000000007 0.03500000000000001 -0.98296291314453399 0.25881904510252091 0.58500000000000008 1.0050000000000001 0.4333333333333334 0.33500000000000008 0.93301270189221952 0.35000000000000003 1.2050000000000003 0.17499999999999996 0.095000000000000015 1.5450000000000002 0.58333333333333337 0.48333333333333339 1.8250000000000004 0.78656609248549325 1.3050000000000004 0.97500000000000009 0.44166666650000003 0.93301270189221952 2.0950000000000002 0.86021275809054465 0.25000000000000006 0.95000000000000007 1.7620000000000002 1.1150000000000004 0.52965104046648182 0.57500000000000007
decision_type=2 2 2 2 2 2 2 2 2 2 2 2 2 2 2 2 2 2 2 2 2 2 2 2 2 2 2 2 2 2 2 2 2 2 2 2 2 2 2 2 2 2 2 2 2 2 2 2 2 2 2 2 2 2 2 2 2 2 2 2 2 2
left_child=1 2 24 20 8 7 -5 11 13 10 34 -3 -8 19 23 21 17 28 -9 57 29 35 -23 -10 -1 26 -25 -28 53 -4 32 -32 -12 -21 -6 37 38 39 48 -16 41 46 47 -42 58 -44 -26 -39 -37 -40 51 52 -41 -17 -46 -56 -24 -2 -18 60 61 -55
right_child=4 5 3 6 9 -7 12 18 14 -11 30 -13 -14 -15 15 16 44 -19 -20 33 -22 22 56 25 40 -27 27 -29 -30 -31 31 -33 -34 -35 -36 36 -38 42 49 50 43 -43 45 -45 54 -47 -48 -49 -50 -51 -52 -53 -54 59 55 -57 -58 -59 -60 -61 -62 -63
leaf_value=-1.1216678006151333e-05 4.0975489062020778e-06 -1.1001351273621942e-05 -1.1532457625823433e-05 -2.4487784679774575e-06 -0.00034172969976347219 -1.095482917320458e-05 -2.5740781841099967e-05 -1.1001351273621942e-05 0.00026509439309392282 0.0016690172554808835 0.00040139209911670582 -1.1001351273621942e-05 -1.2602453191447691e-05 0.00011178150821310243 0.00019790546412462966 0.00060654599896239642 0.00086192003402720061 -4.5296917187104546e-05 -1.1001351273621942e-05 -1.0546177983652168e-05 -9.7168445772468399e-06 9.657676695823125e-05 -0.00020678231630963362 0.00012109783475212965 -1.6089819958915034e-06 -9.912080666405726e-05 -1.4862550877646208e-05 -0.00085161208772020238 -1.3148331604017766e-05 -1.4548671633353236e-05 0.0012126783400847295 0.002615887386015917 0.0012160557345079564 -3.0188879716849629e-05 0.0004588646983352307 -5.7296685897308825e-06 -0.00036476058059171256 0.00081561117147926823 0.00063367211851542453 -0.00024289725943631491 1.9805784313076956e-05 1.7873212436012344e-05 -0.0001280077785413769 -4.6632833811843609e-05 0.00040483223037007522 0.00040580577546375785 -5.7937457465749368e-05 0.00041225944205699165 0.00067810257896607992 1.4208745721598359e-05 0.00063364243499170381 -0.00056627301366433177 0.00012026282156656519 0.00091528685569472934 0.00018390411437997243 0.001298031502680596 -8.8687644376007617e-05 -5.3935773180417509e-05 0.0021720312424274289 0.00061714618992503073 -0.00032989403937031398 -9.0138916810050265e-05
leaf_weight=1224 806 737 157 767 192 266 164 5102 347 209 216 751 127 184 286 1053 120 882 4431 250 138 132 158 1073 1039 721 1331 202 493 120 97 104 188 489 714 918 665 174 267 219 128 2042 278 361 688 1223 139 170 116 176 84 100 399 85 147 360 139 567 89 81 156 91
leaf_count=1224 806 737 157 767 192 266 164 5102 347 209 216 751 127 184 286 1053 120 882 4431 250 138 132 158 1073 1039 721 1331 202 493 120 97 104 188 489 714 918 665 174 267 219 128 2042 278 361 688 1223 139 170 116 176 84 100 399 85 147 360 139 567 89 81 156 91
internal_value=-0.00780975 -0.0171194 -0.00205088 -0.00812076 0.00163589 -0.0256706 -0.00356941 -0.0259145 0.000971374 0.00770482 0.00632937 -0.0219208 -0.0118151 -0.00206356 0.00149061 0.00213231 0.0035822 0.00180507 -0.0265356 -0.00281117 -0.0196875 0.00101362 -0.0034186 -0.000212245 -0.00023713 -0.000712139 0.00013809 -0.00146675 0.00319898 -0.0160791 0.0109406 0.0158911 0.00844444 -0.00587838 0.00324146 0.00138889 0 0.00240286 0.00209066 5.50964e-05 0.000525606 0.00106178 0.00378657 -0.003 0.00717438 0.00285619 -0.00117048 0.00782609 0.000463768 0.00587838 -0.0014944 -0.00242003 -0.000872375 0.00441718 0.00624582 0.00879921 -0.00654362 -0.00115721 0.0124286 0.00123188 -0.000540541 0.00338983
internal_weight=35132 17693 6406 1473 17439 11287 1058 11021 15719 1720 1511 1488 291 2296 13423 9749 4245 2841 9533 2112 415 5504 429 3674 4933 3327 2606 1533 1959 277 605 201 404 739 906 5075 2142 2933 1477 1088 3709 3220 1845 489 1404 1501 1178 344 1034 443 802 718 618 1466 1195 507 297 1373 209 413 332 176
internal_count=35132 17693 6406 1473 17439 11287 1058 11021 15719 1720 1511 1488 291 2296 13423 9749 4245 2841 9533 2112 415 5504 429 3674 4933 3327 2606 1533 1959 277 605 201 404 739 906 5075 2142 2933 1477 1088 3709 3220 1845 489 1404 1501 1178 344 1034 443 802 718 618 1466 1195 507 297 1373 209 413 332 176
is_linear=0
shrinkage=0.03


Tree=131
num_leaves=63
num_cat=0
split_feature=0 8 9 6 1 10 0 8 5 0 0 10 10 1 8 9 10 3 4 1 6 6 9 4 3 3 7 9 10 8 4 3 8 0 0 0 10 5 7 5 3 8 1 0 8 0 10 4 0 1 0 4 10 6 3 10 7 7 0 1 0 4
split_gain=3374.05 2551.74 74.5758 91.2266 71.7688 30.5519 28.6489 25.5857 26.4982 22.5633 20.4192 17.4037 16.492 22.1212 15.3614 13.3449 12.4474 11.8677 11.8091 11.1307 10.2583 9.90804 9.29011 9.10972 12.9168 8.7272 10.9674 8.89921 8.69023 15.281 8.66483 8.15385 7.63642 21.9684 7.52161 7.27464 7.16419 8.48036 6.99385 6.71435 6.71419 6.54408 6.71661 6.46534 6.46338 6.42803 6.35788 8.4255 6.25604 6.25121 12.7554 9.76198 6.19746 6.00263 5.91117 5.54096 5.39158 8.65342 5.68009 5.38751 5.34069 5.21798
threshold=0.015000000000000001 -1.0000000180025095e-35 0.91597561503675351 0.9919160630702849 2.6150000000000007 0.25000000000000011 1.0000000180025095e-35 0.12940952255126045 0.35000000000000003 0.19500000000000003 3.3350000000000004 -0.6830127018922193 0.25000000000000011 1.0050000000000001 0.25881904510252091 -0.37940952255126015 0.68301270189221941 0.45000000000000007 0.51666666666666683 0.32500000000000007 0.9919160630702849 0.92930638923935771 0.37940952255126048 0.58333333333333337 0.25000000000000006 0.8500000000000002 0.68122099342661457 -0.78656609248549325 0.68301270189221941 1.0000000180025095e-35 0.17499999999999996 0.57500000000000007 0.37940952255126054 0.03500000000000001 2.7550000000000003 1.7050000000000003 1.0000000180025095e-35 0.82500000000000007 1.0246784706305281 0.35000000000000003 0.75000000000000011 1.0000000180025095e-35 0.025000000000000005 0.36500000000000005 1.0000000180025095e-35 1.6650000000000003 -0.5 0.48333333333333339 3.1950000000000007 0.24500000000000002 0.71500000000000008 0.083333333333333315 1.0000000180025095e-35 0.9919160630702849 0.35000000000000003 -0.5 0.86714164852328679 0.91581153787403058 0.71500000000000008 1.0650000000000002 0.64500000000000013 0.29285714285714293
decision_type=2 2 2 2 2 2 2 2 2 2 2 2 2 2 2 2 2 2 2 2 2 2 2 2 2 2 2 2 2 2 2 2 2 2 2 2 2 2 2 2 2 2 2 2 2 2 2 2 2 2 2 2 2 2 2 2 2 2 2 2 2 2
left_child=1 2 20 40 9 45 7 8 16 19 28 -9 15 23 53 25 -3 -13 -5 32 22 -17 -1 30 -25 26 27 46 31 34 35 -7 -2 -34 -30 44 -22 -38 49 -16 -4 -27 -43 -32 -14 -6 61 -48 -47 -23 -51 -52 -20 -15 -24 -44 -28 -58 -59 -53 -49 -11
right_child=4 6 3 18 5 10 -8 11 -10 12 -12 17 13 14 39 21 -18 -19 52 -21 36 38 54 24 -26 41 56 -29 29 -31 43 -33 33 -35 -36 -37 37 -39 -40 -41 -42 42 55 -45 -46 48 47 60 -50 50 51 59 -54 -55 -56 -57 57 58 -60 -61 -62 -63
leaf_value=2.7526255399097396e-05 -1.106531604767133e-05 -1.0671310735413283e-05 -1.3868775031067657e-05 -6.8147429712064409e-06 0.0010872738497614376 0.00023822105807114023 -1.0626184298008442e-05 -1.0671310735413283e-05 -1.0671310735413283e-05 0.00068832718982819838 0.0016470896421324655 -1.0671310735413283e-05 0.00014609178492228854 0.00011059331550098416 -0.00011621258545225554 -0.00021908369572115448 -1.0671310735413283e-05 -1.0671310735413283e-05 -1.0077141394684159e-05 0.00047242583876989843 -4.0434477448722784e-06 -0.00011313625672133899 2.3670415167020441e-05 0.00071871397959460406 9.0528399451607694e-05 0.00013071096176376506 -0.00015388899076713037 6.7170901219537469e-05 0.0012049572529219666 0.00036890522560286575 -0.00017387682126743467 0.0012097139312613825 -1.0229792644142603e-05 -1.8227121168455583e-05 0.001555147720220003 0.00036647253703952137 1.4332174895244926e-05 4.3316702609693804e-05 -0.00039890616111705024 0.00061172604453304657 -1.1024681123425373e-05 1.3890569458601258e-05 -0.00030912720889587388 -0.0001210838004906109 -5.9146199244425875e-05 9.732934255255898e-05 -0.00019136598955249662 0.00020170233736888088 0.00088896888182174948 0.00021649306650419365 0.00011349198693213824 -0.0007113325541235904 -1.4283509499788193e-05 0.00085411291703969849 -1.7634019713923105e-05 -5.8729960335759665e-05 0.00054731039682901275 0.00021235174064204181 -5.1890491764864378e-05 -0.00017961827892454485 0.00087990767388238607 0.001244594705928075
leaf_weight=238 1598 521 136 716 99 196 278 2306 724 341 101 2438 384 205 216 327 209 4771 148 113 1894 226 129 130 1304 1052 643 937 133 191 146 113 287 1045 254 124 1433 187 121 84 265 494 284 506 546 829 128 89 182 439 213 111 184 1240 1012 450 216 90 737 117 126 264
leaf_count=238 1598 521 136 716 99 196 278 2306 724 341 101 2438 384 205 216 327 209 4771 148 113 1894 226 129 130 1304 1052 643 937 133 191 146 113 287 1045 254 124 1433 187 121 84 265 494 284 506 546 829 128 89 182 439 213 111 184 1240 1012 450 216 90 737 117 126 264
internal_value=-0.00789641 -0.017166 -0.0019486 -0.00792414 0.00145766 0.00666031 -0.0257459 -0.0259881 -0.0222268 0.000745402 0.0104954 -0.0265605 0.00131804 0.0026709 0.00537801 0.000425331 -0.0181395 -0.0272996 -0.00326025 -0.00156702 -0.000177769 -0.00204502 -0.00236957 0.00116523 0.00292683 0.00108168 0.00200728 0.003579 0.00902027 0.0111917 -0.000316344 0.00493548 -0.00192426 -0.0036009 0.0146134 0.00136493 0.000682788 0.00214682 -0.000806189 -0.000797342 -0.0200746 -0.00036826 -0.00185517 -0.00303216 0.000451128 0.00324032 0.00562698 0.00235465 0.00251976 -5.42005e-05 0.00108967 -0.00251131 -0.00792793 0.00665975 -0.00349387 -0.00367347 0.000248963 0.00158046 0.000181159 -0.00681223 0.00597222 0.00747525
internal_weight=35020 17589 6342 1449 17431 2098 11247 10969 1454 15333 988 9515 12290 4885 1745 7405 730 7209 1048 3043 4893 1554 1379 3140 1434 5851 3571 1885 887 578 1706 309 2930 1332 387 1054 3514 1620 1227 300 401 2280 1228 652 930 1110 948 343 1011 1106 880 441 332 1445 1141 734 1686 1043 827 228 215 605
internal_count=35020 17589 6342 1449 17431 2098 11247 10969 1454 15333 988 9515 12290 4885 1745 7405 730 7209 1048 3043 4893 1554 1379 3140 1434 5851 3571 1885 887 578 1706 309 2930 1332 387 1054 3514 1620 1227 300 401 2280 1228 652 930 1110 948 343 1011 1106 880 441 332 1445 1141 734 1686 1043 827 228 215 605
is_linear=0
shrinkage=0.03


Tree=132
num_leaves=63
num_cat=0
split_feature=0 8 9 6 0 10 11 0 2 0 8 0 11 5 10 0 8 11 4 2 6 2 8 5 8 11 10 9 11 0 2 3 10 11 11 6 0 11 8 10 2 10 8 8 10 5 5 5 10 3 4 4 3 10 8 0 2 3 6 10 5 8
split_gain=3389.53 2616.13 76.0699 94.4878 58.6639 48.0466 29.3724 27.9657 27.1044 26.944 28.2864 26.1636 21.3985 20.7602 14.1775 13.8552 13.5536 12.285 20.1593 11.1435 10.8591 10.5914 10.4797 12.5684 12.0003 11.6552 9.42547 9.31836 11.3538 8.29145 7.73405 7.72738 7.68721 7.33729 7.20612 7.11097 7.40163 7.13982 6.79432 6.69589 6.66824 6.50843 12.5294 10.3607 12.5133 8.58353 7.70024 6.82202 11.2744 10.1758 6.4715 6.44221 6.3205 6.3079 12.8772 6.19477 6.145 6.0027 5.95232 8.66978 5.74378 7.81703
threshold=0.015000000000000001 -1.0000000180025095e-35 0.91597561503675351 0.9919160630702849 1.5050000000000001 0.25000000000000011 0.6830127018922193 3.3150000000000004 0.55000000000000016 1.0000000180025095e-35 0.12940952255126045 0.14500000000000005 0.25000000000000017 0.22500000000000003 -0.6830127018922193 3.1050000000000004 1.0000000180025095e-35 -0.5 0.083333333333333315 0.55000000000000016 0.21090423132313618 0.55000000000000016 1.0000000180025095e-35 0.083333333333333315 -0.70710678118654735 -0.24999999999999994 0.25000000000000011 0.1294095225512602 0.25000000000000017 2.7350000000000008 0.55000000000000016 0.25000000000000006 -0.93301270189221908 0.25000000000000017 -0.9330127018922193 0.21783512947858619 1.3250000000000004 0.6830127018922193 -0.25881904510252113 1.0000000180025095e-35 0.8500000000000002 1.0000000180025095e-35 -0.78656609248549303 -0.78656609248549303 0.68301270189221941 0.083333333333333315 0.63333333333333341 0.35000000000000003 0.68301270189221941 0.25000000000000006 0.58333333333333337 0.17499999999999996 0.62500000000000011 -0.24999999999999994 -0.91597561503675329 3.0850000000000004 1.0000000180025095e-35 0.45000000000000007 0.9919160630702849 0.68301270189221941 0.45000000000000007 0.37940952255126054
decision_type=2 2 2 2 2 2 2 2 2 2 2 2 2 2 2 2 2 2 2 2 2 2 2 2 2 2 2 2 2 2 2 2 2 2 2 2 2 2 2 2 2 2 2 2 2 2 2 2 2 2 2 2 2 2 2 2 2 2 2 2 2 2
left_child=1 2 20 19 11 12 57 16 -8 10 13 -2 15 26 -12 31 17 30 29 -4 -1 -16 23 25 -25 56 -3 -22 41 -19 -7 32 -6 55 -24 -26 37 40 -34 -17 -37 42 51 44 -43 -44 -46 48 49 -45 -20 -29 -14 54 -30 60 -13 -5 59 -55 61 -18
right_child=4 9 3 6 5 7 8 -9 -10 -11 14 22 52 -15 21 39 33 18 50 -21 27 -23 34 24 35 -27 -28 28 53 -31 -32 -33 38 -35 -36 36 -38 -39 -40 -41 -42 43 45 47 46 -47 -48 -49 -50 -51 -52 -53 -54 58 -56 -57 -58 -59 -60 -61 -62 -63
leaf_value=-1.7749328104397932e-05 -1.489128813740219e-05 -1.0351171413350885e-05 -1.3748413472823535e-05 -1.2962755521972865e-05 0.00020647710457178558 -8.9626576790838845e-05 -8.6848237026402689e-06 0.0018724479230131841 -1.2663268218760852e-05 -1.0307398769068188e-05 -1.0351171413350885e-05 -0.00027894237295589264 0.00063444508023805359 -1.0351171413350885e-05 -1.0351171413350885e-05 0.00030957447637274481 -0.00020014004570370836 0.0010540758162354402 0.00032181033846540529 -1.0645783722555686e-05 8.7244000015258852e-05 -1.0351171413350885e-05 0.00011070064912734017 -5.0528165761183628e-06 -3.265717744945801e-05 0.00058945622226329677 -1.0351171413350885e-05 1.2582268818950651e-05 -3.0120554958310598e-05 0.0015638264129924893 0.00097881047570423153 1.1131754754983292e-05 -0.00011311497824008226 0.00089259035252059352 -1.6623496236456562e-05 0.0017129515477833789 -0.00016810342139676136 0.00023731342657832497 -0.0007473566849019519 0.001189875956024441 0.00034719958573922071 6.5087462551477151e-05 -3.696999960429237e-05 -2.8882736043819233e-05 -3.9137540884318367e-05 2.8696654079512701e-07 9.9663817773238277e-06 3.4072456516144564e-05 8.4148048316128667e-05 5.2524243856256213e-05 0.0016011839571955266 6.9216540666051991e-05 5.1209109691668364e-05 -2.1545042251418586e-05 1.4422263266518076e-05 0.0010344908597386831 0.00023327763435861132 8.6629484459790735e-06 -1.6303829152384931e-05 4.0822948642351566e-07 0.00094475812771835084 0.00021805269767186052
leaf_weight=441 2415 365 92 302 110 195 118 112 179 271 2318 139 812 807 2380 207 335 404 284 306 144 4775 398 2329 294 494 290 108 235 219 164 1676 134 159 3839 135 143 553 150 110 487 80 208 108 169 412 80 363 265 136 113 137 204 159 689 80 324 466 1092 106 109 264
leaf_count=441 2415 365 92 302 110 195 118 112 179 271 2318 139 812 807 2380 207 335 404 284 306 144 4775 398 2329 294 494 290 108 235 219 164 1676 134 159 3839 135 143 553 150 110 487 80 208 108 169 412 80 363 265 136 113 137 204 159 689 80 324 466 1092 106 109 264
internal_value=-0.00787357 -0.0171543 -0.00184334 -0.00784836 0.00151966 0.00396953 -0.00318011 0.00718327 -0.0111745 -0.025891 -0.0261238 0.000280495 0.00166569 -0.0221873 -0.0267289 0.000113065 0.00647185 0.00836957 0.010049 -0.0203008 -6.08149e-05 -0.027405 0.00101467 0.00195958 0.00121005 0.00504175 -0.0181555 0.000380677 0.000131095 0.0134135 0.00358333 -0.000782231 -0.00455696 0.00370253 -7.78669e-05 0.00319901 0.0041395 0.00492347 -0.00715789 0.0059434 0.00712681 0.00174165 -0.000242494 0.00316972 -0.00136364 -0.00251208 -0.00468 0.00487973 0.00711765 0.00244898 0.00474874 0.0054878 0.00530973 -0.00132778 0.000583784 0.00250951 0.00161638 -7.80234e-05 -0.00262887 -0.00665414 0.0016079 0.00045
internal_weight=34992 17601 6395 1463 17391 5841 1065 2438 297 11206 10935 11550 3403 1462 9473 2387 2326 1379 1020 398 4932 7155 9135 4898 3941 957 655 4491 4347 623 359 2070 394 947 4237 1612 1318 1175 284 317 622 2066 865 1201 329 620 249 872 509 244 397 245 1016 2281 924 788 463 768 1357 265 708 599
internal_count=34992 17601 6395 1463 17391 5841 1065 2438 297 11206 10935 11550 3403 1462 9473 2387 2326 1379 1020 398 4932 7155 9135 4898 3941 957 655 4491 4347 623 359 2070 394 947 4237 1612 1318 1175 284 317 622 2066 865 1201 329 620 249 872 509 244 397 245 1016 2281 924 788 463 768 1357 265 708 599
is_linear=0
shrinkage=0.03


Tree=133
num_leaves=63
num_cat=0
split_feature=0 9 9 9 9 1 1 5 2 10 0 3 9 7 9 6 6 10 6 0 0 10 0 1 2 4 9 3 4 7 10 3 2 0 6 7 7 7 4 0 1 0 10 7 9 7 4 10 7 3 0 5 3 2 9 10 5 10 10 7 0 7
split_gain=3408.03 176.421 188.328 206.387 110.297 92.939 79.2721 50.4547 35.1751 29.201 25.9452 21.3147 21.0951 21.0457 18.5166 23.0299 14.6726 14.6675 12.528 12.2184 11.4587 9.47857 10.8988 10.5152 8.93516 8.07558 7.89 7.8298 8.82807 7.67982 7.45283 7.23337 7.19894 7.18447 7.06906 7.00707 7.27318 7.04439 6.92484 8.2238 8.38002 23.0058 6.91947 12.1329 14.8843 10.4697 6.90741 6.76557 6.71052 6.55344 6.20759 6.12365 6.70508 6.02176 5.84166 11.4063 8.8708 8.22344 5.73948 5.73942 5.71696 7.59103
threshold=0.015000000000000001 0.1294095225512602 0.25881904510252057 0.37940952255126048 0.91597561503675351 1.0000000180025095e-35 2.7850000000000006 0.15000000000000005 0.55000000000000016 0.25000000000000011 1.0000000180025095e-35 0.8500000000000002 -0.70710678118654757 0.90881375312573154 0.98296291314453421 0.9919160630702849 0.9919160630702849 0.68301270189221941 0.9919160630702849 3.3750000000000004 0.025000000000000005 1.0000000180025095e-35 1.2650000000000003 0.74500000000000011 0.25000000000000006 0.58333333333333337 1.0000000180025095e-35 0.35000000000000003 0.083333333333333315 1.0050635832222339 0.93301270189221952 0.25000000000000006 1.0000000180025095e-35 1.7850000000000004 0.97587888928342192 0.97593979521690388 1.0721732273210687 1.0172029338051012 0.41666666666666669 1.0650000000000002 0.24500000000000002 2.0250000000000004 -0.24999999999999994 0.73535627268658954 -0.60355339059327384 0.45989826716231813 0.17499999999999996 -0.6830127018922193 0.68122099342661457 0.35000000000000003 0.24500000000000002 0.15000000000000005 0.45000000000000007 0.55000000000000016 0.78656609248549303 -0.24999999999999994 0.083333333333333315 -0.93301270189221908 -0.6830127018922193 0.51713613039262563 0.62500000000000011 0.96402165082213731
decision_type=2 2 2 2 2 2 2 2 2 2 2 2 2 2 2 2 2 2 2 2 2 2 2 2 2 2 2 2 2 2 2 2 2 2 2 2 2 2 2 2 2 2 2 2 2 2 2 2 2 2 2 2 2 2 2 2 2 2 2 2 2 2
left_child=1 5 31 -4 8 10 11 17 54 -8 26 12 16 -11 15 53 -2 27 47 30 -13 22 32 25 -22 46 -1 28 -6 38 -15 -3 -14 -31 -29 -25 37 -37 39 -18 41 49 43 44 -34 -44 -23 -10 -24 -41 -27 -20 -53 -9 55 -5 -57 -56 -17 -42 -45 -62
right_child=6 2 3 4 7 -7 9 14 18 13 -12 20 21 19 -16 58 29 -19 51 -21 24 23 48 35 -26 50 -28 34 -30 33 -32 -33 42 -35 -36 36 -38 -39 -40 40 59 -43 45 60 -46 -47 -48 -49 -50 -51 -52 52 -54 -55 57 56 -58 -59 -60 -61 61 -63
leaf_value=-1.0040636270950358e-05 -0.00011515619489096684 -2.8107568545586055e-05 -1.0040636270950358e-05 -1.5715192832427937e-05 -1.0034461685918907e-05 3.5814287348154744e-05 0.00042928575342829567 -1.0040636270950358e-05 -1.0040636270950358e-05 -1.5969762684107102e-05 -9.998176805996142e-06 -1.5797848976313842e-05 -6.0635317145514357e-05 0.00098806662243471999 -1.0040636270950358e-05 -1.0040827237497723e-05 -0.00050854569313229928 -1.0034461685918907e-05 -1.0250364639305274e-05 0.001527914211227792 0.00036130224111705534 8.8367313428337235e-06 1.5324455390423041e-05 0.00048323969875768339 -1.0403983262666436e-05 2.2877276900079395e-05 -1.0040636270950358e-05 -1.0040636270950358e-05 -1.0040636270950358e-05 0.00018441759971989712 0.0018486119021519341 9.2896141893299139e-06 0.00035387192584481326 0.00096371600506375105 -1.0040636270950358e-05 0.00025030460566421943 0.00028174533097514971 -0.00081884027187836383 0.00068552014517531232 4.4539227448639473e-05 -0.00049441315946959212 0.0020414579808707188 2.912051364242916e-05 0.0003837144571051504 -2.1706738492038678e-05 -0.0007215229423955346 -3.2433926361868093e-05 -1.0040636270950358e-05 -0.00054462657426602502 0.00097369541972301883 0.00035603557426827566 -1.0036514096564729e-05 -1.004063036476848e-05 -1.0040636270950358e-05 -1.4924514136707065e-05 -1.5389137864994406e-05 -1.332209081048313e-05 -1.2477354047485774e-05 -1.0040827237497723e-05 0.00023191915415710085 0.00048734268096229104 -0.0002785652575802097
leaf_weight=944 445 199 1469 1094 576 100 869 92 436 113 312 154 311 490 912 218 122 505 936 87 108 1049 165 620 5816 265 1329 85 249 100 140 463 192 224 427 141 90 81 1113 254 119 82 190 209 986 104 373 1496 369 134 220 226 1995 583 101 807 301 1090 773 1453 135 96
leaf_count=944 445 199 1469 1094 576 100 869 92 436 113 312 154 311 490 912 218 122 505 936 87 108 1049 165 620 5816 265 1329 85 249 100 140 463 192 224 427 141 90 81 1113 254 119 82 190 209 986 104 373 1496 369 134 220 226 1995 583 101 807 301 1090 773 1453 135 96
internal_value=-0.00782998 -0.0170935 -0.0158261 -0.0165468 -0.0153313 -0.0241809 0.001593 -0.0191767 -0.0133255 0.00774706 -0.0252784 0.000927422 0.00180442 0.011769 -0.0218922 -0.019976 0.00345441 -0.0153663 -0.0149057 0.013663 -0.000463892 0.000611042 -0.000641769 0.00182746 -0.000253165 0.000550314 -0.0263984 -0.0170179 -0.0188499 0.00408939 0.0121712 -0.000180995 0.000283273 0.00849231 -0.0140351 0.0044373 0.000766773 -0.00215247 0.00365162 0.00266051 0.00311307 0.0066242 0.000972295 0.00174182 0.000152672 -0.00325424 -0.000590302 -0.0168236 -0.00448598 0.00354756 0.00388889 -0.013727 -0.014595 -0.0242751 -0.0109517 -0.0100227 -0.0121731 -0.0126594 -0.0170262 0.00205976 0.00598639 0.00271552
internal_weight=35137 17718 15033 14371 12902 2685 17419 4420 8482 1699 2585 15720 9642 830 2578 1666 4046 1842 5089 717 6078 5596 2757 2839 5924 1907 2273 1337 825 3601 630 662 2223 324 512 932 312 222 3277 2164 2042 470 1912 1618 1178 294 1422 1932 534 388 485 3157 2221 675 3393 2202 1108 1191 991 1572 440 231
internal_count=35137 17718 15033 14371 12902 2685 17419 4420 8482 1699 2585 15720 9642 830 2578 1666 4046 1842 5089 717 6078 5596 2757 2839 5924 1907 2273 1337 825 3601 630 662 2223 324 512 932 312 222 3277 2164 2042 470 1912 1618 1178 294 1422 1932 534 388 485 3157 2221 675 3393 2202 1108 1191 991 1572 440 231
is_linear=0
shrinkage=0.03


Tree=134
num_leaves=63
num_cat=0
split_feature=0 8 1 9 6 10 0 0 8 11 4 3 10 5 8 0 8 9 10 1 6 8 1 6 11 8 10 10 3 11 5 0 1 8 8 0 0 1 4 8 0 10 11 5 4 0 10 4 10 11 3 10 0 6 1 9 6 11 9 0 10 8
split_gain=3288.13 2594.25 78.1231 64.4634 91.5591 36.0889 28.7039 26.5353 26.6004 24.5677 22.6563 21.0989 20.3075 19.8618 19.7465 17.8759 17.7025 27.1079 18.2097 14.7225 11.0338 10.3911 10.7177 9.99394 9.89038 9.33475 9.16079 9.71075 9.06259 8.74737 10.1117 8.21188 13.4396 8.04471 11.5569 10.3405 7.93168 8.33184 7.68784 9.31302 8.24059 7.62643 7.44735 9.71243 9.09454 6.85722 6.8327 6.57639 7.70897 6.45228 7.7265 6.3325 6.29124 7.47674 5.87877 6.39553 5.78281 9.02267 7.70634 5.70454 5.6199 8.00078
threshold=0.015000000000000001 -1.0000000180025095e-35 2.5850000000000004 0.91597561503675351 0.9919160630702849 0.25000000000000011 0.03500000000000001 1.0000000180025095e-35 0.12940952255126045 0.6830127018922193 0.48333333333333339 0.8500000000000002 -0.6830127018922193 0.22500000000000003 0.25881904510252091 3.0850000000000004 0.37940952255126054 -0.12940952255126037 1.0000000180025095e-35 1.0000000180025095e-35 0.97587888928342192 1.0000000180025095e-35 0.76500000000000012 0.73969540741716389 0.25000000000000017 -0.98296291314453399 -0.5 -0.24999999999999994 0.45000000000000007 1.0000000180025095e-35 0.22500000000000003 0.41500000000000004 0.32500000000000007 -0.5 0.25881904510252091 2.2250000000000005 2.7850000000000006 3.0950000000000002 0.68285714285714294 0.25881904510252091 2.1550000000000007 0.68301270189221941 1.0000000180025095e-35 0.45000000000000007 0.78333333333333355 0.87500000000000011 -0.5 0.78333333333333355 0.68301270189221941 0.25000000000000017 0.8500000000000002 -0.24999999999999994 0.72500000000000009 0.6082819389516877 0.60333333350000007 -0.9159756150367534 0.9919160630702849 -0.5 0.1294095225512602 3.3550000000000004 0.25000000000000011 -0.78656609248549303
decision_type=2 2 2 2 2 2 2 2 2 2 2 2 2 2 2 2 2 2 2 2 2 2 2 2 2 2 2 2 2 2 2 2 2 2 2 2 2 2 2 2 2 2 2 2 2 2 2 2 2 2 2 2 2 2 2 2 2 2 2 2 2 2
left_child=1 3 6 56 49 38 14 8 13 -6 -11 16 -10 41 25 29 17 18 19 51 23 22 47 -21 -24 -2 -18 -28 -14 30 36 32 -19 35 -35 -22 -7 -38 39 40 -4 -3 52 -44 -45 -46 -33 -20 -49 50 -5 -8 53 -13 55 -54 57 -1 -58 -17 -60 -62
right_child=2 7 5 4 9 15 11 -9 12 10 -12 42 28 -15 -16 59 26 31 21 20 33 -23 24 -25 -26 -27 27 -29 -30 -31 -32 46 -34 34 -36 -37 37 -39 -40 -41 -42 -43 43 44 45 -47 -48 48 -50 -51 -52 -53 54 -55 -56 -57 58 -59 60 -61 61 -63
leaf_value=1.426386439902753e-05 -0.0001236072665130987 -9.7394171828218466e-06 0.0015001948920274775 -1.1688667864065204e-05 1.8165963167467766e-07 -0.0001531357055190169 0.0015824866667404273 -9.6982315018162581e-06 -9.7394171828218466e-06 -2.3220673894878324e-05 -1.1389015671415655e-05 -8.3914519640372608e-06 -9.7394171828218466e-06 -9.7394171828218466e-06 -1.1213065521770061e-05 0.001170010111010693 4.6368568181874292e-05 -2.3002586275100398e-05 -0.00017556564410561984 1.7858526221733171e-05 0.00011486720196658417 0.00024832537203325563 0.0004949751255444734 -0.00094922740969677561 0.0018915099319226374 1.3500327339371308e-05 -0.00022883674901473601 -1.8348306778652934e-05 -9.7394171828218466e-06 0.0013173538548306618 0.0014506186976050066 -0.0009215573041828827 0.00042340395356015606 0.00058074129830604226 -0.00023476390832419811 -0.00064298317864072696 0.00067940903750563159 -4.5651550082631555e-06 -0.00072187737545674089 -0.00025960402430704463 0.00036394885732412728 -9.7396024203727917e-06 -0.00019960685661084848 -8.7540198303192313e-05 1.529890183134014e-05 0.00085700207166415491 -9.7349201574851435e-05 8.7088066564238175e-05 0.0015742592187751622 -8.47728057098093e-06 -1.0235150863540786e-05 0.00041742985926461999 -0.00056489017565251149 7.3650886459491194e-05 -3.4740564787006933e-05 -0.00010332395616882116 0.00011783674462525803 -1.5429436481295291e-05 -7.0071664821371581e-06 0.0019210023501005824 -8.5365147452675514e-06 3.8467902289779882e-05
leaf_weight=452 133 470 105 117 772 154 122 270 2332 148 141 1030 2454 812 289 229 1173 688 158 163 1028 485 651 97 450 240 177 1540 4729 247 128 146 128 815 163 124 93 82 109 154 793 193 492 874 757 87 418 98 88 131 149 81 86 1084 1051 276 94 920 1995 99 565 911
leaf_count=452 133 470 105 117 772 154 122 270 2332 148 141 1030 2454 812 289 229 1173 688 158 163 1028 485 651 97 450 240 177 1540 4729 247 128 146 128 815 163 124 93 82 109 154 793 193 492 874 757 87 418 98 88 131 149 81 86 1084 1051 276 94 920 1995 99 565 911
internal_value=-0.0080032 -0.0171222 0.00125791 -0.0018621 -0.00740233 0.00654968 0.000493648 -0.0257881 -0.0260177 -0.00279661 -0.0102414 0.000772142 -0.0266047 -0.0222154 -0.00561086 0.0106292 0.00169547 0.0026372 0.00375995 0.00211642 0.00145546 0.00596582 0.00724066 -0.00436782 0.00868421 -0.00104278 -0.000228295 -0.00162398 -0.0274067 0.00791489 0.00543668 -0.00104272 0.000881273 0.002168 0.00416752 0.000468343 0.00263636 0.00698864 0.00291738 0.0037037 0.00487208 -0.0182982 -0.000643081 -0.00200814 -0.000942408 0.00127811 -0.00382301 0.0026087 0.00641711 -0.0196734 -0.0168539 0.00985294 0.000212585 0.00124823 -0.00133663 -0.0046281 -0.000224787 -0.0018791 0.000412227 0.0164134 0.000181452 0.00158429
internal_weight=35040 17655 17385 6395 1458 2193 15192 11260 10990 1061 289 14530 9515 1475 662 1032 8793 5903 4523 2593 2390 1930 1445 260 1101 373 2890 1717 7183 704 457 1380 816 2130 978 1152 329 175 1161 1052 898 663 5737 2210 1718 844 564 344 186 397 266 203 3527 2114 1413 362 4937 1372 3565 328 3471 1476
internal_count=35040 17655 17385 6395 1458 2193 15192 11260 10990 1061 289 14530 9515 1475 662 1032 8793 5903 4523 2593 2390 1930 1445 260 1101 373 2890 1717 7183 704 457 1380 816 2130 978 1152 329 175 1161 1052 898 663 5737 2210 1718 844 564 344 186 397 266 203 3527 2114 1413 362 4937 1372 3565 328 3471 1476
is_linear=0
shrinkage=0.03


Tree=135
num_leaves=63
num_cat=0
split_feature=0 8 0 9 6 10 11 9 0 8 5 8 0 4 2 10 2 10 10 2 11 6 11 8 5 8 10 6 3 5 10 4 0 10 11 3 5 3 0 5 11 9 11 5 10 11 8 0 0 8 9 4 11 0 2 2 10 6 9 11 0 0
split_gain=3308.69 2590.99 72.0074 64.5416 96.662 38.5682 32.799 31.7321 27.7413 26.6791 27.6645 21.9612 20.6572 20.4148 19.7743 16.0512 15.609 13.4743 12.8272 11.6668 11.454 10.8895 11.0173 10.046 11.5479 9.77025 11.4107 10.2521 9.731 9.67636 9.66598 13.4377 12.9141 18.7074 11.9784 25.9215 9.56994 9.39968 9.12298 8.84308 8.82472 8.79909 8.74637 8.26705 7.44584 7.25711 7.07127 6.99536 6.84729 6.78759 6.36472 6.27261 6.18781 10.1897 9.65277 6.00586 13.2236 6.96935 8.42165 6.65343 8.59705 5.86878
threshold=0.015000000000000001 -1.0000000180025095e-35 2.8250000000000006 0.91597561503675351 0.9919160630702849 1.0000000180025095e-35 0.6830127018922193 -0.5 1.0000000180025095e-35 0.12940952255126045 0.22500000000000003 1.0000000180025095e-35 3.3950000000000005 0.083333333333333315 0.55000000000000016 0.68301270189221941 0.45000000000000007 0.68301270189221941 -0.6830127018922193 0.55000000000000016 -0.5 0.9919160630702849 -0.5 0.91597561503675362 0.63333333333333341 -0.5 1.0000000180025095e-35 0.55160846378518025 0.35000000000000003 0.083333333333333315 -0.5 0.4333333333333334 1.0350000000000004 -0.24999999999999994 0.25000000000000017 0.95000000000000007 0.22500000000000003 0.8500000000000002 0.025000000000000005 0.083333333333333315 -0.9330127018922193 0.37940952255126048 0.6830127018922193 0.22500000000000003 0.68301270189221941 0.6830127018922193 1.0000000180025095e-35 1.7850000000000004 0.18500000000000003 0.37940952255126054 0.1294095225512602 0.29285714285714293 0.6830127018922193 1.2650000000000003 0.8500000000000002 1.0000000180025095e-35 0.68301270189221941 0.84272314683140503 -0.12940952255126037 -0.68301270189221952 0.03500000000000001 0.37500000000000006
decision_type=2 2 2 2 2 2 2 2 2 2 2 2 2 2 2 2 2 2 2 2 2 2 2 2 2 2 2 2 2 2 2 2 2 2 2 2 2 2 2 2 2 2 2 2 2 2 2 2 2 2 2 2 2 2 2 2 2 2 2 2 2 2
left_child=1 3 7 21 19 -4 -6 11 9 10 15 13 17 20 -8 -3 -11 36 -18 -5 39 22 -1 24 42 26 52 -27 -28 45 37 32 43 -34 35 -33 -7 -13 -25 -2 -35 -24 47 -32 -31 -22 -19 55 -44 -36 -23 -50 53 54 -15 56 -9 58 -57 -59 -61 -39
right_child=2 8 5 4 6 12 14 23 -10 16 -12 30 -14 25 -16 -17 18 46 -20 -21 29 50 41 38 -26 27 28 -29 -30 44 31 34 33 40 49 -37 -38 61 -40 -41 -42 -43 48 -45 -46 -47 -48 -49 51 -51 -52 -53 -54 -55 -56 57 -58 59 -60 60 -62 -63
leaf_value=1.5875558782406772e-05 -0.0003673763183176287 -9.4472346673371907e-06 0.00014366358810124935 -1.2571669574923679e-05 2.7213386188303187e-06 0.00052185313530347163 -3.8272056859051242e-05 -0.00020311490061664694 -9.4072845567617698e-06 -9.4472346673371907e-06 -9.4472346673371907e-06 0.0002897843061687322 0.0019301616258613184 0.00094639807682698161 -1.1343910043101904e-05 -9.447414347761608e-06 -9.4472346673371907e-06 0.0014762130326852112 -9.4472346673371907e-06 -9.8634600309115935e-06 0.00082119332831071641 0.00011977743608103095 6.7823385954886421e-06 -8.4151402640557751e-06 -4.4307192559187333e-05 -3.3698347843396924e-05 0.0010401267095526822 0.00058222192109818043 0.00013445097326455712 0.00034490926953889111 -0.00024668627259212891 0.00072777703462739859 -0.00062863594207415827 -0.0003057456747358636 0.00010985519818230128 -1.9114302200632994e-05 -0.00027564730161279194 7.5386563900708693e-05 -2.0394508595824423e-05 0.00044051245716144379 0.00011022190683912358 -1.8112403229091978e-05 -3.6655374801664213e-05 -0.0001635720847256547 0.0010489972470000264 0.0014716595777910008 0.00056707987281983893 -0.0005551892792483962 0.00035257039605936539 -7.0257575696072941e-05 3.5054496618554601e-06 -0.00030075695419961467 -0.00029207146989943059 -0.00033302519940922256 1.2663608283810246e-05 6.3158252658067774e-05 7.4051384132154389e-05 0.00015410085522662485 -0.00017389240376048526 -3.0749086773271003e-05 5.9529468484924328e-05 -0.00017632659380676928
leaf_weight=462 110 485 481 93 759 263 108 299 263 2954 825 1275 109 100 160 179 1366 252 5146 305 345 106 224 106 1488 353 151 1397 793 331 179 408 151 154 440 602 91 165 630 133 892 701 364 333 136 139 99 96 126 424 3483 107 366 362 208 138 267 671 148 84 1243 401
leaf_count=462 110 485 481 93 759 263 108 299 263 2954 825 1275 109 100 160 179 1366 252 5146 305 345 106 224 106 1488 353 151 1397 793 331 179 408 151 154 440 602 91 165 630 133 892 701 364 333 136 139 99 96 126 424 3483 107 366 362 208 138 267 671 148 84 1243 401
internal_value=-0.00790722 -0.0170721 0.0013681 -0.00184161 -0.00746844 0.0081713 -0.00259728 0.000820923 -0.0257617 -0.025994 -0.0222081 0.00181467 0.0121472 0.00326497 -0.0115985 -0.017594 -0.0265871 0.0102408 -0.0274251 -0.02 0.00667782 -0.000229054 -0.00248559 -0.000962205 -0.000482909 0.002171 0.000726906 0.00380354 0.00311111 0.00816176 0.000497696 -0.000410156 -0.00233333 -0.000626043 0.001344 0.00356083 0.00608451 0.00226384 -0.00423338 0.000860656 0.000802292 -0.00437365 0.000448646 -0.00631579 0.0050641 0.011134 0.0144034 0.00111978 -0.00285953 -0.00124855 0.000643454 0.00115385 -0.00144648 0.000268256 0.00427184 0.00138899 -0.00137566 0.0020744 -0.00229965 0.00270135 0.00146837 -0.000952381
internal_weight=35029 17619 17410 6401 1425 1295 1027 16115 11218 10955 1489 10348 814 4924 268 664 9466 705 6512 398 1194 4976 1387 5767 5031 3730 1980 1750 944 951 5424 3583 1709 1197 1874 1010 354 1841 736 243 1046 925 3543 512 467 484 351 2946 597 864 3589 233 1036 670 308 2850 566 2284 286 1998 1327 566
internal_count=35029 17619 17410 6401 1425 1295 1027 16115 11218 10955 1489 10348 814 4924 268 664 9466 705 6512 398 1194 4976 1387 5767 5031 3730 1980 1750 944 951 5424 3583 1709 1197 1874 1010 354 1841 736 243 1046 925 3543 512 467 484 351 2946 597 864 3589 233 1036 670 308 2850 566 2284 286 1998 1327 566
is_linear=0
shrinkage=0.03


Tree=136
num_leaves=63
num_cat=0
split_feature=0 8 9 6 0 0 10 0 0 8 5 10 3 2 7 10 8 3 7 8 1 0 10 7 8 1 7 10 1 3 8 2 0 6 8 0 7 3 7 7 2 5 2 6 2 6 6 5 3 0 10 9 2 3 5 3 9 5 8 1 0 8
split_gain=3195.88 2621.49 77.6583 103.767 63.7971 31.721 31.9558 28.1508 23.7915 26.7755 27.3225 18.1805 12.966 12.3677 12.3472 12.1652 11.4222 10.7711 8.79749 8.48748 24.0828 25.6735 16.8989 22.9168 13.7808 12.8678 13.6546 9.78661 9.72516 8.32428 8.08563 7.71203 7.53592 7.47152 7.20973 13.1715 7.12703 6.79752 6.78818 7.65696 6.64647 9.32369 6.61433 7.14212 10.2663 7.66178 8.46184 9.50548 6.58872 6.17923 6.17317 6.63248 5.74452 12.2198 9.38018 10.037 7.50133 5.57927 5.97888 7.52561 9.32483 7.2549
threshold=0.015000000000000001 -1.0000000180025095e-35 0.91597561503675351 0.9919160630702849 2.6050000000000004 3.4550000000000005 0.68301270189221941 0.14500000000000005 1.0000000180025095e-35 0.12940952255126045 0.22500000000000003 -0.6830127018922193 0.45000000000000007 0.55000000000000016 0.9230993235070114 0.68301270189221941 0.91597561503675362 0.95000000000000007 0.28858356110894196 0.25881904510252091 0.52333333350000011 2.0250000000000004 0.25000000000000011 1.0721732273210687 -0.5 1.7250000000000003 0.023553699522338052 -0.5 0.66500000000000015 0.62500000000000011 -0.25881904510252113 0.55000000000000016 1.7850000000000004 0.96010100249940655 -0.70710678118654735 0.03500000000000001 1.030863172612676 0.083333333333333315 0.97593979521690388 0.89843750000000011 0.55000000000000016 0.083333333333333315 0.55000000000000016 0.94457821059868363 0.95000000000000007 0.46864169028679781 0.34947725814255531 0.71666666666666667 0.25000000000000006 0.63500000000000012 -0.6830127018922193 -0.9159756150367534 0.55000000000000016 0.25000000000000006 0.22500000000000003 0.95000000000000007 0.60355339059327384 0.35000000000000003 -0.5 2.7550000000000003 3.1650000000000005 1.0000000180025095e-35
decision_type=2 2 2 2 2 2 2 2 2 2 2 2 2 2 2 2 2 2 2 2 2 2 2 2 2 2 2 2 2 2 2 2 2 2 2 2 2 2 2 2 2 2 2 2 2 2 2 2 2 2 2 2 2 2 2 2 2 2 2 2 2 2
left_child=1 2 52 13 7 6 57 18 9 10 15 -11 -13 -4 -8 -3 17 19 34 22 21 27 23 24 32 26 -24 -21 -28 37 40 48 33 -9 -2 -36 38 -26 39 -27 41 -30 -19 45 50 46 47 -44 -5 -31 -45 -52 -1 -54 55 -55 -56 58 -6 -60 61 -61
right_child=4 8 3 31 5 -7 14 16 -10 11 -12 12 -14 -15 -16 -17 -18 42 -20 20 -22 -23 25 -25 29 36 28 -29 30 49 -32 -33 -34 -35 35 -37 -38 -39 -40 -41 -42 -43 43 44 -46 -47 -48 -49 -50 -51 51 -53 53 54 56 -57 -58 -59 59 60 -62 -63
leaf_value=1.1808657310405818e-05 -2.7316303077558402e-05 -9.1638176273170749e-06 -1.4343569909385802e-05 -1.8436662591566257e-05 -8.3307741529978216e-05 0.001778489976932348 0.0007410877228443835 -0.00014817010784215267 -9.1250660200589163e-06 -9.1638176273170749e-06 -9.1638176273170749e-06 -9.1638176273170749e-06 -9.1638176273170749e-06 -9.470389763083859e-06 0.0012904622794460106 -9.1639919173287598e-06 -6.3320672034523459e-05 0.00036566328938071488 3.3184705916380878e-05 0.00018044609362234253 -0.00015419039779448904 0.001922657269378738 0.00056517696388482029 -0.0010974609674922464 0.00012292885535044484 0.00048798885046577031 -1.3484368236386865e-05 5.2356294720819899e-06 0.00046646273887629875 0.0010835302315168537 -0.00021931307905683538 -1.0900805458613158e-05 -0.00025414772084874607 0.00010724101605066538 -9.5664651116976062e-06 -2.2168497837687909e-05 0.0017102247430715561 0.00079554054416191005 9.8060276524137836e-05 0.00099941476519232629 0.0009088034642143767 -0.00053178691440669112 0.00015469751904171255 -0.00052367602969080943 1.2056422421886439e-05 0.00013704970471717183 -0.00035403607858046788 -7.9570547940549174e-05 1.063477191405213e-05 6.1801542545514008e-05 9.4933251388816672e-05 -0.0002759760359672918 -4.987530477648433e-05 2.9093897128710706e-05 5.0153003742721923e-06 -2.0223850539571962e-05 -1.4737960368442089e-05 -3.9216009876341661e-06 0.001046831995672045 0.00038829214503203975 0.00097760565768218897 -0.00041729079211622386
leaf_weight=1977 1147 484 94 301 154 101 166 237 274 2310 806 2432 4757 317 377 186 269 103 190 948 1006 81 83 102 144 299 686 1517 228 81 161 548 458 1547 283 803 82 478 153 242 342 112 373 100 632 816 113 692 228 488 146 345 253 486 908 100 1228 405 175 165 186 185
leaf_count=1977 1147 484 94 301 154 101 166 237 274 2310 806 2432 4757 317 377 186 269 103 190 948 1006 81 83 102 144 299 686 1517 228 81 161 548 458 1547 283 803 82 478 153 242 342 112 373 100 632 816 113 692 228 488 146 345 253 486 908 100 1228 405 175 165 186 185
internal_value=-0.00793366 -0.0169129 -0.00164881 -0.00765615 0.00119469 0.00636031 0.00544101 0.000555914 -0.0256507 -0.0258701 -0.0220582 -0.02646 -0.027217 -0.0204612 0.0115257 -0.0175261 0.00110677 0.00123554 -0.00241337 0.00175074 0.00059105 0.0021437 0.00244598 0.00112839 0.0015463 0.00439514 0.00286423 0.00159367 0.00221569 0.00415268 0.00437204 -0.0027551 0.000160499 0.00104202 -0.00294091 -0.00469181 0.00756757 0.00654896 0.00656115 0.00813653 0.00579795 0.00281525 -0.000234869 -0.000475451 -0.00227941 0.000631579 -0.000916031 -8.44278e-05 -0.000169811 0.00152632 -0.00511824 -0.00371951 0.00015748 -0.000675403 -8.81381e-05 0.00327087 -0.00101076 0.00283242 0.00419169 0.00535112 0.00357542 0.000683761
internal_weight=35090 17689 6440 1488 17401 1914 1813 15487 11249 10975 1476 9499 7189 411 543 670 13064 12795 2423 9475 3552 2546 5923 3535 3433 2388 1612 2465 1529 1191 843 1077 2242 1784 2233 1086 776 622 694 541 682 340 3320 3217 1223 1994 1178 1065 529 569 591 491 4952 2975 2722 586 2136 1270 865 711 536 350
internal_count=35090 17689 6440 1488 17401 1914 1813 15487 11249 10975 1476 9499 7189 411 543 670 13064 12795 2423 9475 3552 2546 5923 3535 3433 2388 1612 2465 1529 1191 843 1077 2242 1784 2233 1086 776 622 694 541 682 340 3320 3217 1223 1994 1178 1065 529 569 591 491 4952 2975 2722 586 2136 1270 865 711 536 350
is_linear=0
shrinkage=0.03


Tree=137
num_leaves=63
num_cat=0
split_feature=0 8 1 8 6 10 0 8 11 10 5 0 7 10 0 2 0 8 8 8 2 11 0 11 11 7 7 6 1 5 2 11 2 8 0 11 8 10 10 8 7 1 0 11 0 10 0 5 7 2 3 10 5 8 8 8 11 6 1 7 0 1
split_gain=3242.9 2630.28 72.6005 55.5525 102.912 48.7931 28.1216 27.398 23.7141 22.7131 21.8208 19.8695 21.5439 18.4978 16.8286 15.2124 12.859 24.4844 12.7419 11.6989 11.2208 10.871 10.7909 13.6829 10.317 10.1492 8.33377 8.27992 8.00843 7.97386 9.52178 15.2522 8.30348 7.8223 7.70843 6.916 6.83534 15.1736 7.54379 6.61338 6.70618 13.6315 6.50503 9.75422 7.23932 6.48159 6.40879 9.35235 6.22989 6.21172 7.12834 6.3842 5.72951 5.36275 5.34211 9.81864 9.34445 10.0974 7.65761 7.38692 6.53806 12.5443
threshold=0.015000000000000001 -1.0000000180025095e-35 2.6150000000000007 -0.37940952255126059 0.9919160630702849 0.25000000000000011 1.0000000180025095e-35 0.12940952255126045 0.6830127018922193 -0.6830127018922193 0.15000000000000005 1.5050000000000001 0.029442124402922567 0.25000000000000011 2.0250000000000004 0.55000000000000016 0.03500000000000001 0.25881904510252091 1.0000000180025095e-35 -0.60355339059327362 0.45000000000000007 0.6830127018922193 3.3950000000000005 1.0000000180025095e-35 0.25000000000000017 0.77377463294813831 0.9554622364759443 0.27367423887636216 1.4850000000000001 0.22500000000000003 0.25000000000000006 -0.24999999999999994 0.95000000000000007 -0.91597561503675329 0.28500000000000009 -0.68301270189221952 0.25881904510252091 -0.6830127018922193 -0.6830127018922193 0.37940952255126054 0.7820907797135066 1.2250000000000003 1.2450000000000003 -0.24999999999999994 0.28500000000000009 0.68301270189221941 3.0350000000000006 0.15000000000000005 0.96248866880437289 0.55000000000000016 0.45000000000000007 -0.5 0.15000000000000005 0.37940952255126054 -0.5 1.0000000180025095e-35 -0.9330127018922193 0.32212462018004401 0.88500000000000012 0.72507145612681501 1.3050000000000004 1.0650000000000002
decision_type=2 2 2 2 2 2 2 2 2 2 2 2 2 2 2 2 2 2 2 2 2 2 2 2 2 2 2 2 2 2 2 2 2 2 2 2 2 2 2 2 2 2 2 2 2 2 2 2 2 2 2 2 2 2 2 2 2 2 2 2 2 2
left_child=1 3 11 19 24 48 7 10 -6 -9 45 16 14 21 53 -10 17 35 25 -1 -11 26 23 46 27 -15 33 -5 -23 30 31 -18 39 -14 -34 -2 37 -33 -38 40 -32 -42 43 44 -41 -3 47 -7 -4 51 -51 -21 -8 -13 60 -56 57 -57 -58 -60 61 -31
right_child=2 6 5 4 8 22 52 9 15 20 -12 12 13 18 -16 -17 29 -19 -20 49 -22 28 -24 -25 -26 -27 -28 -29 -30 54 32 36 34 -35 -36 -37 38 -39 -40 42 41 -43 -44 -45 -46 -47 -48 -49 -50 50 -52 -53 -54 -55 55 56 58 -59 59 -61 -62 -63
leaf_value=5.1363013837087132e-06 6.2530091100306687e-05 -8.8889030984975638e-06 -1.4826632777303061e-05 -9.3080634167432173e-06 4.7631469391420757e-06 0.00027175222346450921 -8.4062783409912218e-06 -8.8889030984975638e-06 -3.5742768420112979e-05 -8.8889030984975638e-06 -8.8889030984975638e-06 0.0008749665681881347 -0.00057358870795597421 0.00026783508537310427 0.0018649775512973742 -1.0592086819822208e-05 -9.188919797620787e-05 -9.1698865298261458e-06 -5.9247056251010567e-06 -2.3312262332076827e-05 -8.8889030984975638e-06 -0.0002625796161005783 0.0014170198961671243 0.0014964646816746573 -6.4580211933442028e-06 0.00086064284534833333 -0.0005116941422827453 -1.0530550643613964e-05 0.0005479831753744535 -5.6814390100300995e-05 0.00033602993497228395 -0.00041248434979954205 -0.00018505679484774544 3.7025064341035252e-05 7.9052846364065652e-05 -4.2690832687076185e-05 0.00013864404498042658 0.00029216975970234877 -4.6489414941322176e-05 -5.3559001091642296e-06 -0.0002003738257500881 0.0007442140736902891 -0.00024768910500595043 -1.5619494425672676e-05 0.00020155604933306403 -8.8890721598088958e-06 0.00094711037041981248 0.0013450644467076554 0.00046957529385402148 -4.968068319211698e-05 -1.4428587093376196e-05 2.689428489219504e-05 -8.8513140394571488e-06 0.00018490060548706361 0.00020168629878694789 -7.5154888567524538e-05 -1.4357232608888382e-05 0.00023260488120210754 -0.00049773000010617467 1.5842213685445805e-05 -0.00052570314682144842 0.00042412628697333532
leaf_weight=3490 130 399 520 121 771 254 86 2344 117 2039 891 115 93 294 87 174 566 292 381 245 5144 91 82 254 138 545 295 147 319 2415 795 131 111 1347 222 274 117 292 259 84 221 145 83 469 149 162 268 139 626 85 783 362 200 299 897 109 2672 252 216 104 145 343
leaf_count=3490 130 399 520 121 771 254 86 2344 117 2039 891 115 93 294 87 174 566 292 381 245 5144 91 82 254 138 545 295 147 319 2415 795 131 111 1347 222 274 117 292 259 84 221 145 83 469 149 162 268 139 626 85 783 362 200 299 897 109 2672 252 216 104 145 343
internal_value=-0.00790546 -0.0169603 0.00125121 -0.00165527 -0.00678012 0.00642257 -0.0256994 -0.0259426 -0.00186265 -0.0265334 -0.0220509 0.000529297 0.00238945 0.00152406 0.00818725 -0.00914384 -9.65721e-05 -0.00404591 0.00447174 -0.000138945 -0.0273817 -0.000153774 0.0112725 0.0103166 -0.0196069 0.00653571 -0.0011924 -0.0160595 0.00423358 0.000158363 0.00130041 -0.00068082 0.00248684 -0.000249827 -0.00188623 0.000740741 0.0019875 0.00459906 -0.000954907 0.00323575 0.00467298 0.0013079 0.00110687 0.00204836 0.00705128 -0.0173488 0.00802115 0.00555838 0.00219704 -0.00237805 -0.0040046 -4.93421e-05 -0.0163066 0.00563855 -0.000423539 0.000254058 -0.00049195 0.00406077 -0.00104243 -0.00542056 -0.00141529 -0.00108735
internal_weight=35200 17698 17502 6433 1468 2143 11265 10979 1062 9527 1452 15359 3866 3365 501 291 11493 696 1220 4965 7183 2145 997 915 406 839 1735 268 410 10797 3644 1365 2279 1440 333 404 799 423 376 1946 1161 366 785 702 233 561 661 393 1146 1475 868 607 286 414 7153 4250 3353 361 2992 320 2903 2758
internal_count=35200 17698 17502 6433 1468 2143 11265 10979 1062 9527 1452 15359 3866 3365 501 291 11493 696 1220 4965 7183 2145 997 915 406 839 1735 268 410 10797 3644 1365 2279 1440 333 404 799 423 376 1946 1161 366 785 702 233 561 661 393 1146 1475 868 607 286 414 7153 4250 3353 361 2992 320 2903 2758
is_linear=0
shrinkage=0.03


Tree=138
num_leaves=63
num_cat=0
split_feature=0 8 8 6 0 1 10 0 8 0 11 2 10 8 0 10 7 11 7 2 3 3 2 8 7 1 2 6 3 3 0 1 8 3 7 0 0 4 11 8 0 2 11 8 7 8 4 6 0 0 2 3 0 6 1 2 2 8 8 11 1 11
split_gain=3230.52 2612.99 78.5064 88.1441 57.1318 29.8614 33.7133 26.0284 28.7316 25.4684 21.7469 21.2081 20.1019 20.0018 17.8811 16.2768 14.0755 13.0877 21.0042 13.0288 12.7112 12.3455 11.6253 11.5149 17.4429 10.9153 10.1109 9.44794 9.67633 9.14136 8.77855 25.77 23.8249 8.36659 8.06742 11.5944 10.0231 11.8256 8.45169 9.75085 9.04886 7.55465 7.28186 7.11287 6.43975 14.3856 8.524 6.41831 6.36933 6.30783 10.626 6.28409 9.33657 7.49639 5.95237 5.81103 5.58355 10.1882 9.92564 15.0942 5.44685 5.3892
threshold=0.015000000000000001 -1.0000000180025095e-35 -0.37940952255126059 0.9919160630702849 3.1050000000000004 0.66500000000000015 0.25000000000000011 1.0000000180025095e-35 0.12940952255126045 1.9650000000000001 0.6830127018922193 0.55000000000000016 1.0000000180025095e-35 1.0000000180025095e-35 3.3950000000000005 -0.6830127018922193 0.84777897040712979 1.0000000180025095e-35 1.0050635832222339 0.55000000000000016 0.45000000000000007 0.45000000000000007 0.55000000000000016 0.25881904510252091 1.0721732273210687 0.88500000000000012 0.55000000000000016 0.9919160630702849 0.35000000000000003 0.8500000000000002 0.03500000000000001 1.0000000180025095e-35 0.60355339059327384 0.25000000000000006 0.023553699522338052 1.1533333333333335 0.7350000000000001 0.68285714285714294 -0.24999999999999994 0.78656609248549325 0.065000000000000016 0.8500000000000002 0.25000000000000017 -0.91597561503675329 0.98837988868869309 -0.5 0.058333333333333307 0.39171654935837491 0.025000000000000005 0.72500000000000009 0.8500000000000002 0.8500000000000002 0.57500000000000007 0.5339159821931253 3.0850000000000004 0.15000000000000005 1.0000000180025095e-35 0.78656609248549325 0.25881904510252091 -0.24999999999999994 2.7350000000000008 -0.68301270189221952
decision_type=2 2 2 2 2 2 2 2 2 2 2 2 2 2 2 2 2 2 2 2 2 2 2 2 2 2 2 2 2 2 2 2 2 2 2 2 2 2 2 2 2 2 2 2 2 2 2 2 2 2 2 2 2 2 2 2 2 2 2 2 2 2
left_child=1 2 19 22 5 9 23 8 20 30 -5 -12 -6 16 33 -10 26 18 -18 -1 -3 -17 -4 24 44 -25 -8 43 -29 -28 31 32 61 -14 35 38 56 -38 39 40 -32 -39 47 -21 49 46 -46 -24 -34 50 -7 -42 53 -53 -51 -19 -36 58 -58 -60 -47 -2
right_child=4 7 3 10 12 6 13 -9 15 -11 11 -13 14 -15 -16 21 17 55 -20 27 -22 -23 42 25 -26 -27 29 28 -30 -31 34 -33 48 -35 36 -37 37 41 -40 -41 51 -43 -44 -45 45 60 -48 -49 -50 54 -52 52 -54 -55 -56 -57 57 -59 59 -61 -62 -63
leaf_value=1.6176474661064518e-05 5.2562897299344713e-05 -8.6222360055426367e-06 -1.0955053808884446e-05 -1.4367464551038026e-06 0.00022392279047012074 0.0011507155443431943 -0.00022582811694585203 -8.585774618273435e-06 -8.6222360055426367e-06 0.0011307129513538226 -3.467048536750959e-05 -1.1343341995522523e-05 0.0010614072882781499 9.8511381814986304e-05 0.001737341199844673 -8.6222360055426367e-06 0.0007972743462581832 0.0014420675445135232 -0.0005455802247612806 1.4894877613267896e-05 -8.6222360055426367e-06 -8.6222360055426367e-06 -9.0288215142409188e-06 0.00031062437777586106 -0.00071827219384050782 -0.00022614185114817856 0.00095376300085409983 -2.8467832753060879e-05 8.5621343339888776e-06 0.00015438742826021976 -7.8969351744212528e-05 7.6061719191775634e-05 -8.5903254381607837e-06 0.00045683658162762374 -0.00010743446258185824 0.00020654018416555231 -0.0004384409316708408 0.00056846279109189516 -2.5296818852975284e-05 -1.195248921123746e-07 0.00038275705535101686 -0.00031225307232713828 -6.0739441206686295e-06 -1.8179358885304968e-05 0.00027641349783408595 0.00088292189317993762 -0.00075422749123671439 -1.0093242017970639e-05 -1.7429942626938807e-05 0.00011079845909714114 7.2169027325100224e-05 2.8387059457588986e-05 -0.00015727282450696294 0.00047814384437507642 -0.00039013653323976768 0.0011499390393715681 2.6797507584795655e-07 9.3189338134706519e-05 -1.4748659850882112e-05 -0.00042770463553890188 0.00082328368431108627 -6.0414788200760222e-05
leaf_weight=1961 109 538 88 741 212 112 164 288 2296 163 123 178 198 832 116 2420 466 291 83 212 932 4769 101 109 86 878 374 250 1626 398 116 83 139 140 195 751 402 120 2387 921 152 155 122 912 157 90 120 111 101 2654 225 101 97 103 125 237 2553 172 159 107 124 224
leaf_count=1961 109 538 88 741 212 112 164 288 2296 163 123 178 198 832 116 2420 466 291 83 212 932 4769 101 109 86 878 374 250 1626 398 116 83 139 140 195 751 402 120 2387 921 152 155 122 912 157 90 120 111 101 2654 225 101 97 103 125 237 2553 172 159 107 124 224
internal_value=-0.00785186 -0.0169008 -0.00163866 -0.00774061 0.00128385 0.000942623 0.00234786 -0.0256217 -0.0258571 -0.00019332 -0.0030489 -0.00983444 0.00989505 0.0049227 0.0134505 -0.0264674 0.00653923 0.00887755 0.00561818 0.000163241 -0.0219035 -0.0271836 -0.0192908 0.000781884 0.00155116 -0.00209514 0.00384205 -0.00107964 0.000223761 0.00527814 -0.000403367 -0.00374429 -0.00601045 0.0099115 -0.000144842 0.000699935 -0.00115683 -0.00446903 3.86797e-05 0.00181087 0.00489474 0.000326087 -0.0218507 -0.00325333 0.00187084 0.00506098 0.000539568 -0.0183099 -0.013195 0.0013667 0.00523669 0.00680617 0.00427152 0.00790244 0.000895683 0.0122495 -0.000451836 -0.000130348 -0.00056383 -0.00606742 0.0108837 -0.000808383
internal_weight=35169 17668 6425 1464 17501 16835 7525 11243 10955 9310 1042 301 666 2845 454 9485 2013 1077 549 4961 1470 7189 422 4680 3693 987 936 3000 1876 772 9147 656 573 338 8491 4628 3863 677 3877 1490 569 275 334 1124 3607 491 277 212 240 3116 337 453 301 204 2779 528 3186 2991 2819 266 214 333
internal_count=35169 17668 6425 1464 17501 16835 7525 11243 10955 9310 1042 301 666 2845 454 9485 2013 1077 549 4961 1470 7189 422 4680 3693 987 936 3000 1876 772 9147 656 573 338 8491 4628 3863 677 3877 1490 569 275 334 1124 3607 491 277 212 240 3116 337 453 301 204 2779 528 3186 2991 2819 266 214 333
is_linear=0
shrinkage=0.03


Tree=139
num_leaves=63
num_cat=0
split_feature=8 9 9 11 9 6 1 8 11 10 5 8 10 11 10 7 1 10 10 1 11 6 8 3 6 7 4 1 10 6 8 4 3 9 5 10 11 9 8 8 11 1 8 10 11 5 1 10 10 10 3 10 10 10 3 8 5 6 6 6 7 10
split_gain=2512.11 2885.28 142.018 192.244 140.937 106.915 71.2267 49.8789 79.0317 34.6951 25.2307 33.4599 23.7973 20.0122 14.8189 24.5809 18.8527 14.5856 14.0653 13.664 11.8161 12.1033 11.8155 11.5731 11.3031 11.2049 10.7564 11.9956 10.6178 18.0102 10.4022 10.2827 10.1907 10.1665 12.5398 14.9119 11.2374 10.9323 10.4735 9.91724 9.38852 8.92635 8.09851 7.5572 7.34236 11.5959 7.48747 7.27815 6.80614 6.41259 6.26369 11.9631 8.08593 5.92158 18.6975 5.84208 5.84529 5.77911 7.29395 9.46848 5.95462 5.63661
threshold=-1.0000000180025095e-35 -0.37940952255126015 1.0000000180025095e-35 1.0000000180025095e-35 0.91597561503675351 0.9919160630702849 1.4450000000000001 0.78656609248549325 0.6830127018922193 0.25000000000000011 0.22500000000000003 0.12940952255126045 -0.24999999999999994 0.6830127018922193 -0.5 0.033451032562071846 0.52333333350000011 -0.6830127018922193 0.68301270189221941 0.18500000000000003 0.6830127018922193 0.94457821059868363 0.37940952255126054 0.95000000000000007 0.27367423887636216 0.89843750000000011 0.4333333333333334 3.0950000000000002 0.68301270189221941 0.96010100249940655 -0.5 0.083333333333333315 0.8500000000000002 0.78656609248549303 1.0000000180025095e-35 -0.6830127018922193 -0.24999999999999994 -0.12940952255126037 -0.78656609248549303 0.37940952255126054 -0.5 3.1650000000000005 -0.5 0.68301270189221941 -0.5 0.71666666666666667 0.55500000000000016 1.0000000180025095e-35 0.25000000000000011 -0.6830127018922193 0.95000000000000007 0.68301270189221941 1.0000000180025095e-35 -0.24999999999999994 0.083333333333333315 -0.91597561503675329 0.82500000000000007 0.96010100249940655 0.89949949310841004 0.7767654897855063 0.25631702858079525 0.68301270189221941
decision_type=2 2 2 2 2 2 2 2 2 2 2 2 2 2 2 2 2 2 2 2 2 2 2 2 2 2 2 2 2 2 2 2 2 2 2 2 2 2 2 2 2 2 2 2 2 2 2 2 2 2 2 2 2 2 2 2 2 2 2 2 2 2
left_child=4 7 3 23 6 -6 33 14 19 41 11 18 -10 -7 15 39 -17 -12 -4 28 26 -22 -23 47 -25 -11 27 48 -9 -30 40 -32 -15 34 35 36 -1 -37 53 -2 -27 55 44 -40 45 -36 -47 -3 -16 -5 51 -28 -52 54 -39 -8 -57 58 59 60 -46 -50
right_child=1 2 10 49 5 13 9 8 12 25 17 -13 -14 32 20 16 -18 -19 -20 -21 21 22 -24 24 -26 30 50 -29 29 -31 31 -33 -34 -35 42 37 -38 38 43 -41 -42 -43 -44 -45 57 46 -48 -49 61 -51 52 -53 -54 -55 -56 56 -58 -59 -60 -61 -62 -63
leaf_value=-9.9866081335146513e-05 0.0011349982316610225 -2.2478066079096707e-05 -8.3635689253763576e-06 -8.3635689253763576e-06 -8.7979742958851731e-06 -3.1964880076379476e-06 -0.00026350526545013852 -2.7747377892500552e-06 -3.1044985616253268e-05 0.00062500658788273045 -8.3635689253763576e-06 -8.3635689253763576e-06 -8.3285070353822069e-06 -1.313355814530924e-05 -0.00026588682247635038 -0.00042193130071359656 9.4205749799425859e-05 -8.3635689253763576e-06 -8.3637329148483499e-06 0.00029353996440274061 -0.00023062756300775138 0.00019260864616214566 -9.2982363463238522e-05 -2.3897033432502804e-05 -1.6664365360840196e-05 0.00038810811364971661 0.00069204134624771887 0.0005987991098390644 -3.9141439949449142e-05 -1.2308482498917874e-05 0.0014955354906303247 0.0012248952122048855 -1.0018505713590111e-05 -9.8882110259680207e-06 6.7452550448281672e-05 0.00072421397933692289 5.6513962081678434e-06 -3.8788416633291074e-05 6.2738315102365066e-05 0.00027553058156877676 0.00090002908871887437 0.00071878891000753172 0.00022276165356221317 0.00011846658147130439 -1.4397158855229656e-05 1.4356094304744312e-06 -0.0002940265547922252 8.071547032885811e-06 0.00021790028722407982 -8.3635689253763576e-06 -0.00029118981848662799 0.00012557190674003765 6.4062685225705628e-05 6.5796096296035294e-06 0.00012433989077938645 0.00025713187631721645 -0.0002938345790083696 -1.8907144428411023e-06 -9.3917858582238457e-05 6.5978229469123659e-05 -0.00040863166493088879 -6.8286299747458696e-05
leaf_weight=135 170 254 460 122 413 790 170 624 123 540 1277 3952 250 190 434 132 947 4415 191 125 134 422 447 81 144 159 246 197 83 269 336 126 98 1478 1071 316 446 99 245 723 351 265 1019 159 788 634 183 251 231 603 168 325 523 937 107 1568 133 2880 177 163 111 786
leaf_count=135 170 254 460 122 413 790 170 624 123 540 1277 3952 250 190 434 132 947 4415 191 125 134 422 447 81 144 159 246 197 83 269 336 126 98 1478 1071 316 446 99 245 723 351 265 1019 159 788 634 183 251 231 603 168 325 523 937 107 1568 133 2880 177 163 111 786
internal_value=-0.00793534 -0.0152889 -0.0245137 -0.0157212 0.000799975 -0.00798257 0.00169761 -0.000558424 -0.00549153 0.00532749 -0.0257547 -0.0240769 -0.0174064 -0.00300278 0.00067788 0.00279777 -0.00025 -0.027107 -0.0177147 -0.00144283 -0.000390904 -0.00319721 -0.00189655 -0.00484268 -0.0104867 0.0088037 0.000577121 -0.0010188 -0.00264074 -0.00679887 0.0107297 0.0139957 -0.00975779 0.000487716 0.000848907 0.00269939 -0.00149485 0.00400751 0.00296512 0.00647651 0.00774951 0.00286383 0.000204924 0.00711111 -0.000214714 0.00133404 -0.00135697 -0.00231225 -0.00196281 -0.0266529 0.00266033 0.00498252 0.000736994 0.00149476 0.00608696 0.00213141 0.00266157 -0.000924757 -0.0026371 -0.00169332 -0.0029 -0.000618861
internal_weight=35196 19109 11750 1455 16087 1491 14596 7359 1474 3648 10295 4603 373 1078 5885 1972 1079 5692 651 1101 3913 1003 869 730 225 1512 2910 1648 976 352 972 462 288 10948 9470 2444 581 1863 1547 893 510 2136 7026 404 6007 1888 817 505 1451 725 1262 571 691 1143 206 1871 1701 4119 1239 1062 899 1017
internal_count=35196 19109 11750 1455 16087 1491 14596 7359 1474 3648 10295 4603 373 1078 5885 1972 1079 5692 651 1101 3913 1003 869 730 225 1512 2910 1648 976 352 972 462 288 10948 9470 2444 581 1863 1547 893 510 2136 7026 404 6007 1888 817 505 1451 725 1262 571 691 1143 206 1871 1701 4119 1239 1062 899 1017
is_linear=0
shrinkage=0.03


Tree=140
num_leaves=63
num_cat=0
split_feature=8 9 9 11 1 9 6 8 11 10 10 8 5 11 10 8 8 10 4 6 3 5 7 10 10 1 5 7 6 11 6 11 5 10 4 10 7 4 11 11 10 9 3 8 7 4 11 6 8 6 3 3 6 8 7 3 5 10 10 11 11 3
split_gain=2502.25 2814.66 141.315 194.753 116.494 65.649 83.8593 43.2326 75.0978 39.7508 27.547 27.0143 25.3935 24.3753 23.3402 18.2948 15.0505 14.2106 13.8964 12.3296 11.9403 11.7143 11.3701 10.7731 12.1462 12.699 10.4729 9.45686 9.26494 8.91724 8.79739 8.7269 13.601 8.69175 8.52533 8.14265 7.96982 7.52341 7.87569 7.60833 8.84709 7.45279 7.03563 6.76962 6.7175 6.67942 10.0831 6.67938 8.30929 7.39214 6.38452 6.28673 6.28074 6.22343 6.19872 6.14782 6.14211 6.13982 6.06423 6.03712 5.89815 5.76806
threshold=-1.0000000180025095e-35 -0.37940952255126015 1.0000000180025095e-35 1.0000000180025095e-35 0.95500000000000007 0.91597561503675351 0.9919160630702849 0.78656609248549325 0.6830127018922193 0.25000000000000011 -0.24999999999999994 0.12940952255126045 0.15000000000000005 0.6830127018922193 0.68301270189221941 -0.5 -0.70710678118654735 -0.6830127018922193 0.083333333333333315 0.96010100249940655 0.8500000000000002 0.22500000000000003 0.98448804119411615 -0.5 -0.24999999999999994 3.0950000000000002 0.083333333333333315 1.0149612868436317 0.9919160630702849 0.25000000000000017 0.27367423887636216 -0.5 0.35000000000000003 0.68301270189221941 0.64166666666666683 0.25000000000000011 0.50009769441187968 0.058333333333333307 0.6830127018922193 1.0000000180025095e-35 -0.5 0.60355339059327384 0.25000000000000006 0.37940952255126054 0.92101535768282028 0.58333333333333337 0.25000000000000017 0.24817607891553481 -0.91597561503675329 0.34947725814255531 0.62500000000000011 0.57500000000000007 0.55160846378518025 0.25881904510252091 1.0415433925049313 0.62500000000000011 0.55000000000000016 -0.6830127018922193 0.25000000000000011 0.25000000000000017 -0.5 0.95000000000000007
decision_type=2 2 2 2 2 2 2 2 2 2 2 2 2 2 2 2 2 2 2 2 2 2 2 2 2 2 2 2 2 2 2 2 2 2 2 2 2 2 2 2 2 2 2 2 2 2 2 2 2 2 2 2 2 2 2 2 2 2 2 2 2 2
left_child=4 7 3 31 5 37 29 20 14 15 -10 12 33 -8 34 27 -11 -13 44 -16 23 -19 56 36 50 45 -15 -6 -20 30 -7 -3 -33 -4 -9 -12 43 39 47 40 -1 -40 58 -2 -18 54 -47 -39 61 -50 -25 -44 -51 -38 -26 -43 -17 -5 -42 -58 -46 -49
right_child=1 2 11 57 9 6 13 8 10 16 35 17 -14 26 19 22 18 21 28 -21 -22 -23 -24 24 25 -27 -28 -29 -30 -31 -32 32 -34 -35 -36 -37 53 38 41 -41 42 55 51 -45 60 46 -48 48 49 52 -52 -53 -54 -55 -56 -57 59 -59 -60 -61 -62 -63
leaf_value=-3.4456150175319991e-05 0.001253915749691572 -1.9901033735103234e-05 -8.1126618576150665e-06 -8.1126618576150665e-06 8.6429276311627274e-05 -8.5340350670086179e-06 1.7340131759171606e-06 -4.3600740126216275e-06 -2.585994160400993e-05 0.00036837674826731195 -8.0786518243207417e-06 -8.1126618576150665e-06 -8.1126618576150665e-06 -2.0086216666872422e-05 -3.3783487513829034e-05 0.00061511709621241855 0.0010473394485617004 -8.1126618576150665e-06 -0.00015637315640419923 -1.5652679034307019e-05 -4.5971343909378891e-05 -8.1126618576150665e-06 0.00096209069574911487 -0.00093480901238702564 -7.757951217121486e-05 0.00072152649152553707 -1.1347569617237759e-05 -0.00034736527262868241 0.0011050297998768893 -6.2183201204537432e-06 -9.5265055285549657e-06 -5.281661909922177e-06 -1.6708871411090225e-05 -8.1128209274029004e-06 0.00012606900594512276 -8.0786518243207417e-06 0.00052029623050821262 -1.7337331787966777e-05 -1.4833173718355393e-05 2.3845461365731158e-05 -7.7605942798296979e-05 -6.4855760930407973e-05 8.3289219558810269e-05 0.00033874117465595874 0.00093689727287753482 0.00092253751714948011 1.5305027007364752e-05 9.1174198087522186e-06 0.00011024375342937197 -4.7167135861570181e-05 -0.00017657491822597681 1.2495889480694404e-05 1.6900588214903578e-05 -8.1920095631285986e-05 0.0003196564376891875 -7.0777629012518799e-06 -0.00017030640242185423 -8.1126618576150665e-06 9.383253098158642e-06 0.00092737530402218766 0.001473933344630337 -5.5895931662153254e-05
leaf_weight=415 161 490 407 125 1360 108 779 552 118 682 119 2226 880 113 87 683 203 2775 107 270 2110 3802 239 104 1245 193 173 204 512 131 153 122 115 169 176 130 320 983 1928 1312 94 220 146 503 119 164 425 926 91 138 80 322 2124 393 81 311 274 605 293 92 316 534
leaf_count=415 161 490 407 125 1360 108 779 552 118 682 119 2226 880 113 87 683 203 2775 107 270 2110 3802 239 104 1245 193 173 204 512 131 153 122 115 169 176 130 320 983 1928 1312 94 220 146 503 119 164 425 926 91 138 80 322 2124 393 81 311 274 605 293 92 316 534
internal_value=-0.00803243 -0.0154196 -0.0245029 -0.0157407 0.000669526 -0.00099336 -0.00693416 -0.000701051 -0.00532691 0.0045889 -0.017038 -0.0257456 -0.021908 -0.00256098 -0.00135359 0.00233438 0.00790206 -0.0263778 0.00984897 -0.0076257 0.000461938 -0.0270949 0.00498061 0.00149591 0.000235499 0.000881935 -0.0100348 0.000153355 0.00662903 -0.0187786 -0.015458 -0.00473901 -0.00945378 -0.0169497 0.0017284 -0.02268 0.00359216 -0.000112828 -0.000607773 0.00127758 -0.000377655 -0.0019878 0.00136682 0.00595489 0.0129577 0.000140919 0.00279661 0.000100063 0.000668589 0.00177145 -0.00713514 0.00383795 0.00143173 0.00138655 -0.00103994 -0.00513158 0.00362857 -0.0266758 -0.00162371 0.000490463 0.0150688 -0.00110883
internal_weight=35032 18947 11716 1457 16085 11294 1457 7231 1452 4791 367 10259 1456 1065 1085 2852 1939 8803 1257 357 5779 6577 1288 3669 2292 2108 286 1564 619 392 261 727 237 576 728 249 1377 9837 7255 2582 1270 2459 855 664 638 1915 589 4796 3813 2353 184 468 2262 713 1326 531 1049 730 387 366 435 1460
internal_count=35032 18947 11716 1457 16085 11294 1457 7231 1452 4791 367 10259 1456 1065 1085 2852 1939 8803 1257 357 5779 6577 1288 3669 2292 2108 286 1564 619 392 261 727 237 576 728 249 1377 9837 7255 2582 1270 2459 855 664 638 1915 589 4796 3813 2353 184 468 2262 713 1326 531 1049 730 387 366 435 1460
is_linear=0
shrinkage=0.03


Tree=141
num_leaves=63
num_cat=0
split_feature=0 8 9 6 1 8 10 5 0 10 8 0 0 2 10 8 1 8 0 0 1 6 7 7 0 1 0 10 5 10 1 10 4 1 8 7 2 8 10 8 9 5 1 4 2 4 0 1 8 2 7 0 7 10 0 0 4 7 2 0 1 5
split_gain=3257.75 2547.19 61.8993 107.222 48.8704 32.4446 25.3294 24.4037 22.7276 20.8156 19.8889 19.0751 18.0347 10.6621 9.63413 15.9005 21.1295 22.3377 16.3387 13.1389 12.21 9.87404 9.54728 9.28447 8.90088 11.4835 11.2159 8.76727 8.76347 10.8661 9.28584 8.34584 8.11971 10.291 8.35785 10.0315 9.73634 7.98299 7.75663 7.53702 7.40383 7.36955 7.35437 7.33288 7.31216 9.49104 8.04766 11.9777 7.18597 7.1698 6.85811 6.82942 6.74551 6.60265 6.56522 6.53936 6.43488 6.29744 6.23016 7.80827 6.02864 10.1788
threshold=0.015000000000000001 -1.0000000180025095e-35 0.91597561503675351 0.9919160630702849 2.6150000000000007 0.12940952255126045 0.25000000000000011 0.22500000000000003 1.0000000180025095e-35 -0.6830127018922193 0.78656609248549325 0.03500000000000001 3.3950000000000005 0.45000000000000007 0.25000000000000011 -0.5 1.0000000180025095e-35 0.25881904510252091 1.9150000000000003 1.5150000000000003 0.33500000000000008 0.69300588406246244 1.0721732273210687 0.9230993235070114 1.7850000000000004 1.0650000000000002 0.75500000000000012 0.25000000000000011 0.45000000000000007 1.0000000180025095e-35 0.88500000000000012 -0.5 0.58333333333333337 0.66500000000000015 -0.91597561503675329 0.10503346858308692 0.45000000000000007 1.0000000180025095e-35 -0.5 1.0000000180025095e-35 0.1294095225512602 0.63333333333333341 2.8550000000000004 0.58333333333333337 0.25000000000000006 0.58333333333333337 0.42500000000000004 0.15500000000000003 -0.5 0.95000000000000007 0.41590181981359586 1.0350000000000004 0.98638786951480462 0.68301270189221941 3.2350000000000008 1.3450000000000004 0.083333333333333315 0.73535627268658954 0.35000000000000003 2.0150000000000001 0.065000000000000016 0.083333333333333315
decision_type=2 2 2 2 2 2 2 2 2 2 2 2 2 2 2 2 2 2 2 2 2 2 2 2 2 2 2 2 2 2 2 2 2 2 2 2 2 2 2 2 2 2 2 2 2 2 2 2 2 2 2 2 2 2 2 2 2 2 2 2 2 2
left_child=1 2 40 -4 10 7 54 27 9 -7 14 -12 23 -11 15 22 18 21 31 32 -19 -18 24 39 25 41 -27 -3 29 38 -30 -17 33 34 35 36 -16 -21 -22 42 -1 44 -8 -5 57 46 47 -46 -25 -47 -43 -36 -23 -45 -6 -35 -48 -2 -26 -60 -13 -62
right_child=4 5 3 43 6 8 12 -9 -10 13 11 60 -14 -15 19 16 17 20 -20 37 28 52 -24 48 58 26 -28 -29 30 -31 -32 -33 -34 55 51 -37 -38 -39 -40 -41 -42 50 -44 53 45 49 56 -49 -50 -51 -52 -53 -54 -55 -56 -57 -58 -59 59 -61 61 -63
leaf_value=7.2758121655592376e-05 -0.00018720061322774614 -7.8692820018866152e-06 -8.2935105970678496e-06 -2.2256273818540248e-06 0.00013397939507774013 -7.8692820018866152e-06 0.0010497369480945379 -7.8692820018866152e-06 -7.8339144562354908e-06 -7.8692820018866152e-06 -7.8383287515262173e-06 -2.3127091632044767e-05 0.0012413605393052423 -7.8692820018866152e-06 0.00020270274848614494 0.00033761755758405468 -5.6273076206332512e-05 -0.00029386369922362627 0.0023363281251393819 0.00071014646308956478 -0.00024872786769082887 0.00028058961672566271 -0.00059113193893769013 0.00048538354779484761 -3.708277072981353e-05 0.0010420562377494978 0.00011482307300176186 -7.8694362995808131e-06 0.00029847664311630369 0.00024848504492547177 -0.00021049597161466565 4.4512406854643485e-05 9.6173428620274217e-05 0.00036321175572846863 -0.00015303746000459815 -0.00011756469198552596 -5.0338919792347264e-06 0.00013788762125244546 -0.00074137373690095045 -0.00018772397510192107 -2.9886803974700484e-06 -3.6479878185906448e-05 0.00039147738149914455 -8.5284350705824833e-06 2.0335706859181679e-05 -0.00022038756238872205 0.0008266959592187576 0.00052799509351454633 0.0010442488234117132 0.00015872455809850527 -0.00038202721314765025 1.8898697590738478e-05 0.00073412859341753344 1.1010050945474691e-05 0.00097828366524718041 -0.00017451494604700497 -0.00021049636012898887 9.7823084247844474e-05 -0.00096680766151411852 -0.00049587864991286229 -3.0680808149920469e-05 0.00012723219975409818
leaf_weight=165 235 375 410 718 980 2342 80 775 280 2059 273 1426 86 5118 135 798 396 143 80 836 288 1279 105 147 196 92 611 308 154 82 258 500 2109 410 530 319 142 601 102 94 4728 735 93 233 225 231 100 167 489 145 196 194 93 89 147 100 267 147 93 212 112 154
leaf_count=165 235 375 410 718 980 2342 80 775 280 2059 273 1426 86 5118 135 798 396 143 80 836 288 1279 105 147 196 92 611 308 154 82 258 500 2109 410 530 319 142 601 102 94 4728 735 93 233 225 231 100 167 489 145 196 194 93 89 147 100 267 147 93 212 112 154
internal_value=-0.00798359 -0.017082 -0.00187736 -0.00731909 0.00122671 -0.0256484 0.00549835 -0.0214256 -0.0262745 -0.0265242 0.000634494 -0.0021821 0.009 -0.0273377 0.00105057 0.000385828 0.00166028 0.000160944 0.00469906 0.00203087 -0.00335603 0.00220464 -0.0010298 0.0077323 -0.000771968 -0.000180838 0.00319602 -0.0172368 -0.0020339 -0.0048203 0.00116223 0.00387991 0.00113452 -0.00032769 -0.00172597 0.000904523 0.00507194 0.0044854 -0.00690537 0.00302239 -0.000263588 -0.00115149 0.00672414 -0.0021902 0.00013834 0.00134683 0.00327632 0.00625954 0.00970173 -0.00254642 -0.00325107 -0.00388966 0.00340859 -0.00594427 0.00242021 0.00328767 8.15217e-05 -0.00344648 -0.00448207 -0.00715686 -0.000992321 0.00314607
internal_weight=34987 17600 6343 1450 17387 11257 2116 1458 9799 9519 15271 1965 989 7177 13306 7930 4173 2795 1378 5376 1027 1768 3757 903 3652 3151 703 683 884 472 412 1298 3939 1830 1320 596 277 1437 390 267 4893 2448 173 1040 1517 1135 759 392 636 376 931 724 1372 322 1127 510 367 382 501 305 1692 266
internal_count=34987 17600 6343 1450 17387 11257 2116 1458 9799 9519 15271 1965 989 7177 13306 7930 4173 2795 1378 5376 1027 1768 3757 903 3652 3151 703 683 884 472 412 1298 3939 1830 1320 596 277 1437 390 267 4893 2448 173 1040 1517 1135 759 392 636 376 931 724 1372 322 1127 510 367 382 501 305 1692 266
is_linear=0
shrinkage=0.03


Tree=142
num_leaves=63
num_cat=0
split_feature=0 9 9 9 9 1 2 0 9 6 9 5 0 11 3 5 0 9 4 7 1 11 0 11 3 1 6 11 6 7 0 0 1 0 0 0 7 4 1 9 1 3 11 9 3 9 3 5 5 3 5 3 0 7 9 11 0 0 2 9 0 1
split_gain=3207.48 185.119 150.995 203.338 103.64 96.8107 61.4399 44.8397 31.7554 37.2347 24.858 23.8331 21.1791 19.3681 16.7466 15.4486 11.2565 14.0642 10.1581 15.9832 13.208 12.7846 12.9285 9.32911 8.62276 8.41327 8.38517 8.21387 12.2929 7.91641 7.79568 7.43405 7.78281 12.1023 9.0957 9.32199 7.8146 7.83244 8.89652 7.08413 6.9378 6.92484 6.81619 6.42703 6.37204 6.19632 6.89822 8.53214 5.89816 5.55739 5.47428 7.49083 5.47119 5.80663 5.09862 10.532 11.9782 5.78447 5.82555 5.06215 4.70827 9.05192
threshold=0.015000000000000001 0.1294095225512602 0.25881904510252057 0.37940952255126048 0.98296291314453421 1.0000000180025095e-35 0.55000000000000016 3.2250000000000005 0.91597561503675351 0.9919160630702849 -0.5 0.15000000000000005 1.0000000180025095e-35 0.6830127018922193 0.45000000000000007 0.22500000000000003 0.03500000000000001 0.1294095225512602 0.41666666666666669 1.0415433925049313 2.0050000000000003 -0.5 3.0750000000000006 0.93301270189221952 0.25000000000000006 2.7150000000000003 0.96010100249940655 0.25000000000000017 0.97587888928342192 1.0454413088367662 1.4850000000000001 1.7850000000000004 0.44166666650000003 0.91500000000000015 0.85500000000000009 1.6450000000000002 0.44195407109771762 0.78333333333333355 0.76500000000000012 1.0000000180025095e-35 0.85500000000000009 0.25000000000000006 -0.9330127018922193 0.60355339059327384 0.75000000000000011 0.78656609248549303 0.35000000000000003 0.22500000000000003 0.63333333333333341 0.083333333333333315 0.15000000000000005 0.75000000000000011 3.4550000000000005 0.98638786951480462 -0.9159756150367534 0.25000000000000017 2.5850000000000004 2.1150000000000007 0.35000000000000003 0.78656609248549303 2.0150000000000001 2.1150000000000007
decision_type=2 2 2 2 2 2 2 2 2 2 2 2 2 2 2 2 2 2 2 2 2 2 2 2 2 2 2 2 2 2 2 2 2 2 2 2 2 2 2 2 2 2 2 2 2 2 2 2 2 2 2 2 2 2 2 2 2 2 2 2 2 2
left_child=1 5 41 -4 6 12 27 10 23 -10 14 -6 39 50 18 52 17 -12 19 21 -21 24 30 26 -2 29 -8 43 -29 -16 40 32 33 -18 36 48 -34 38 -38 -1 -23 -3 -27 44 49 46 -30 -48 -36 -5 -11 -52 53 -9 55 56 -32 58 -56 -45 -57 -62
right_child=7 2 3 4 11 -7 8 15 9 13 16 -13 -14 -15 25 -17 31 -19 -20 20 -22 22 -24 -25 -26 42 -28 28 45 -31 54 -33 34 -35 35 -37 37 -39 -40 -41 -42 -43 -44 59 -46 -47 47 -49 -50 -51 51 -53 -54 -55 57 60 -58 -59 -60 -61 61 -63
leaf_value=-7.633203541830017e-06 -0.00016138695923908792 -3.3937839891200144e-05 -7.633203541830017e-06 -1.0898826393928333e-05 -7.633203541830017e-06 3.1578098930068376e-05 -7.633203541830017e-06 0.0012364090816190398 -7.633203541830017e-06 -7.6272141943495095e-06 -8.0243952556978019e-06 -7.633203541830017e-06 -7.6093462896876576e-06 -7.6331978128335958e-06 2.3668874698191954e-05 0.00021610699631831985 -1.0410145942411231e-05 1.2569129212214244e-05 0.0006764057528605244 9.5731304219374148e-05 0.0013625601717038394 -9.4992197738283444e-05 0.00099617621805300652 -7.633203541830017e-06 0.00012602851242884071 -0.00037111050563340631 -7.6353890130403125e-06 -7.633203541830017e-06 -1.805940229848321e-05 -0.00046071073531419313 -0.00065129352097410104 -0.00072741872427292632 0.00054069736219717246 -0.00047700528589806414 -4.5902009606562929e-05 0.00044037850090592829 6.767258633501499e-05 -0.00025965017440929023 0.00066537578799774871 -7.633203541830017e-06 0.00086656579686622743 2.9720088920709256e-06 0.00070918361854451775 -2.2229590455802189e-05 -7.674412158323426e-06 -7.6272141943495095e-06 2.349819922760319e-05 -1.078679667187307e-05 -0.00062888737763507584 -1.2682493199886352e-05 -7.6333887793809604e-06 -7.6333887793809604e-06 0.0012741820325744434 0.00052051944919547671 0.00026575989823405811 6.2528679818449887e-05 0.00015939344915433251 0.00070905580853868381 -0.00027810479940115567 -7.6333887793809604e-06 0.0015117674652469521 0.00030646265454590372
leaf_weight=960 462 209 1432 245 572 101 1613 117 647 225 417 898 305 371 6553 114 3411 227 757 119 157 451 85 541 245 134 2917 135 641 87 99 112 112 82 588 80 423 93 159 1320 154 441 573 718 88 830 98 124 101 291 124 397 88 81 344 164 187 378 82 1466 100 161
leaf_count=960 462 209 1432 245 572 101 1613 117 647 225 417 898 305 371 6553 114 3411 227 757 119 157 451 85 541 245 134 2917 135 641 87 99 112 112 82 588 80 423 93 159 1320 154 441 573 718 88 830 98 124 101 291 124 397 88 81 344 164 187 378 82 1466 100 161
internal_value=-0.0081035 -0.0171039 -0.0158047 -0.0164443 -0.015255 -0.0243617 -0.0142913 0.0010064 -0.0161015 -0.0195807 0.000773775 -0.02276 -0.0254872 -0.0162343 0.00159391 0.0109227 -0.000821564 -0.00455814 0.0031703 0.00242709 0.00931408 0.00177137 0.00289665 -0.0148876 -0.00173729 0.000747142 -0.0144339 -0.0116196 -0.0100383 0.0004156 0.00243281 -0.000354514 -0.000184158 -0.000970235 0.00157996 -0.00074026 0.00384518 0.00261834 0.00391081 -0.0264884 -0.000445545 -0.00165899 0.00385593 -0.0126451 -0.01536 -0.00933294 -0.00753472 -0.00295964 -0.00186957 -0.0140782 -0.0134137 -0.0151149 0.0146341 0.0117588 0.00358179 0.00172753 -0.00271777 0.00521739 0.0028103 -0.0118627 0.00471831 0.00721374
internal_weight=35206 17709 15023 14373 12941 2686 11471 17497 6835 1764 17097 1470 2585 1117 11292 400 5805 644 3945 3188 276 2912 2205 5071 707 7347 4530 4636 1828 6640 2120 5161 5049 3493 1556 769 787 675 582 2280 605 650 707 2808 624 1693 863 222 689 536 746 521 286 198 1515 711 286 804 426 2184 425 261
internal_count=35206 17709 15023 14373 12941 2686 11471 17497 6835 1764 17097 1470 2585 1117 11292 400 5805 644 3945 3188 276 2912 2205 5071 707 7347 4530 4636 1828 6640 2120 5161 5049 3493 1556 769 787 675 582 2280 605 650 707 2808 624 1693 863 222 689 536 746 521 286 198 1515 711 286 804 426 2184 425 261
is_linear=0
shrinkage=0.03


Tree=143
num_leaves=63
num_cat=0
split_feature=0 8 9 6 1 10 8 0 11 0 10 7 8 7 3 8 2 10 2 2 0 8 0 1 3 0 2 11 10 11 9 3 3 8 0 10 6 7 7 8 6 7 8 7 10 8 9 8 6 8 11 8 7 1 10 10 1 8 0 1 6 3
split_gain=3284.7 2637.48 80.4853 97.4188 45.5086 31.1492 29.1767 27.7815 21.6724 16.8496 16.362 15.3142 13.9122 11.735 11.6269 11.226 10.696 10.5102 10.1709 9.69854 8.9949 8.32039 18.0986 10.4382 10.2981 17.2412 9.25673 8.95585 10.8607 8.27394 10.249 7.88215 7.7035 10.9165 7.56228 8.94428 7.29246 9.60441 13.4799 13.5409 8.20969 6.97833 6.92488 11.2998 6.8775 6.61929 6.35775 6.33644 5.95534 6.64582 5.79094 5.78942 8.34487 7.68638 5.73977 9.00422 6.96417 11.8517 10.5819 5.7883 5.687 5.55426
threshold=0.015000000000000001 -1.0000000180025095e-35 0.91597561503675351 0.9919160630702849 1.4450000000000001 0.25000000000000011 0.12940952255126045 1.0000000180025095e-35 0.6830127018922193 3.3150000000000004 -0.6830127018922193 1.0454413088367662 1.0000000180025095e-35 1.0089574659665328 0.95000000000000007 0.25881904510252091 0.65000000000000002 0.68301270189221941 0.45000000000000007 0.55000000000000016 0.85500000000000009 0.78656609248549325 0.025000000000000005 0.025000000000000005 0.57500000000000007 1.9650000000000001 0.75000000000000011 -0.5 0.25000000000000011 -0.68301270189221952 0.78656609248549303 0.45000000000000007 0.083333333333333315 -0.91597561503675329 1.5150000000000003 -0.93301270189221908 0.55160846378518025 0.38402316101777551 0.12012012012012027 -0.70710678118654735 0.84272314683140503 0.12427707017016014 -0.5 0.98638786951480462 -0.24999999999999994 0.37940952255126054 -0.70710678118654757 -0.70710678118654735 0.9919160630702849 -0.91597561503675329 1.0000000180025095e-35 -0.70710678118654735 0.95119898168678663 1.9750000000000003 -0.24999999999999994 0.68301270189221941 1.0000000180025095e-35 0.25881904510252091 0.72500000000000009 0.93500000000000016 0.88495649876721172 0.35000000000000003
decision_type=2 2 2 2 2 2 2 2 2 2 2 2 2 2 2 2 2 2 2 2 2 2 2 2 2 2 2 2 2 2 2 2 2 2 2 2 2 2 2 2 2 2 2 2 2 2 2 2 2 2 2 2 2 2 2 2 2 2 2 2 2 2
left_child=1 2 29 16 21 15 14 10 -5 11 -8 12 13 51 17 20 -4 -3 -12 -10 -6 24 -23 -24 25 26 32 28 36 30 -1 -25 33 -2 -17 -36 37 38 45 -40 47 -30 44 -44 -22 -26 54 -38 49 -31 -18 -7 53 -53 56 -56 -29 58 -58 -60 -51 -28
right_child=4 6 3 8 5 9 7 -9 19 -11 18 -13 -14 -15 -16 34 50 -19 -20 -21 42 22 23 31 27 -27 61 46 41 48 -32 -33 -34 -35 35 -37 40 -39 39 -41 -42 -43 43 -45 -46 -47 -48 -49 -50 60 -52 52 -54 -55 55 -57 57 -59 59 -61 -62 -63
leaf_value=4.9404894064165499e-05 7.256112620993779e-05 -7.4042074355751161e-06 -1.2241153302502606e-05 -1.7918306742854957e-06 0.0011445066281362652 0.00026792909486434254 -7.4042074355751161e-06 -7.3706166338577944e-06 -3.6777035429998586e-05 0.0010639390519311808 -7.4042074355751161e-06 0.0014926388334814767 0.00012224765705597606 -0.00023715823838992844 -7.4042074355751161e-06 0.00023742671317676959 -7.5896324623959595e-06 -7.4042074355751161e-06 -7.4042074355751161e-06 -9.1892393089915138e-06 -0.00014009710368642958 -6.512174607805325e-06 -1.9689729710559207e-05 -1.9209960393831541e-06 -0.00012501918207889664 0.00092558671016410184 0.00057729786768727701 0.00052611317714829043 0.0003156632855849919 1.5020024354199384e-05 -1.6498555316148775e-05 0.00014729216837683788 8.4118906789173165e-05 -0.00014660933468401319 0.00047976682441300321 -0.00039859733702371725 1.9326067469290393e-05 -0.00042208246117749187 0.00033924899016548449 -4.9858466553249074e-05 2.1676500063074615e-05 0.00010633663063434357 0.00018986253009769749 0.00073481030142013789 0.00033187812616463974 1.7403852471278568e-05 -5.3634832529626145e-05 0.00068517951118266971 1.4397036338637675e-06 -8.6575718900698381e-06 -6.3354230793947096e-06 0.0016512781789849518 0.0013378480537220544 0.00076608983623220877 -0.00022146519268470387 4.1399536051504313e-05 0.00027547400847769581 -0.00037834963976822369 -0.00033083454096865871 0.00054259938472597075 -3.7905100948901816e-05 0.00017410498949771251
leaf_weight=514 490 837 127 760 123 357 2339 271 120 112 2049 145 637 110 362 120 154 264 5136 169 699 148 1432 124 204 152 309 222 175 212 377 173 1534 505 88 461 86 105 111 189 1036 336 1245 341 229 85 2068 103 3020 594 129 150 266 449 756 789 197 102 134 115 205 198
leaf_count=514 490 837 127 760 123 357 2339 271 120 112 2049 145 637 110 362 120 154 264 5136 169 699 148 1432 124 204 152 309 222 175 212 377 173 1534 505 88 461 86 105 111 189 1036 336 1245 341 229 85 2068 103 3020 594 129 150 266 449 756 789 197 102 134 115 205 198
internal_value=-0.00801056 -0.0171344 -0.00172516 -0.00791096 0.0012337 0.00348093 -0.0258673 -0.0264628 -0.00305714 0.00622362 -0.0267339 0.00561702 0.00491878 0.00666167 -0.0218648 0.0016329 -0.020292 -0.0202813 -0.0274576 -0.0100345 0.00251327 0.000186884 -0.00164537 -0.000780347 0.000530894 0.00193791 0.00144221 -0.000127678 0.00133278 0.000109689 0.00272422 0.00432886 0.000699605 -0.00135542 -0.00183582 -0.00332727 0.000296875 -0.00215827 -0.000661017 0.00378738 0.00168842 0.00521484 0.00212326 0.00332703 6.45856e-05 -0.00527586 -0.0009375 0.00742105 -0.00046875 -0.00246047 -0.0235563 0.00750613 0.00883372 0.00685 0.000142487 -0.000912031 0.00225681 0.000437158 0.00255034 -0.00156 -0.0037125 0.0051378
internal_weight=35049 17639 6381 1459 17410 5532 11258 9795 1049 2226 9524 2114 1969 1332 1463 3306 410 1101 7185 289 2637 11878 1877 1729 10001 3188 3036 6813 2430 4922 891 297 2529 995 669 549 1919 694 589 300 1225 511 2514 1586 928 289 4383 189 4031 1011 283 1222 865 599 2315 1545 770 548 446 249 799 507
internal_count=35049 17639 6381 1459 17410 5532 11258 9795 1049 2226 9524 2114 1969 1332 1463 3306 410 1101 7185 289 2637 11878 1877 1729 10001 3188 3036 6813 2430 4922 891 297 2529 995 669 549 1919 694 589 300 1225 511 2514 1586 928 289 4383 189 4031 1011 283 1222 865 599 2315 1545 770 548 446 249 799 507
is_linear=0
shrinkage=0.03


Tree=144
num_leaves=63
num_cat=0
split_feature=0 8 9 0 2 0 8 5 3 10 9 8 10 5 3 10 2 10 5 0 7 0 11 10 8 11 9 2 2 11 0 0 8 5 11 0 0 5 7 10 8 7 11 2 10 0 0 7 0 0 5 7 0 4 3 4 7 10 7 0 8 5
split_gain=3158.66 2596.24 47.8466 40.6417 37.5947 27.1405 29.302 25.9233 22.4821 21.4216 16.1578 15.9235 21.3202 13.437 13.0723 12.6208 12.4708 12.1492 12.0535 11.1556 10.2676 17.3731 9.65591 8.69526 8.61395 8.53132 11.7073 8.04742 7.93602 7.90977 7.81357 7.07632 8.62575 8.02037 6.9211 6.91769 6.81451 6.67481 6.60042 6.56416 11.9207 6.4957 6.46808 7.34969 11.1771 6.42627 6.21911 7.65882 6.54167 6.21277 6.11362 6.20877 6.75373 10.6365 5.99104 8.46556 5.92417 5.85859 6.13954 7.48793 5.6791 5.60227
threshold=0.015000000000000001 -1.0000000180025095e-35 0.91597561503675351 3.2450000000000006 0.65000000000000002 1.0000000180025095e-35 0.12940952255126045 0.15000000000000005 0.95000000000000007 -0.6830127018922193 -0.5 1.0000000180025095e-35 0.68301270189221941 0.22500000000000003 0.35000000000000003 0.68301270189221941 0.55000000000000016 1.0000000180025095e-35 0.083333333333333315 3.3950000000000005 0.23473423607022634 2.0250000000000004 0.25000000000000017 -0.5 -0.5 1.0000000180025095e-35 -0.78656609248549325 0.55000000000000016 0.8500000000000002 0.6830127018922193 1.7850000000000004 0.72500000000000009 0.78656609248549325 0.63333333333333341 -0.68301270189221952 1.6450000000000002 1.6450000000000002 0.22500000000000003 0.9230993235070114 0.68301270189221941 -0.78656609248549303 0.97719869706840423 0.93301270189221952 1.0000000180025095e-35 0.68301270189221941 0.74500000000000011 0.72500000000000009 0.4540277854542189 2.0450000000000004 1.7850000000000004 0.083333333333333315 0.31213561149866886 0.77500000000000013 0.083333333333333315 0.62500000000000011 0.85833333333333339 0.28858356110894196 1.0000000180025095e-35 0.97593979521690388 2.4550000000000005 -0.5 0.083333333333333315
decision_type=2 2 2 2 2 2 2 2 2 2 2 2 2 2 2 2 2 2 2 2 2 2 2 2 2 2 2 2 2 2 2 2 2 2 2 2 2 2 2 2 2 2 2 2 2 2 2 2 2 2 2 2 2 2 2 2 2 2 2 2 2 2
left_child=1 2 16 8 -4 6 7 15 10 -8 11 12 24 -11 -14 -3 37 -5 -6 -19 21 23 38 -13 49 27 -27 -10 -22 -20 35 32 -29 56 -34 42 -25 39 60 -1 -41 46 43 44 -12 -30 -26 -48 -49 61 -45 -52 -53 -54 55 -18 -33 -51 59 -59 -16 -2
right_child=3 5 4 17 18 -7 9 -9 25 13 30 20 14 -15 22 -17 54 19 29 -21 28 -23 -24 36 41 26 -28 31 45 -31 -32 33 34 -35 -36 -37 -38 -39 -40 40 -42 -43 -44 50 -46 -47 47 48 -50 57 51 52 53 -55 -56 -57 -58 58 -60 -61 -62 -63
leaf_value=-5.1421051627826078e-06 0.00059138333943371585 -7.1820812125078626e-06 -6.8433758662014421e-06 0.00032946819177992915 -4.3301949727021256e-06 -7.1494981348420601e-06 -7.1820812125078626e-06 -7.1820812125078626e-06 0.00023735967006457609 -7.1820812125078626e-06 -8.2198209780462778e-05 0.00037503456448970238 0.00097648874635086638 -7.1820812125078626e-06 -0.00041407906392452673 -7.1822308812712345e-06 -1.4203974870850328e-05 0.00084484481716967424 -7.5725236169595435e-06 0.001259986379916863 9.7484428064414932e-06 0.0013401046595888444 0.0014242607370175688 -1.2053674331532023e-05 0.00072792987145705527 -1.7240800154085104e-05 -9.4517760224666194e-05 3.5705414827195846e-05 -0.00067230186389099947 -5.2543892983700848e-06 -0.00068507845210709101 -0.00030078848257200294 -6.1773518618029425e-06 -0.0003559189702533695 -3.9068097443146819e-05 0.00041912927303281887 0.00031509099921724347 4.9284329699294163e-05 0.00084522405750852181 -2.0977593444886262e-05 7.2300657000243132e-05 0.00082242128398610551 -3.4353275121744019e-05 5.6324431938447376e-05 2.6309770892692998e-05 -0.00020741946131016154 -0.00023341674684804108 0.00084125564867034623 0.00014917107127402683 -0.00030870002404076999 -1.0038682370209311e-05 0.00016093790949285564 0.00062122066189110509 -0.00040242353613996777 -4.7913962540564562e-06 -6.2025531246077338e-05 0.00037815118254021837 1.9570505367065836e-05 -0.000152492352611584 0.0010088750565319304 0.00066941066340458989 8.6020092744775177e-05
leaf_weight=1154 186 403 724 115 95 286 2284 912 113 3006 448 665 483 4193 130 168 512 133 451 111 1828 90 171 1174 133 720 755 1472 87 166 114 96 249 640 108 82 141 419 80 152 245 235 204 1109 302 219 184 350 561 451 1140 627 106 242 2321 163 177 106 95 81 106 777
leaf_count=1154 186 403 724 115 95 286 2284 912 113 3006 448 665 483 4193 130 168 512 133 451 111 1828 90 171 1174 133 720 755 1472 87 166 114 96 249 640 108 82 141 419 80 152 245 235 204 1109 302 219 184 350 561 451 1140 627 106 242 2321 163 177 106 95 81 106 777
internal_value=-0.00813101 -0.0170705 -0.0018179 0.000941542 -0.00663883 -0.0257478 -0.0259871 -0.0220148 0.00073072 -0.0266059 0.00136686 0.00214183 0.00346489 -0.0274208 0.00735324 -0.0169406 -0.00042279 0.0109167 -0.0115288 0.0146939 0.000841855 0.00234669 0.00387295 0.00175669 0.00226899 -0.001136 -0.0029878 -0.000178571 -0.000618267 -0.0130583 -0.000109714 -0.000503099 0.00057377 -0.00265864 -0.00360335 9.85684e-05 0.000341945 0.00143075 0.000757098 0.000521907 0.00384422 0.00395492 -7.17875e-05 0.000196226 -0.0024767 -0.00508143 0.00307567 0.00232664 0.00345395 0.0008132 0.000818605 -0.000127599 0.0016291 -0.0017192 -0.00164164 -0.00412722 0.00164234 -0.00126703 0.00212014 0.00526596 -0.00177215 0.00239627
internal_weight=35050 17654 6402 17396 1436 11252 10966 1483 17037 9483 12707 8333 4129 7199 970 571 4966 359 712 244 4204 2070 487 1980 3159 4330 1475 2855 2134 617 4374 2742 1829 913 357 4260 1315 1970 316 1551 397 1463 4178 3974 750 306 1228 1095 911 1696 3224 2115 975 348 2996 675 273 733 282 187 236 963
internal_count=35050 17654 6402 17396 1436 11252 10966 1483 17037 9483 12707 8333 4129 7199 970 571 4966 359 712 244 4204 2070 487 1980 3159 4330 1475 2855 2134 617 4374 2742 1829 913 357 4260 1315 1970 316 1551 397 1463 4178 3974 750 306 1228 1095 911 1696 3224 2115 975 348 2996 675 273 733 282 187 236 963
is_linear=0
shrinkage=0.03


Tree=145
num_leaves=63
num_cat=0
split_feature=8 9 9 9 6 1 1 8 10 2 8 1 4 10 2 7 10 8 2 8 3 6 5 10 5 7 6 2 8 7 1 7 8 7 4 2 4 2 10 10 6 5 8 7 7 7 7 1 10 1 4 3 10 3 2 2 10 5 10 4 5 4
split_gain=2350.01 2927.94 144.848 105.827 109.918 51.5974 37.2449 34.5789 31.3169 21.7673 20.5904 19.4185 16.1394 14.5462 16.6395 13.7937 12.4537 12.0234 11.9524 11.353 11.2612 13.2568 9.61827 9.45163 8.78138 8.26939 7.79176 7.43114 7.00778 19.6818 12.2911 11.1709 8.98452 7.15427 7.00981 6.99381 7.78002 6.87358 9.9312 6.58508 6.45716 6.42402 12.6242 6.21035 5.88102 10.8297 5.96575 6.40829 5.79207 5.75763 5.61345 5.44419 5.36562 5.22568 6.94934 5.19521 5.10325 5.07229 5.02983 5.01149 4.97586 4.95626
threshold=-1.0000000180025095e-35 -0.37940952255126015 1.0000000180025095e-35 0.91597561503675351 0.9919160630702849 0.95500000000000007 0.015000000000000001 0.78656609248549325 0.25000000000000011 0.55000000000000016 -0.5 0.065000000000000016 0.48333333333333339 -0.24999999999999994 0.75000000000000011 0.95119898168678663 -0.6830127018922193 0.12940952255126045 0.55000000000000016 -0.5 0.8500000000000002 0.9919160630702849 1.0000000180025095e-35 0.25000000000000011 0.35000000000000003 1.0454413088367662 0.88495649876721172 0.65000000000000002 0.25881904510252091 0.21955316295349356 2.5550000000000002 1.0089574659665328 0.37940952255126054 1.0172029338051012 0.083333333333333315 0.75000000000000011 0.41666666666666669 0.25000000000000006 -0.6830127018922193 -0.6830127018922193 0.9919160630702849 0.15000000000000005 0.12940952255126045 0.66316291683407003 0.98115360191154799 1.030863172612676 0.91581153787403058 1.2450000000000003 0.68301270189221941 1.0250000000000001 0.48333333333333339 0.25000000000000006 -0.5 0.75000000000000011 0.75000000000000011 0.15000000000000005 0.25000000000000011 0.82500000000000007 1.0000000180025095e-35 0.11666666666666667 0.35000000000000003 0.083333333333333315
decision_type=2 2 2 2 2 2 2 2 2 2 2 2 2 2 2 2 2 2 2 2 2 2 2 2 2 2 2 2 2 2 2 2 2 2 2 2 2 2 2 2 2 2 2 2 2 2 2 2 2 2 2 2 2 2 2 2 2 2 2 2 2 2
left_child=3 7 6 5 18 22 12 20 19 17 40 13 -3 61 -15 -12 -11 23 -5 25 21 26 37 -4 56 35 -2 51 33 32 49 -32 -30 -23 -34 36 -7 38 55 -29 -10 42 -18 -37 46 -46 47 -42 -26 -31 -50 -6 -36 -14 -55 -1 -22 -21 -41 -51 -16 -9
right_child=1 2 9 4 27 8 -8 11 10 16 15 -13 53 14 60 -17 41 -19 -20 57 24 28 -24 -25 48 -27 -28 39 29 30 31 -33 34 -35 52 43 -38 -39 -40 58 44 -43 -44 -45 45 -47 -48 -49 50 59 -52 -53 -54 54 -56 -57 -58 -59 -60 -61 -62 -63
leaf_value=-1.7520213767983558e-05 -2.2011346142619682e-06 -6.9666187761326266e-06 -6.9666187761326266e-06 -9.4394341169391879e-06 -1.5641727777339283e-05 6.264653255105612e-05 -4.3147753569464964e-06 -7.4516110845803107e-05 -0.00011263134999195733 -6.9666187761326266e-06 0.00086906602655127392 0.00012341584686066941 -6.9666187761326266e-06 -1.0065475251894172e-05 -6.9336290438371299e-06 0.0014876180211602008 -6.9666187761326266e-06 -6.9666187761326266e-06 -7.10491807348689e-06 0.00046810197742998212 -4.9659618203129476e-05 0.00036761133112539143 -6.7121442078951068e-06 -6.9666187761326266e-06 -4.3307795158257724e-05 -0.00041358558992068278 -0.00045939236211281931 2.3133172590064551e-05 0.00081529141557646343 -0.00054571731905116605 -5.9762945223594817e-05 0.0013116201347831051 1.0686149811600654e-06 0.0013296369771031767 0.00062789205357618159 0.00010626771638998 0.00070955366491716183 2.9850337613829062e-05 1.570047981421952e-05 -8.4611807981798662e-06 0.00075473158114487573 -6.9666187761326266e-06 -6.9666187761326266e-06 -0.00067375155337901112 -0.00028531473751025604 0.00090937619215015748 0.00071201111624619672 0.00017582553362597368 -0.00016250207555596293 -0.00029129091897289294 0.00012194922103358974 6.9252416191476189e-06 7.6758424362619249e-05 -6.9666187761326266e-06 -6.9666187761326266e-06 -5.2041421469425311e-05 -0.00036587157690979173 -0.00026181425978161199 -1.1920975149892319e-05 2.5370024830070335e-05 -6.9336290438371299e-06 1.7668768660391784e-06
leaf_weight=255 207 709 394 91 300 909 138 152 107 1265 553 161 202 383 86 303 142 3404 316 1215 142 771 7089 231 1476 100 137 85 311 85 225 80 562 85 244 204 151 1356 1022 125 118 3931 842 171 163 87 250 354 123 328 320 295 421 81 358 105 126 103 240 215 299 362
leaf_count=255 207 709 394 91 300 909 138 152 107 1265 553 161 202 383 86 303 142 3404 316 1215 142 771 7089 231 1476 100 137 85 311 85 225 80 562 85 244 204 151 1356 1022 125 118 3931 842 171 163 87 250 354 123 328 320 295 421 81 358 105 126 103 240 215 299 362
internal_value=-0.00803257 -0.0151745 -0.0244785 0.000412621 -0.00730902 0.00118021 -0.0157152 -0.00026705 0.00373356 -0.0257542 0.00667872 -0.00442521 -0.0172317 -0.00565861 -0.00827048 0.0101517 -0.0268889 -0.0240074 -0.0205147 0.00173441 0.000757808 0.00177288 -6.41026e-05 -0.0200799 -0.000946069 -1.95312e-05 -0.00382609 -0.00215105 0.00235276 0.00154126 -0.00189507 0.00303922 0.00362573 0.00469078 0.00246743 0.000564067 0.00180961 0.00144578 -4.33839e-05 -0.00505543 0.00391667 -0.0275895 -0.0252792 -0.00295213 0.00468654 0.000717131 0.00605809 0.0040592 -0.000234375 -0.00429253 0.00277027 5.03356e-05 0.00454955 -0.0207009 -0.01875 -0.00432133 -0.0060223 0.00377559 -0.00680328 -0.00314338 -0.0126684 -0.00174757
internal_weight=35065 18998 11697 16067 1452 14615 1488 7301 4788 10209 1935 1443 1350 1282 768 856 6180 4029 407 2853 5858 3671 9827 625 2187 1535 344 1045 3327 2471 933 305 1538 856 1227 1435 1060 2738 1382 450 1079 4915 984 375 972 250 722 472 1919 628 443 595 665 641 439 360 268 1318 365 543 385 514
internal_count=35065 18998 11697 16067 1452 14615 1488 7301 4788 10209 1935 1443 1350 1282 768 856 6180 4029 407 2853 5858 3671 9827 625 2187 1535 344 1045 3327 2471 933 305 1538 856 1227 1435 1060 2738 1382 450 1079 4915 984 375 972 250 722 472 1919 628 443 595 665 641 439 360 268 1318 365 543 385 514
is_linear=0
shrinkage=0.03


Tree=146
num_leaves=63
num_cat=0
split_feature=0 8 8 6 1 0 8 5 0 11 0 8 11 3 8 11 2 2 2 0 0 1 7 0 7 3 0 2 4 0 11 7 4 5 0 6 7 7 5 0 11 6 8 5 6 7 7 7 7 0 11 1 0 11 5 1 2 7 1 6 6 0
split_gain=3149.62 2668.51 56.5655 103.271 38.5108 33.5054 30.233 22.1827 19.3735 21.6058 18.2823 23.653 17.545 16.2232 18.5126 20.2162 15.6362 15.057 14.042 12.8815 12.0643 10.7202 9.78558 9.01082 10.9522 10.6293 8.1961 7.86182 7.84749 8.58386 7.67588 9.07502 7.17185 7.60467 9.49525 7.53431 10.283 6.82629 6.79356 6.53382 6.47658 7.92245 5.81282 5.93691 5.7475 5.67741 7.06435 9.16082 7.63492 5.98836 5.95363 6.02545 5.93503 6.93815 5.64085 8.69103 10.7673 11.2604 10.5692 10.0982 7.59831 5.76893
threshold=0.015000000000000001 -1.0000000180025095e-35 -0.37940952255126059 0.9919160630702849 2.6150000000000007 1.0000000180025095e-35 0.12940952255126045 0.15000000000000005 3.4550000000000005 1.0000000180025095e-35 0.03500000000000001 0.25881904510252091 0.6830127018922193 0.62500000000000011 0.37940952255126054 0.25000000000000017 0.55000000000000016 0.55000000000000016 0.55000000000000016 2.0950000000000002 1.4450000000000001 2.1150000000000007 1.0031601965013184 3.2050000000000005 0.98638786951480462 0.25000000000000006 2.4750000000000005 0.25000000000000006 0.058333333333333307 0.26500000000000007 -0.24999999999999994 0.98837988868869309 0.85833333333333339 0.71666666666666667 0.45500000000000007 0.78953051963513776 0.091237526498112842 0.86714164852328679 0.71666666666666667 0.12500000000000003 0.93301270189221952 0.56988722470830055 -0.5 0.82500000000000007 0.68180145234509759 1.0510357296071584 0.8770602672972877 0.84425186551581366 0.95386832187984938 1.0550000000000004 -0.5 0.28500000000000009 1.8650000000000004 -0.68301270189221952 0.71666666666666667 0.55500000000000016 0.8500000000000002 0.30154741963787196 0.76500000000000012 0.94457821059868363 0.34947725814255531 1.2650000000000003
decision_type=2 2 2 2 2 2 2 2 2 2 2 2 2 2 2 2 2 2 2 2 2 2 2 2 2 2 2 2 2 2 2 2 2 2 2 2 2 2 2 2 2 2 2 2 2 2 2 2 2 2 2 2 2 2 2 2 2 2 2 2 2 2
left_child=1 2 40 18 10 6 7 -3 9 20 11 -2 -5 14 15 26 -8 -14 -4 21 -6 -17 -11 -22 25 -25 45 38 -16 39 54 32 37 34 -34 36 -35 -32 -15 -30 41 -1 -37 -44 -43 46 47 49 -48 50 51 -12 53 -50 61 56 59 -58 -57 -56 -60 -29
right_child=4 5 3 12 8 -7 16 -9 -10 22 13 -13 17 27 28 19 -18 -19 -20 -21 23 -23 -24 24 -26 -27 -28 30 29 -31 31 -33 33 35 -36 42 -38 -39 -40 -41 -42 44 43 -45 -46 -47 48 -49 52 -51 -52 -53 -54 -55 55 58 57 -59 60 -61 -62 -63
leaf_value=-1.3004932526711191e-05 3.2693028262598469e-06 -6.7576202128486486e-06 -9.1562510934310104e-06 3.4325553590513039e-06 0.0015769219929250373 -6.7260146275128194e-06 -6.7576202128486486e-06 -6.7576202128486486e-06 0.00099091512113679936 0.00089925143576697784 -0.00013921950193703948 -9.0772529935920366e-06 -7.203053177086784e-07 -3.7202582920631278e-06 -3.237474875619577e-05 0.0003572767678938548 -6.7576202128486486e-06 -7.9089653431678304e-06 -6.8917705312822828e-06 0.0011510671176547204 0.0001361932195443427 -0.00044479523500175362 0.0016128147600152575 0.0010831592394015288 -0.00014842396817404512 0.0006676177756740298 0.00037088935868012651 7.033607905725415e-05 1.4950384991227951e-05 0.00010529250062172701 -7.6868928620720138e-05 -0.00060013135360974961 -0.00014138219474481141 0.00010082429766036799 0.00033820911019341035 1.5090043332389654e-06 -0.00020020142180494346 0.0005362039033668264 0.00043394581624414295 -0.0001225669523137845 -1.554937459459454e-05 3.4181789289061786e-05 0.00069361506807414882 0.00025315493259243563 6.0330295462256503e-06 -0.00039631592403119694 0.00049001474329841055 -0.00057580315144184263 0.00045663667336814261 -0.00038904994701116744 0.00015692481322079446 0.00015896422365865886 -0.00047240973792483709 -0.00011113786047267704 0.00037749321167800115 -0.00031392306451969386 -2.5700545853618044e-05 0.00021673212749812848 0.00033629392185058864 1.6735416243045567e-05 -0.00027884768801066828 -4.6890983147258869e-05
leaf_weight=652 372 567 97 780 88 288 3533 922 89 224 137 282 122 112 1220 1857 5993 171 308 407 1339 87 120 85 115 89 229 1424 114 683 2774 83 312 132 215 111 82 110 140 110 563 101 111 138 3625 93 293 97 97 293 253 109 102 122 180 147 718 80 134 186 483 744
leaf_count=652 372 567 97 780 88 288 3533 922 89 224 137 282 122 112 1220 1857 5993 171 308 407 1339 87 120 85 115 89 229 1424 114 683 2774 83 312 132 215 111 82 110 140 110 563 101 111 138 3625 93 293 97 97 293 253 109 102 122 180 147 718 80 134 186 483 744
internal_value=-0.00807774 -0.0169949 -0.00154673 -0.00669371 0.00094162 -0.025767 -0.0260321 -0.0220067 0.00470233 0.0041048 0.000415637 -0.00448855 -0.00181564 0.000633832 0.00178458 0.0029447 -0.026659 -0.00806122 -0.0195813 0.00478316 0.00272568 0.0037635 0.0109565 0.00213628 0.00693103 0.0116571 0.000575027 -0.00022811 -0.000493421 0.00161894 -0.000389467 -0.00131236 -0.00110637 0.000952813 -0.00164773 0.00333913 -0.00111628 -0.00189255 0.00498024 -0.00346667 -6.07042e-06 0.000383649 0.00598338 0.00852 0.000917628 -0.000187852 0.000259309 -0.00144944 0.00273171 -0.00037831 0.00162 -0.0017004 -0.000465839 0.00231818 0.000527215 -0.000653188 0.000978541 -0.00097622 -0.00313725 0.00523161 -0.00140777 0.00157676
internal_weight=35244 17722 6419 1478 17522 11303 11015 1489 2149 2060 15373 654 1073 14719 6303 4176 9526 293 405 2351 1716 1944 344 1628 289 174 1825 8416 2127 907 8164 4068 3985 1101 527 574 214 2884 252 224 4941 4378 360 249 3726 1596 1503 889 614 792 499 246 321 219 4096 1928 1164 798 764 366 617 2168
internal_count=35244 17722 6419 1478 17522 11303 11015 1489 2149 2060 15373 654 1073 14719 6303 4176 9526 293 405 2351 1716 1944 344 1628 289 174 1825 8416 2127 907 8164 4068 3985 1101 527 574 214 2884 252 224 4941 4378 360 249 3726 1596 1503 889 614 792 499 246 321 219 4096 1928 1164 798 764 366 617 2168
is_linear=0
shrinkage=0.03


Tree=147
num_leaves=63
num_cat=0
split_feature=0 9 9 1 2 9 9 0 9 6 0 9 11 5 5 0 1 3 4 7 2 11 0 9 9 9 11 3 11 6 1 7 0 4 11 0 4 11 1 0 6 5 9 2 11 11 0 3 9 3 0 2 5 4 7 4 0 3 0 2 0 11
split_gain=3133.28 169.535 93.8238 84.1759 53.3876 49.7065 288.216 40.2149 37.8996 37.2266 24.2473 22.6762 17.3306 15.5998 11.8221 11.147 14.7224 10.0563 13.4542 16.9364 10.7256 10.5247 11.1322 9.95465 9.25491 112.121 8.99772 8.98798 8.20609 7.69182 7.3114 9.45823 9.28144 6.92374 6.82039 11.5627 6.32142 5.99727 8.01809 8.11925 7.56393 5.8546 12.5148 8.93576 7.25159 7.13568 6.77882 6.5464 6.37395 5.6433 5.63919 10.8223 5.61893 5.59433 5.54817 8.1717 6.94134 5.69423 5.5206 5.3026 5.2818 5.24094
threshold=0.015000000000000001 0.37940952255126048 0.98296291314453421 1.0000000180025095e-35 0.55000000000000016 0.25881904510252057 0.1294095225512602 3.1350000000000002 0.91597561503675351 0.9919160630702849 1.0000000180025095e-35 -0.70710678118654757 0.6830127018922193 0.15000000000000005 0.22500000000000003 0.042500000000000003 1.0000000180025095e-35 0.45000000000000007 0.41666666666666669 1.0454413088367662 0.15000000000000005 -0.5 1.4850000000000001 0.1294095225512602 1.0000000180025095e-35 -0.12940952255126037 -0.9330127018922193 0.11666666666666667 0.93301270189221952 0.96010100249940655 1.9750000000000003 0.95386832187984938 1.905 0.29285714285714293 -0.5 3.3750000000000004 0.17499999999999996 0.6830127018922193 0.025000000000000005 0.27500000000000008 0.9919160630702849 0.083333333333333315 -0.60355339059327384 1.0000000180025095e-35 -0.5 -0.5 0.54500000000000015 0.95000000000000007 -0.37940952255126015 0.45000000000000007 0.62500000000000011 0.75000000000000011 0.15000000000000005 0.78333333333333355 0.88316752674270405 0.17499999999999996 0.85500000000000009 0.45000000000000007 0.78500000000000014 0.35000000000000003 0.31500000000000006 -0.68301270189221952
decision_type=2 2 2 2 2 2 2 2 2 2 2 2 2 2 2 2 2 2 2 2 2 2 2 2 2 2 2 2 2 2 2 2 2 2 2 2 2 2 2 2 2 2 2 2 2 2 2 2 2 2 2 2 2 2 2 2 2 2 2 2 2 2
left_child=1 3 4 5 26 6 10 11 28 -10 24 17 52 -4 34 16 23 18 19 21 -19 27 36 53 25 -1 -3 -2 29 -6 32 -32 41 -31 35 -9 -23 38 39 -22 60 42 -17 44 -44 48 -45 -47 50 -8 51 -43 -11 -13 56 -56 57 -50 -52 -29 -39 -35
right_child=7 2 13 -5 8 -7 49 14 9 12 -12 15 -14 -15 -16 30 -18 20 -20 -21 37 22 -24 -25 -26 -27 -28 59 -30 33 31 -33 -34 61 -36 -37 -38 40 -40 -41 -42 45 43 46 -46 47 -48 -49 54 -51 58 -53 -54 -55 55 -57 -58 -59 -60 -61 -62 -63
leaf_value=-6.5548916064631889e-06 -0.00048975163540718235 -8.955033548474601e-06 -6.5550367851636602e-06 4.2342844065313373e-05 -6.5548916064631889e-06 -6.5548916064631889e-06 -2.2972129138106068e-05 0.0002670368901870074 -6.5548916064631889e-06 -6.5490819394070979e-06 -6.5242341886874351e-06 -1.3283457572158704e-05 -6.5548860493366611e-06 -6.5548916064631889e-06 0.00028071954782158017 -8.4460363561302199e-05 5.2938258839606968e-05 0.0011165351041250804 0.0009025402821606776 0.0011562322236886113 -5.793900095728124e-05 -0.0004089001968356054 0.00030562787068021401 -2.2026156165419476e-06 -6.5548916064631889e-06 8.3276667984955754e-05 -7.6564065419261314e-06 0.00024048392391934014 -6.5548916064631889e-06 -1.0730173442996472e-05 0.0006272404314866583 -2.8170440602240385e-05 -0.00065456982116571022 -6.7582625596311509e-06 0.001173070363975367 0.00094877052831065178 0.00038536946382634548 2.0000721788622914e-05 4.9117005357489081e-05 0.00047279461196624988 4.8522204851230292e-05 0.00058155353981843275 -0.0001396332938433336 2.3667504134302906e-05 3.4517542306573348e-05 -3.3649165727091348e-05 0.00033062843683647478 -6.5109311919805607e-05 -9.6544618950541376e-05 -1.2129839137806421e-06 -0.00024685390854224665 4.6750941851508715e-05 -6.5550712868876037e-06 -5.5107151528571147e-06 -4.3861089477593391e-05 0.0004753867969583028 -0.00036999632495896689 1.9131600626015166e-06 7.8629862756745273e-05 -0.00020975402332475189 -0.0002690000331381201 -6.5548260423268816e-06
leaf_weight=842 188 272 552 103 1619 1453 244 168 651 222 314 361 346 911 176 390 100 105 577 147 81 113 1387 272 1310 86 4332 153 555 703 180 241 146 541 141 109 86 135 3639 353 827 102 202 623 406 2060 527 807 82 393 81 365 510 137 100 106 205 834 356 88 289 1672
leaf_count=842 188 272 552 103 1619 1453 244 168 651 222 314 361 346 911 176 390 100 105 577 147 81 113 1387 272 1310 86 4332 153 555 703 180 241 146 541 141 109 86 135 3639 353 827 102 202 623 406 2060 527 807 82 393 81 365 510 137 100 106 205 834 356 88 289 1672
internal_value=-0.00810788 -0.0170264 -0.0152386 -0.0218774 -0.0143199 -0.0224725 -0.0203605 0.000906225 -0.0160073 -0.0198555 -0.0248649 0.000635533 -0.0164041 -0.0223975 0.00857143 -0.000431829 -0.00365098 0.00177011 0.00325182 0.00216366 0.0010221 0.00144345 0.00257089 -0.00505837 -0.0259669 -0.0235737 -0.0118176 -0.00272093 -0.0146965 -0.0142659 -7.2946e-05 0.00376777 -0.000292168 -0.0133288 0.0113126 0.00852518 -0.00405 0.000833803 0.00139175 0.00524138 -0.000982428 -0.000140748 0.00117264 0.00225128 -0.000689655 -0.000694254 0.00380539 -0.0016841 0.000577957 -0.00230408 0.00251934 0.00480769 -0.0137517 -0.00757515 -0.000745482 0.00376812 -0.00157754 -0.000458015 6.84932e-05 0.0011157 -0.00423529 -0.0141599
internal_weight=35076 17631 12886 4745 11423 4642 3189 17445 6819 1729 2552 16851 1078 1463 594 8683 870 8168 2739 2162 5429 2015 1586 770 2238 928 4604 429 5090 4535 7813 421 7392 2916 418 277 199 5324 4073 434 1251 7246 2148 1758 608 5098 1150 2867 2231 637 904 467 732 498 1327 206 1121 916 437 241 424 2213
internal_count=35076 17631 12886 4745 11423 4642 3189 17445 6819 1729 2552 16851 1078 1463 594 8683 870 8168 2739 2162 5429 2015 1586 770 2238 928 4604 429 5090 4535 7813 421 7392 2916 418 277 199 5324 4073 434 1251 7246 2148 1758 608 5098 1150 2867 2231 637 904 467 732 498 1327 206 1121 916 437 241 424 2213
is_linear=0
shrinkage=0.03


Tree=148
num_leaves=63
num_cat=0
split_feature=0 8 9 6 8 0 0 8 5 10 1 11 10 0 10 2 0 9 1 5 6 11 4 0 11 2 0 0 6 8 8 11 6 9 8 1 0 0 2 4 2 10 2 0 4 10 2 1 11 4 1 0 1 1 4 11 0 6 1 8 0 0
split_gain=3130.33 2643.28 62.435 102.132 53.4192 60.1079 40.4616 30.2975 22.9365 17.0849 14.4424 22.0513 13.5249 12.7115 12.0027 11.6202 10.6862 9.70867 9.50513 16.8413 9.45417 12.8935 11.4466 8.53149 8.13321 9.28575 7.66038 7.28833 6.59333 6.65403 6.56112 6.421 10.6595 6.17478 10.3582 17.2645 25.9452 6.93114 6.91528 11.3359 8.81847 7.2942 6.3712 9.05046 6.84066 9.69252 7.05681 6.24249 6.10111 6.404 6.78237 5.8302 5.35693 9.77383 7.44048 6.75848 5.29275 5.56384 10.2756 6.60465 6.43754 7.2422
threshold=1.0000000180025095e-35 -1.0000000180025095e-35 0.91597561503675351 0.96010100249940655 0.78656609248549325 0.025000000000000005 3.2250000000000005 0.12940952255126045 0.15000000000000005 -0.6830127018922193 2.6050000000000004 1.0000000180025095e-35 0.68301270189221941 2.7450000000000006 1.0000000180025095e-35 0.45000000000000007 1.3650000000000004 0.1294095225512602 0.065000000000000016 0.083333333333333315 0.9919160630702849 0.25000000000000017 0.17499999999999996 3.3950000000000005 0.6830127018922193 0.55000000000000016 1.2850000000000004 0.39500000000000007 0.52528369594149305 0.25881904510252091 -0.60355339059327362 0.25000000000000017 0.39171654935837491 -0.70710678118654757 1.0000000180025095e-35 0.56500000000000006 2.0250000000000004 2.4350000000000005 0.15000000000000005 0.48333333333333339 0.65000000000000002 0.25000000000000011 0.15000000000000005 1.1450000000000002 0.85833333333333339 -0.24999999999999994 0.8500000000000002 0.95500000000000007 0.93301270189221952 0.29285714285714293 0.18500000000000003 0.71500000000000008 2.3550000000000004 1.6050000000000002 0.64166666666666683 -0.68301270189221952 2.2850000000000006 0.54269012772290737 1.3250000000000004 0.60355339059327384 0.63500000000000012 0.37500000000000006
decision_type=2 2 2 2 2 2 2 2 2 2 2 2 2 2 2 2 2 2 2 2 2 2 2 2 2 2 2 2 2 2 2 2 2 2 2 2 2 2 2 2 2 2 2 2 2 2 2 2 2 2 2 2 2 2 2 2 2 2 2 2 2 2
left_child=1 2 17 31 6 -6 10 8 12 -9 20 16 -3 -13 -8 -11 -12 -1 -7 -20 21 56 51 -16 -5 -26 27 -24 -29 -30 -19 32 -4 34 38 36 42 52 41 47 -41 -22 -36 44 45 -44 -47 -40 -35 -50 -51 -23 53 54 -37 -55 57 58 59 -2 61 -59
right_child=4 7 3 24 5 18 14 9 -10 15 11 13 -14 -15 23 -17 -18 30 19 -21 33 22 26 -25 25 -27 -28 28 29 -31 -32 -33 -34 48 35 37 -38 -39 39 40 -42 -43 43 -45 -46 46 -48 -49 49 50 -52 -53 -54 55 -56 -57 -58 60 -60 -61 -62 -63
leaf_value=0.00011784588405019575 -3.018162166346398e-05 -6.3582405029082786e-06 -6.7264093565323426e-06 -4.3594979553131454e-06 -6.3285071630268123e-06 -1.9269785742886403e-05 0.00050843206821938984 -6.3582448582692932e-06 -6.3582448582692932e-06 -6.3582448582692932e-06 0.0019940329001592173 0.00049178430181369686 -6.3583856816087499e-06 0.0014063296170166643 0.00074570550245907081 -6.3582448582692932e-06 0.00015037656073863592 4.5188753076219004e-06 -4.933418782310156e-05 0.00018729990479001587 0.00041035806845703625 0.00023456067750574221 -0.00011038025433746191 0.0013975204974086264 -3.0309026786837519e-05 -7.4750498013926973e-06 -0.0014602556130018107 0.00049382548165796203 2.4926387661776405e-06 -0.00057948299955213332 -9.4812589555900538e-06 -5.7570530460674963e-06 -7.6914968498137427e-06 3.8688271745571723e-05 -0.0001449651591414483 -0.00071958660593453955 0.001562236907433262 0.00016885466245954549 -0.0002823861037551009 0.0016792309441290487 0.00051854857819225825 0.0017926366424356071 0.00071441105529242209 0.00065071006709225936 0.00045862419531604831 -6.0517454627374704e-05 -0.00051660371640427176 0.00016762725242164156 8.9763681646222514e-05 -3.8048692696455723e-05 -0.00088059850411644446 -0.00011090942128438557 -0.00057671751725635323 -0.00036706120050139708 -2.2522319207889385e-05 0.00020457023233899529 -0.00052292999037928498 4.7086708042014535e-05 0.00048296318515670289 9.6862164903229115e-05 1.3201579905665339e-05 0.00035596106677074775
leaf_weight=97 1230 402 124 776 425 1473 125 2282 890 2036 80 186 160 174 157 5155 1354 3178 110 154 183 82 628 116 126 167 89 115 222 83 1482 103 127 4560 170 249 95 198 104 95 757 90 88 349 216 158 101 717 124 153 87 85 151 128 195 369 139 351 153 134 595 207
leaf_count=97 1230 402 124 776 425 1473 125 2282 890 2036 80 186 160 174 157 5155 1354 3178 110 154 183 82 628 116 126 167 89 115 222 83 1482 103 127 4560 170 249 95 198 104 95 757 90 88 349 216 158 101 717 124 153 87 85 151 128 195 369 139 351 153 134 595 207
internal_value=-0.00802034 -0.0171852 -0.00150461 -0.00701545 0.000785173 -0.00363384 0.00139615 -0.0260544 -0.0219683 -0.0266783 0.00114923 0.00367688 -0.0171581 0.0103047 0.0108271 -0.0274096 0.00200697 0.000145019 -0.0011565 0.00407547 0.000811836 -0.000386485 -0.00285057 0.0143431 -0.00238318 -0.00663265 -0.00392794 -0.00320305 -0.000142518 -0.00245098 -5.14911e-05 -0.0209577 -0.0182143 0.00133969 0.00215451 0.000863047 0.00348896 -0.00153369 0.00379045 0.00306452 0.00548652 0.00821168 0.00216066 0.00315444 0.000797872 -0.00181034 -0.00473077 0.000547445 0.000609137 -0.00312329 -0.0059751 0.00446429 -0.00247027 -0.0016242 -0.00485393 0.00126506 0.000758007 0.00105578 -0.00013834 -0.000967033 0.00262565 0.00493739
internal_weight=34909 17105 6180 1423 17804 2162 15642 10925 1452 9473 15244 1794 562 360 398 7191 1434 4757 1737 264 13450 4113 1304 273 1069 293 1137 1048 420 305 4660 354 251 9337 4413 2467 1177 1290 1946 1673 852 273 1082 912 563 347 259 821 4924 364 240 167 1092 941 444 497 2809 2670 1517 1364 1153 558
internal_count=34909 17105 6180 1423 17804 2162 15642 10925 1452 9473 15244 1794 562 360 398 7191 1434 4757 1737 264 13450 4113 1304 273 1069 293 1137 1048 420 305 4660 354 251 9337 4413 2467 1177 1290 1946 1673 852 273 1082 912 563 347 259 821 4924 364 240 167 1092 941 444 497 2809 2670 1517 1364 1153 558
is_linear=0
shrinkage=0.03


Tree=149
num_leaves=63
num_cat=0
split_feature=8 9 9 11 9 6 8 8 11 10 8 5 7 10 10 5 11 10 1 10 2 11 7 1 7 10 11 8 10 10 10 11 1 8 6 2 6 8 10 6 7 7 7 3 11 7 5 6 2 5 3 1 8 10 8 3 10 2 6 3 6 11
split_gain=2360.28 2902.9 153.782 190.502 87.935 95.1689 53.4302 38.1162 66.4221 28.8995 25.8402 28.6724 24.452 17.0838 14.629 14.4149 14.1685 13.891 16.6223 12.4509 11.3682 10.9106 10.4791 9.72672 11.6383 16.2666 12.0837 9.76216 9.36986 8.98738 8.88552 8.76455 8.42632 9.01455 8.20802 8.11942 8.36558 12.5807 8.09515 7.83464 7.66284 11.179 8.96982 9.19333 6.48236 6.8352 6.23644 6.39728 6.2023 5.62703 5.39837 5.37905 5.36895 5.35628 5.25904 5.4175 5.17763 6.33344 5.59904 9.52883 7.42294 8.47412
threshold=-1.0000000180025095e-35 -0.37940952255126015 1.0000000180025095e-35 1.0000000180025095e-35 0.91597561503675351 0.9919160630702849 -0.5 0.78656609248549325 0.6830127018922193 0.25000000000000011 0.12940952255126045 0.15000000000000005 0.94903604215526716 0.68301270189221941 -0.6830127018922193 0.35000000000000003 0.6830127018922193 1.0000000180025095e-35 0.74500000000000011 0.25000000000000011 0.45000000000000007 0.25000000000000017 1.0721732273210687 2.9250000000000003 0.094904775295781438 -0.5 0.25000000000000017 0.37940952255126054 0.68301270189221941 -0.6830127018922193 -0.24999999999999994 0.25000000000000017 1.905 0.25881904510252091 0.27367423887636216 0.75000000000000011 0.68180145234509759 -0.78656609248549303 0.68301270189221941 0.9919160630702849 1.0149612868436317 0.89843750000000011 0.97071909891988073 0.25000000000000006 1.0000000180025095e-35 0.87401702351982491 0.71666666666666667 0.76420684332829569 0.55000000000000016 0.35000000000000003 0.62500000000000011 0.19166666650000003 -0.60355339059327362 0.25000000000000011 0.37940952255126054 0.083333333333333315 -0.24999999999999994 1.0000000180025095e-35 0.96010100249940655 0.95000000000000007 0.76420684332829569 -0.24999999999999994
decision_type=2 2 2 2 2 2 2 2 2 2 2 2 2 2 2 2 2 2 2 2 2 2 2 2 2 2 2 2 2 2 2 2 2 2 2 2 2 2 2 2 2 2 2 2 2 2 2 2 2 2 2 2 2 2 2 2 2 2 2 2 2 2
left_child=4 7 3 46 6 31 17 23 13 30 11 28 39 -9 -12 -15 -7 22 35 -14 -16 40 56 24 25 54 -27 -28 -4 -5 -10 34 -26 49 -6 36 -19 44 50 51 41 -20 -43 -44 45 -38 -3 -48 -18 -34 -39 -8 -40 -25 -2 -56 58 -58 59 60 -1 -62
right_child=1 2 10 29 5 16 12 8 9 -11 14 -13 19 15 20 -17 48 18 21 -21 -22 -23 -24 53 32 26 27 -29 -30 -31 -32 -33 33 -35 -36 -37 37 38 52 -41 -42 42 43 -45 -46 -47 47 -49 -50 -51 -52 -53 -54 -55 55 -57 57 -59 -60 -61 61 -63
leaf_value=-1.8222437116217726e-05 0.00078015192608376076 -1.4771214595797705e-05 -6.1674932878210304e-06 -6.1674975125212142e-06 -6.5270082214178164e-06 5.2892104118209844e-07 -0.00012765189061388944 3.7643381560423948e-05 -2.1702567799401128e-05 -6.1354974721945814e-06 -6.1674975125212142e-06 -6.1674975125212142e-06 0.00061310774418633527 -1.1502093868218116e-05 -6.1674975125212142e-06 -1.6892224136097513e-05 -3.1187086272545624e-05 -4.1512484823864843e-05 8.6204042763417526e-05 0.0012247757611917032 -6.1674975125212142e-06 0.0012183264722524943 -0.00061267412919039255 0.00015600262669827834 -0.00013040360043026764 9.9590428835182737e-05 0.00010031984522555652 -9.2424515316093014e-05 -6.1676341111604871e-06 -6.1674975125212142e-06 -6.1354974721945814e-06 -5.128925680785087e-06 0.00011982904702991681 -6.4438251787894417e-05 -7.3741099845654149e-06 -1.0838860048195142e-05 -9.8194555501053206e-06 -7.461171709142872e-06 0.00012313932297568442 0.00063311852770296683 -0.00042345443803472853 0.00070869964812084901 -0.00017573431851414912 0.00055717258207450327 1.8364589470372375e-05 -0.00018123895796299776 -2.4180997730685531e-05 -1.4359171514137915e-05 -8.1542102529026755e-06 0.00095479097425791302 7.8314163936936369e-05 8.9913499421386819e-05 4.0033167814107792e-05 0.00045692102841315637 -0.00016864010077524081 0.00025833304263336881 5.3044827372011102e-05 -2.7855662464003667e-05 4.9431134598890839e-06 3.7874811175575067e-06 -0.000118026711635706 -0.00016622320413307268
leaf_weight=382 197 506 393 121 114 786 110 738 117 121 2189 903 389 187 1908 163 114 152 671 298 4682 255 99 220 1464 838 362 661 172 618 124 134 299 707 157 2312 356 246 192 1454 116 329 126 80 634 83 104 136 178 153 112 656 182 221 107 633 99 900 3487 757 113 89
leaf_count=382 197 506 393 121 114 786 110 738 117 121 2189 903 389 187 1908 163 114 152 671 298 4682 255 99 220 1464 838 362 661 172 618 124 134 299 707 157 2312 356 246 192 1454 116 329 126 80 634 83 104 136 178 153 112 656 182 221 107 633 99 900 3487 757 113 89
internal_value=-0.00808305 -0.0152386 -0.0244848 -0.0154441 0.000348945 -0.00661051 0.00105245 -0.000402024 -0.00475534 -0.0158678 -0.0257933 -0.0220558 0.00469395 -0.00104683 -0.0264157 -0.00649573 -0.00194625 0.000152892 0.00119035 0.00963663 -0.027137 0.00382129 -0.000870592 0.000675422 0.000326448 0.00167203 4.83351e-05 -0.00213867 -0.0166961 -0.0262297 -0.00979339 -0.0189901 -0.00110899 0.000801724 -0.0157721 0.000217799 0.00163943 0.0022093 0.00523874 0.00316074 0.00272109 0.00342999 0.00666045 0.00173913 0.000139665 -0.00265909 -0.00473896 -0.00871369 -0.00757679 0.00410596 0.00200557 0.000704042 0.00832 0.00495475 0.00489339 0.0037247 -0.000705216 -0.00267 -0.000298198 -0.00194486 -0.00482051 -0.00945813
internal_weight=35206 19044 11732 1485 16162 1483 14679 7312 1450 362 10247 1468 2907 1088 8779 350 1078 11772 5846 687 6590 1577 5926 5862 5421 2798 1861 1023 565 739 241 405 2623 1159 271 4269 1957 1805 732 2220 1322 1206 535 206 1073 439 746 240 292 452 358 766 374 441 937 740 5827 999 4828 1341 584 202
internal_count=35206 19044 11732 1485 16162 1483 14679 7312 1450 362 10247 1468 2907 1088 8779 350 1078 11772 5846 687 6590 1577 5926 5862 5421 2798 1861 1023 565 739 241 405 2623 1159 271 4269 1957 1805 732 2220 1322 1206 535 206 1073 439 746 240 292 452 358 766 374 441 937 740 5827 999 4828 1341 584 202
is_linear=0
shrinkage=0.03


Tree=150
num_leaves=63
num_cat=0
split_feature=0 8 9 6 0 8 0 5 9 10 10 8 2 3 0 7 10 10 2 10 0 8 0 8 10 0 10 7 10 2 3 3 10 10 6 8 2 10 5 7 4 0 10 0 10 0 7 9 7 4 0 0 8 0 10 0 4 4 2 4 6 9
split_gain=3155.72 2669.82 51.588 107.237 46.6134 27.4562 30.7003 26.322 21.3854 20.5765 17.1717 16.8808 21.1991 13.3961 12.6543 12.4226 17.8152 11.1852 11.0442 9.93275 9.91816 17.0042 9.00256 8.66206 8.9382 8.70149 7.97405 7.22353 7.1713 7.10243 9.45502 9.94617 8.879 10.8296 10.1733 7.12866 6.75516 6.86384 7.29241 6.70559 6.436 6.43141 6.39858 5.94662 5.71064 9.31696 9.17495 9.963 8.97973 8.59951 5.69711 5.80788 5.52709 6.03138 5.86483 5.52308 5.52275 5.44734 5.42095 5.39805 5.31847 9.11313
threshold=0.015000000000000001 -1.0000000180025095e-35 0.91597561503675351 0.9919160630702849 3.1750000000000003 0.12940952255126045 1.0000000180025095e-35 0.35000000000000003 -0.70710678118654757 -0.6830127018922193 1.0000000180025095e-35 1.0000000180025095e-35 0.15000000000000005 0.45000000000000007 3.3950000000000005 0.033451032562071846 -0.5 -0.24999999999999994 0.65000000000000002 0.68301270189221941 0.03500000000000001 0.60355339059327384 1.1150000000000004 -0.5 0.25000000000000011 0.75500000000000012 0.68301270189221941 1.0050635832222339 0.68301270189221941 0.55000000000000016 0.25000000000000006 0.083333333333333315 1.0000000180025095e-35 -0.5 0.9919160630702849 -0.78656609248549303 0.75000000000000011 0.93301270189221952 0.71666666666666667 0.95119898168678663 0.17499999999999996 1.4450000000000001 0.25000000000000011 0.83500000000000008 1.0000000180025095e-35 1.2650000000000003 0.73535627268658954 -0.12940952255126037 1.1120298788274903 0.58333333333333337 2.5850000000000004 2.0250000000000004 0.60355339059327384 0.15500000000000003 0.93301270189221952 0.33500000000000008 0.48333333333333339 0.48333333333333339 0.95000000000000007 0.85833333333333339 0.72773610537564315 -0.5
decision_type=2 2 2 2 2 2 2 2 2 2 2 2 2 2 2 2 2 2 2 2 2 2 2 2 2 2 2 2 2 2 2 2 2 2 2 2 2 2 2 2 2 2 2 2 2 2 2 2 2 2 2 2 2 2 2 2 2 2 2 2 2 2
left_child=1 2 29 18 8 7 9 19 11 -7 -6 12 17 -11 26 16 40 -2 -4 -3 21 -10 28 24 -14 -26 -12 -17 59 -1 31 -31 33 -32 56 -35 44 38 -38 -25 -13 -27 -41 60 45 46 47 -22 -48 52 51 -29 54 -54 -46 -49 -34 -8 -36 -18 61 -40
right_child=4 5 3 -5 10 6 57 -9 20 13 14 15 23 -15 -16 27 22 -19 -20 -21 36 -23 -24 39 25 41 -28 50 -30 30 32 -33 34 35 58 -37 37 -39 43 42 -42 -43 -44 -45 49 -47 48 55 -50 -51 -52 -53 53 -55 -56 -57 -58 -59 -60 -61 -62 -63
leaf_value=1.1309037499429678e-05 0.00029522505137296484 -5.9824684891863992e-06 -9.4149684631589958e-06 -5.1901071845012346e-06 0.00020290575894769735 -5.9824725871455775e-06 -5.9536270227603713e-06 -5.9824725871455775e-06 4.3920131416124749e-06 -5.9824725871455775e-06 0.00029398991962706621 0.00044065500639258793 -0.00014712639808567852 -5.9824725871455775e-06 0.0013242141418276876 -5.8997013836835504e-05 -0.00035622910399054052 0.00095912124494061831 -4.9750579103615349e-06 -5.9826050878256729e-06 2.4866900041848178e-05 -6.7518423072016461e-06 0.00027249131697136385 0.00025790299329148992 -3.0456108609536181e-05 0.0011817766780849192 0.0011872423920525155 0.0003398927452171907 0.00011531186635852883 5.9651400319847206e-06 -5.103074853057745e-07 -6.0283881170897444e-05 -2.4186661512593738e-05 -1.0720565523506288e-05 3.3504255728307003e-05 -2.8695991183127717e-05 1.1357491890037281e-05 -8.5953707340742343e-05 4.0808943974717512e-05 0.00047148818357878482 0.00079559951258940107 0.00051126528544663367 0.001557333665848889 -0.00064158977254957924 3.9340576890339596e-05 -0.00032138878163014747 0.00032274526936561845 -8.9279900667391752e-05 -2.7018160185809059e-05 0.00027863744105211197 0.00092247919486709851 -0.00022138154074915705 1.7445610983734333e-05 -3.3258982645995029e-05 0.00020850263002725715 -0.00055147409081637627 -2.1143044991404158e-06 -5.9536270227603713e-06 6.6102152895994653e-07 4.0971664839275014e-05 1.7754318333378354e-06 -0.00010364528534815767
leaf_weight=1973 212 536 118 1045 166 2317 111 723 362 2451 120 239 725 4770 111 2548 242 363 289 219 947 287 285 1952 142 117 103 110 215 97 836 149 109 205 523 300 1648 271 172 196 256 189 95 102 1093 536 478 262 142 315 93 112 104 667 265 96 446 161 308 144 604 306
leaf_count=1973 212 536 118 1045 166 2317 111 723 362 2451 120 239 725 4770 111 2548 242 363 289 219 947 287 285 1952 142 117 103 110 215 97 836 149 109 205 523 300 1648 271 172 196 256 189 95 102 1093 536 478 262 142 315 93 112 104 667 265 96 446 161 308 144 604 306
internal_value=-0.00803216 -0.0169548 -0.00147211 -0.00644184 0.0010418 -0.0257295 -0.0263092 -0.0218661 0.000774285 -0.026594 0.0100599 0.00186863 0.00326904 -0.0273955 0.0139701 0.000551237 0.00288712 0.00859375 -0.0194853 -0.0178968 -0.000266805 -0.00383077 0.000338219 0.0023705 0.00028109 0.00360802 0.00977679 -0.000576117 -0.00174419 -1.21286e-05 -0.00093813 -0.0065587 -0.000428886 -0.00216841 0.00125451 -0.00563241 2.24747e-05 -0.00107281 -0.000635369 0.00346257 0.00743952 0.00644951 0.00770548 -0.00243038 0.00071545 -0.00030463 0.000669782 -0.00075804 0.0036715 0.00174233 0.00370253 0.00107623 0.00105634 -0.000971503 0.00220751 -0.00501393 -0.00188849 -0.0162637 0.00335337 -0.00418605 -0.00177285 -0.00413361
internal_weight=35078 17686 6398 1452 17392 11288 9810 1478 16892 9538 500 8235 3991 7221 334 4244 1381 575 407 755 8657 649 886 3416 1173 448 223 2863 601 4946 2973 246 2727 1341 1386 505 8008 3103 2832 2243 495 306 291 1184 4905 2461 1925 1305 620 2444 315 222 2129 771 1358 358 555 272 831 386 1082 478
internal_count=35078 17686 6398 1452 17392 11288 9810 1478 16892 9538 500 8235 3991 7221 334 4244 1381 575 407 755 8657 649 886 3416 1173 448 223 2863 601 4946 2973 246 2727 1341 1386 505 8008 3103 2832 2243 495 306 291 1184 4905 2461 1925 1305 620 2444 315 222 2129 771 1358 358 555 272 831 386 1082 478
is_linear=0
shrinkage=0.03


Tree=151
num_leaves=63
num_cat=0
split_feature=0 8 9 6 0 0 1 8 8 5 4 0 0 8 0 0 11 7 5 7 11 4 1 0 8 7 3 0 11 4 5 7 11 7 5 7 7 0 1 11 9 7 5 0 6 3 1 0 3 3 5 5 11 5 1 0 0 11 7 8 3 9
split_gain=3085.29 2650.15 65.3757 99.5424 39.7497 30.7775 26.5897 26.0629 24.9966 21.2071 13.0275 12.2056 9.24038 15.5193 8.70532 8.54394 10.004 17.0828 12.4972 14.3293 7.7417 7.73843 7.53285 7.43337 7.4065 7.35708 7.13108 16.1959 12.9234 8.17737 7.04451 8.69769 6.65512 6.38499 6.34689 6.27727 7.42915 7.08571 6.21729 6.03491 5.97872 8.69538 6.61071 10.0493 8.73816 16.3837 6.59695 5.91181 7.50827 5.84595 5.797 5.58184 7.39521 6.985 6.39125 6.01925 5.15839 5.10158 9.25282 7.02105 5.05161 8.71533
threshold=0.015000000000000001 -1.0000000180025095e-35 0.91597561503675351 0.96010100249940655 3.3350000000000004 1.0000000180025095e-35 1.2050000000000003 0.12940952255126045 0.25881904510252091 0.22500000000000003 0.37222222222222229 2.8850000000000002 0.065000000000000016 0.60355339059327384 0.025000000000000005 0.60500000000000009 1.0000000180025095e-35 1.0149612868436317 0.083333333333333315 1.0415433925049313 0.6830127018922193 0.66904761904761922 3.3650000000000007 2.0150000000000001 -0.25881904510252113 0.82162614754343488 0.62500000000000011 1.9650000000000001 -0.24999999999999994 0.37222222222222229 0.82500000000000007 0.60007501875468883 -0.5 1.0948308763894856 0.22500000000000003 0.80267027995178519 0.90705557846978757 2.5650000000000004 0.03500000000000001 0.25000000000000017 -0.60355339059327384 0.71750145676572685 0.55000000000000016 1.1533333333333335 0.9919160630702849 0.8500000000000002 0.82500000000000007 3.1350000000000002 0.083333333333333315 0.35000000000000003 0.083333333333333315 0.55000000000000016 -0.68301270189221952 0.95000000000000007 0.90333333350000011 0.8650000000000001 0.74500000000000011 -0.9330127018922193 0.21011336881500517 0.60355339059327384 0.95000000000000007 -0.5
decision_type=2 2 2 2 2 2 2 2 2 2 2 2 2 2 2 2 2 2 2 2 2 2 2 2 2 2 2 2 2 2 2 2 2 2 2 2 2 2 2 2 2 2 2 2 2 2 2 2 2 2 2 2 2 2 2 2 2 2 2 2 2 2
left_child=1 2 -1 39 6 7 12 9 15 -3 -9 -10 13 38 -15 -8 17 21 19 24 -5 22 35 -20 -18 -25 27 28 29 33 31 -23 51 -14 -19 -17 49 -38 -2 -4 42 -42 43 46 45 -44 -34 48 -39 -37 -6 52 55 54 57 -28 -47 58 59 -53 61 -59
right_child=4 5 3 20 50 -7 8 10 11 -11 -12 -13 26 14 -16 16 18 34 23 -21 -22 30 -24 25 -26 -27 32 -29 -30 -31 -32 -33 40 -35 -36 36 37 47 -40 -41 41 -43 44 -45 -46 56 -48 -49 -50 -51 -52 53 -54 -55 -56 -57 -58 60 -60 -61 -62 -63
leaf_value=1.7971274700395413e-07 -1.2470266791428687e-05 -5.8029944345108076e-06 -6.1819462374644366e-06 -8.7866274800750933e-06 0.00095348990292924533 -5.7750182120775604e-06 0.0011440099790813809 -5.8029984095312106e-06 -0.00017356766538208167 -5.8029984095312106e-06 -5.8029984095312106e-06 0.00066275185941249424 -3.4096149212055384e-05 -5.8469132183911718e-06 -1.5545014943979286e-05 0.00042934590214002282 0.0007507972631554216 -0.00059646677192132572 4.0433072631065324e-05 0.0017022907497665283 -7.1570939831601997e-06 0.00091629742137730149 0.00061596985419917977 -7.0251012188521922e-05 0.00026457885502327192 0.00071821833834863845 8.1174236764890807e-05 0.0008906257721412236 6.6000419804274898e-05 0.00012333727567670621 -0.00058564558235154435 -0.00032590284736484315 -0.00016668014570864266 -0.00014910887860402204 0.00025753511190779952 -0.00052018037597569759 0.00049891678645719859 -0.00063689059890098651 0.0001845117332622325 -4.7563317916780104e-06 -8.8750765887846689e-05 0.00029230271294395928 -0.00086185306675949224 0.00031596552362023411 0.0002728036304463954 3.007051108311523e-05 0.00026879154493990532 0.00046318525175167432 0.00017192884652864114 7.5410031821497854e-05 0.00063853037705686121 -0.00028849135639708278 0.00032751424716805338 0.00015724327940146748 -0.00040702982471116795 -0.00030104760798813025 -0.00033566057578581735 0.00085607179939205572 0.00021393740712866372 1.1691957492314958e-05 -5.8892590470899226e-06 1.1900892871391666e-05
leaf_weight=4973 664 662 247 778 118 268 105 4577 1055 809 4971 84 944 169 359 658 397 143 631 85 302 118 169 112 288 333 342 135 2493 168 108 204 491 82 91 112 430 95 93 115 1207 123 96 126 709 688 81 138 278 341 90 168 134 245 184 136 194 105 113 93 667 218
leaf_count=4973 664 662 247 778 118 268 105 4577 1055 809 4971 84 944 169 359 658 397 143 631 85 302 118 169 112 288 333 342 135 2493 168 108 204 491 82 91 112 430 95 93 115 1207 123 96 126 709 688 81 138 278 341 90 168 134 245 184 136 194 105 113 93 667 218
internal_value=-0.00819184 -0.0170107 -0.00161315 -0.00723493 0.000775372 -0.025761 0.000617334 -0.0260064 0.00223394 -0.0222351 -0.026585 -0.00176316 -0.000243142 -0.00263608 -0.00657845 0.00317552 0.00298605 0.0018815 0.00471034 0.00762646 -0.0026642 0.00256787 0.00328083 0.00261838 0.00616618 0.00558296 6.63784e-05 0.00108292 0.000707701 -0.00185774 -0.00111369 0.00111455 -0.000568535 -0.00286271 -0.00587234 0.00277642 0.00163441 0.00315287 0.000118734 -0.0208264 -0.00136437 -0.00297521 -0.000465214 -0.00291845 0.000550948 -0.00128703 -0.00460733 0.000761719 -0.00120321 -0.00151982 0.0137799 0.000660848 0.00313214 -0.000183946 -0.000929632 0.00137787 0 -0.00021978 -0.0032 -0.00629771 0.000908174 0.00398148
internal_weight=35112 17702 6415 1442 17410 11287 17202 11019 5975 1471 9548 1139 11227 1285 528 4836 4731 2885 1846 770 1080 2651 2221 1076 685 445 9942 3822 3687 1194 430 322 6120 1026 234 2052 1394 941 757 362 3715 1330 2385 698 1687 978 572 511 373 453 208 2405 612 1793 1548 478 882 1364 374 261 990 323
internal_count=35112 17702 6415 1442 17410 11287 17202 11019 5975 1471 9548 1139 11227 1285 528 4836 4731 2885 1846 770 1080 2651 2221 1076 685 445 9942 3822 3687 1194 430 322 6120 1026 234 2052 1394 941 757 362 3715 1330 2385 698 1687 978 572 511 373 453 208 2405 612 1793 1548 478 882 1364 374 261 990 323
is_linear=0
shrinkage=0.03


Tree=152
num_leaves=63
num_cat=0
split_feature=8 9 9 11 9 2 8 8 11 8 10 5 7 7 5 2 10 10 11 5 3 3 10 9 11 1 2 11 10 7 7 7 7 1 7 7 8 5 11 3 4 10 10 10 10 7 8 3 2 11 8 8 8 2 10 11 1 8 11 4 5 10
split_gain=2436.8 2851.37 138.114 190.321 77.2229 39.1461 37.6546 34.1446 79.7878 27.2128 26.8847 26.861 26.0781 16.2646 15.6857 15.638 14.3634 14.1162 13.9183 16.9294 13.3035 13.187 11.2845 10.2885 11.9411 11.388 9.44827 9.21807 8.98872 7.76469 11.9642 10.1107 7.52858 9.20748 7.5164 7.40049 6.97094 7.89714 13.9989 8.27014 6.81902 14.1492 6.79109 6.67644 6.44923 5.46477 9.7726 9.55421 5.20913 5.10167 7.85389 11.3797 6.59946 8.19353 7.56216 5.55904 5.50862 5.07758 5.07193 7.72665 13.3483 5.9176
threshold=-1.0000000180025095e-35 -0.37940952255126015 1.0000000180025095e-35 1.0000000180025095e-35 0.91597561503675351 0.55000000000000016 -0.5 0.78656609248549325 0.6830127018922193 0.12940952255126045 -0.24999999999999994 0.35000000000000003 0.95119898168678663 0.62500000000000033 0.15000000000000005 0.55000000000000016 1.0000000180025095e-35 1.0000000180025095e-35 -0.5 0.45000000000000007 0.95000000000000007 0.95000000000000007 0.68301270189221941 -0.12940952255126037 0.25000000000000017 0.40500000000000008 0.8500000000000002 0.25000000000000017 -0.6830127018922193 1.0089574659665328 0.91581153787403058 0.97071909891988073 0.20474449989456669 3.3450000000000002 1.0822077054541988 0.94903604215526716 0.37940952255126054 0.71666666666666667 -0.24999999999999994 0.8500000000000002 0.81666666666666676 -0.6830127018922193 -0.6830127018922193 0.25000000000000011 1.0000000180025095e-35 1.0277614953757979 0.60355339059327384 0.11666666666666667 1.0000000180025095e-35 0.6830127018922193 -0.78656609248549303 -0.60355339059327362 -0.91597561503675329 0.65000000000000002 0.68301270189221941 1.0000000180025095e-35 0.015000000000000001 0.25881904510252091 -0.5 0.68285714285714294 0.82500000000000007 0.25000000000000011
decision_type=2 2 2 2 2 2 2 2 2 2 2 2 2 2 2 2 2 2 2 2 2 2 2 2 2 2 2 2 2 2 2 2 2 2 2 2 2 2 2 2 2 2 2 2 2 2 2 2 2 2 2 2 2 2 2 2 2 2 2 2 2 2
left_child=4 7 3 20 6 -6 17 26 13 11 -10 22 -8 18 27 -11 -14 34 -9 -20 44 23 -4 24 29 -26 32 -7 -17 30 -19 -32 36 45 40 49 -2 39 -39 -38 -1 -42 -5 -12 -3 47 -47 57 -18 50 52 -52 53 56 -54 -56 -25 -34 61 -60 -61 -23
right_child=1 2 9 42 5 14 12 8 10 15 43 -13 16 -15 -16 28 48 21 19 -21 -22 58 -24 35 25 -27 -28 -29 -30 -31 31 -33 33 -35 -36 -37 37 38 -40 -41 41 -43 -44 -45 -46 46 -48 -49 -50 -51 51 -53 54 -55 55 -57 -58 -59 59 60 -62 -63
leaf_value=-3.2033148917358364e-07 0.00066984178259318601 -1.900454424238186e-05 -5.6289046014754824e-06 -5.6289084572452737e-06 -1.2216779885377161e-06 8.9845393667475938e-06 0.00025501106695144463 6.2926394367479252e-05 -2.3921982596850074e-05 -5.6289084572452737e-06 -5.5978684181284405e-06 -5.6289084572452737e-06 0.00047576259482283055 0.00025466091946064692 -5.9964878503405037e-06 -5.6289084572452737e-06 0.0012229682251894941 6.2571258728558862e-05 -1.0929715608688078e-05 -3.2864927241041546e-05 -1.416533437666006e-05 -1.4404056396132884e-05 -5.6290371021555787e-06 0.00013660008395602192 0.00019442228391127706 0.0011591243601441704 -3.8448904612602073e-05 -5.9009459069266312e-06 -5.6289084572452737e-06 -0.00035644873199288773 0.00087149422082443415 0.00014180388615864958 -0.00017421821393274917 0.0004585258287593141 -0.00077309967124172688 -0.00019805318207084802 5.1944356703725425e-05 0.001150197986879153 -8.9238692363290996e-05 -0.00023150347187750705 2.5766994135546237e-05 -5.0290822598746126e-05 -5.6289084572452737e-06 -5.5978684181284405e-06 3.4222182742269219e-06 0.00051754476443967301 -6.370974171238858e-05 3.0020640987782344e-06 0.00097196614534129976 -7.8930157353405975e-06 8.4851290959302744e-05 1.1655509127481007e-05 3.1608204853043226e-05 -3.6477696357691999e-05 -4.5341652799219986e-05 -2.217118005667982e-05 0.00013998367127221801 -0.00051915479377357516 -3.4041128350399666e-05 -3.0840829927330821e-05 2.7142030348157508e-05 6.8776407395956522e-05
leaf_weight=5011 326 258 525 121 603 102 2215 420 131 3445 118 719 317 121 649 1068 148 528 333 244 214 356 204 171 158 386 2082 104 4266 119 214 164 194 95 92 148 1126 82 93 83 227 493 593 127 248 186 90 1353 230 474 411 421 161 286 91 164 251 187 403 409 218 275
leaf_count=5011 326 258 525 121 603 102 2215 420 131 3445 118 719 317 121 649 1068 148 528 333 244 214 356 204 171 158 386 2082 104 4266 119 214 164 194 95 92 148 1126 82 93 83 227 493 593 127 248 186 90 1353 230 474 411 421 161 286 91 164 251 187 403 409 218 275
internal_value=-0.00805632 -0.0153047 -0.0245438 -0.0158049 0.000575625 -0.00600411 0.00123573 -0.000726461 -0.00477592 -0.0257675 -0.0167109 -0.0219048 0.00428719 -0.00075067 -0.0101285 -0.0264021 0.00935345 0.000471974 -0.00201403 -0.0050346 -0.00490985 0.00151833 -0.0177945 0.00242285 0.00433758 0.00792661 0.000300102 -0.00289855 -0.0274414 0.0024269 0.00337376 0.00744063 0.00118711 -1.4245e-05 -0.000571772 0.0012563 0.00266511 0.00173285 0.00767045 0.000867769 -0.000434403 -0.00316227 -0.0267692 -0.022561 -0.00224852 -0.000447539 0.0034657 -0.00107205 0.0132982 0.00165364 0.0023301 0.00453782 0.000693333 0.00245416 -0.00230216 -0.00550781 0.00510638 -0.00526178 -0.000740072 -0.00203686 4.77707e-05 0.00137658
internal_weight=35051 19052 11661 1434 15999 1458 14541 7391 1494 10227 376 1448 2910 1118 855 8779 695 11631 997 577 720 5808 729 4147 1569 544 5897 206 5334 1025 906 378 3815 2105 5823 2578 1710 1384 175 1209 5731 720 714 245 506 2010 276 1734 378 2430 1956 832 1124 708 416 255 422 381 1661 1030 627 631
internal_count=35051 19052 11661 1434 15999 1458 14541 7391 1494 10227 376 1448 2910 1118 855 8779 695 11631 997 577 720 5808 729 4147 1569 544 5897 206 5334 1025 906 378 3815 2105 5823 2578 1710 1384 175 1209 5731 720 714 245 506 2010 276 1734 378 2430 1956 832 1124 708 416 255 422 381 1661 1030 627 631
is_linear=0
shrinkage=0.03


Tree=153
num_leaves=63
num_cat=0
split_feature=0 8 6 8 0 8 0 5 3 10 9 8 10 7 2 5 4 10 7 0 7 6 7 10 5 3 6 4 9 8 0 0 5 6 7 7 7 8 2 0 9 3 4 0 8 0 6 8 4 7 7 7 3 5 10 8 2 5 9 4 5 7
split_gain=2980.26 2699.19 48.6034 104.231 33.8475 28.8905 30.2304 23.7668 20.0967 19.2558 14.8344 13.5106 17.1079 18.4857 11.7105 11.2665 10.7771 10.5999 10.5382 19.1355 11.0108 10.1343 9.65314 11.9087 8.46775 7.5464 7.64444 6.78384 9.32112 6.7646 6.56679 6.47037 7.1194 10.0419 7.56966 7.08581 6.99727 7.59613 6.50584 5.96406 10.2789 5.8907 5.79143 5.56345 5.98345 6.39657 5.4812 5.74211 5.4394 8.12247 5.22477 5.40523 5.04068 11.9096 5.43993 5.98446 5.25443 6.52053 5.30089 4.94266 4.84813 8.44628
threshold=0.015000000000000001 -1.0000000180025095e-35 0.9919160630702849 -0.37940952255126059 3.1950000000000007 0.12940952255126045 1.0000000180025095e-35 0.35000000000000003 0.95000000000000007 -0.6830127018922193 -0.70710678118654757 1.0000000180025095e-35 0.25000000000000011 0.95386832187984938 0.45000000000000007 0.22500000000000003 0.17499999999999996 0.68301270189221941 0.19869672270334524 1.9350000000000003 1.0338036798713575 0.84272314683140503 1.0172029338051012 0.68301270189221941 0.15000000000000005 0.11666666666666667 0.97587888928342192 0.85833333333333339 -0.12940952255126037 0.91597561503675362 1.3450000000000004 1.385 0.95000000000000007 0.87064863372406032 0.15867980017726213 0.54769487412799533 0.44195407109771762 0.60355339059327384 0.95000000000000007 0.042500000000000003 -0.37940952255126015 0.083333333333333315 0.68285714285714294 0.55500000000000016 -0.5 2.9350000000000005 0.9919160630702849 0.37940952255126054 0.058333333333333307 0.80648214874619828 0.029442124402922567 0.087392936509065225 0.35000000000000003 1.0000000180025095e-35 -0.93301270189221908 -0.91597561503675329 0.55000000000000016 0.55000000000000016 0.78656609248549303 0.58333333333333337 0.71666666666666667 0.073209569675314598
decision_type=2 2 2 2 2 2 2 2 2 2 2 2 2 2 2 2 2 2 2 2 2 2 2 2 2 2 2 2 2 2 2 2 2 2 2 2 2 2 2 2 2 2 2 2 2 2 2 2 2 2 2 2 2 2 2 2 2 2 2 2 2 2
left_child=1 2 3 25 8 7 9 17 10 -7 11 12 43 -14 -11 -6 30 -3 19 41 -20 -5 27 -24 -22 -1 42 39 -29 31 -10 32 35 -34 -35 36 37 38 50 40 -12 -13 -27 -2 48 -46 -43 -48 -45 -50 -18 -52 54 -54 -4 -56 57 -55 -58 -57 -40 -62
right_child=4 5 52 21 15 6 -8 -9 16 14 22 18 13 -15 -16 -17 29 -19 20 -21 24 -23 23 -25 -26 26 -28 28 -30 -31 -32 -33 33 34 -36 -37 -38 -39 60 -41 -42 46 -44 44 45 -47 47 -49 49 -51 51 -53 53 56 55 59 58 -59 -60 -61 61 -63
leaf_value=6.1713293969858218e-05 0.00073661430708445456 -5.460037463431218e-06 -4.7016173457259215e-05 -5.6453603542699877e-06 0.00073604115042494973 -5.4600412035279157e-06 -5.4329004119978743e-06 -5.4600412035279157e-06 1.8209459769806812e-05 -5.4600412035279157e-06 -1.3192514903918902e-05 -0.00017813487840419168 0.00061713937740182686 0.0011439479481727688 -5.4600412035279157e-06 0.00017692232882196123 -6.0327559127941429e-05 -5.4601659890909112e-06 -8.3935053967000019e-05 0.001090307813442245 0.0011744401657800118 -8.6920317252053595e-06 -0.00013585685478977982 0.00026228675744995153 -2.0396753760611452e-05 -1.6082695624650655e-05 -5.3930215390253973e-05 0.00017805925066476824 -9.3050663994731118e-05 -1.7706973687063329e-05 0.00089706586609966047 -0.00044128326320749475 0.00024299192451861045 0.00016243713886818234 -0.0001265287412814898 0.00025506343767014642 -0.0005832178640477431 -5.543988244786437e-05 -8.1872667335800014e-06 1.227490656638427e-05 -3.364483461810263e-06 -0.00017107435313645848 2.9107647021134484e-06 0.00015695833387248113 0.00046386326221026285 -0.00027989190640536563 0.00073653271119892086 0.0001046299429781311 9.9336443348072839e-05 -0.00088546354202564373 0.00030960771258490226 7.4628207959727134e-05 2.6055758004819442e-05 1.7628592412132805e-06 -2.5813014683665886e-05 5.4943335961511737e-06 6.5549082833181187e-06 5.2605484092828163e-05 -8.4095204272630438e-06 -1.3376648671166525e-05 -6.9715806133893719e-06 -0.00019126546001912141
leaf_weight=84 115 538 121 286 335 2301 275 742 488 2040 96 180 873 314 5126 131 179 204 1800 133 89 124 461 105 81 605 85 365 114 144 102 317 119 110 164 182 119 460 716 4945 438 139 593 214 914 144 294 416 194 162 87 359 656 294 220 1246 934 182 832 179 359 465
leaf_count=84 115 538 121 286 335 2301 275 742 488 2040 96 180 873 314 5126 131 179 204 1800 133 89 124 461 105 81 605 85 365 114 144 102 317 119 110 164 182 119 460 716 4945 438 139 593 214 914 144 294 416 194 162 87 359 656 294 220 1246 934 182 832 179 359 465
internal_value=-0.00816386 -0.0168457 -0.00136448 -0.00558493 0.000640533 -0.0257273 -0.0263266 -0.0217778 0.000421065 -0.0266128 0.00102963 0.00209797 0.00356192 0.00633838 -0.0273922 0.00860814 -0.0013315 -0.0179273 0.000727737 0.00299226 -0.000608828 -0.0188321 3.67816e-05 -0.0037037 0.00666667 -0.00160088 -0.0021729 0.000392683 0.0038125 -0.00192013 0.00243655 -0.00166621 -0.0012741 0.00251269 -0.000654545 -0.0017834 -0.00216393 -0.0018393 -0.00109418 9.30657e-05 -0.00291589 0.00160194 -0.00155129 0.00166858 0.00121547 0.00254958 0.00264706 0.00371308 -0.00126095 -0.00352941 0.00148562 0.00322148 0.000244373 0.00101414 -0.00101868 -0.000565006 -2.67499e-05 0.0027673 -0.000780985 0.000147265 -0.00214147 -0.00370909
internal_weight=35089 17667 6441 1777 17422 11226 9742 1484 16956 9467 12586 6062 2930 1187 7166 466 4370 742 3132 1162 1970 410 6524 566 170 1367 1283 5958 479 3780 590 3636 3319 393 274 2926 2744 2625 2165 5479 534 1029 1198 1743 1628 1058 849 710 570 356 625 446 4664 2898 1766 1645 2242 476 1766 1425 1540 824
internal_count=35089 17667 6441 1777 17422 11226 9742 1484 16956 9467 12586 6062 2930 1187 7166 466 4370 742 3132 1162 1970 410 6524 566 170 1367 1283 5958 479 3780 590 3636 3319 393 274 2926 2744 2625 2165 5479 534 1029 1198 1743 1628 1058 849 710 570 356 625 446 4664 2898 1766 1645 2242 476 1766 1425 1540 824
is_linear=0
shrinkage=0.03


Tree=154
num_leaves=63
num_cat=0
split_feature=8 9 9 11 9 6 8 11 8 10 5 8 7 11 5 7 11 10 6 3 3 10 11 4 11 10 2 11 9 3 4 2 4 3 7 10 4 5 4 9 5 11 2 10 7 2 11 5 7 3 7 5 11 7 6 10 10 7 10 7 5 3
split_gain=2361.08 2846.06 170.788 206.205 69.9704 100.713 38.7644 71.6475 38.3054 28.5669 23.7994 31.711 15.3077 15.5269 18.201 14.9184 12.1322 11.8519 9.81369 10.9821 8.69119 8.68663 8.58858 8.57523 8.40762 7.53602 19.1247 13.5126 7.50632 7.34196 7.16574 6.98362 7.82461 7.67656 6.80993 10.6452 6.92971 6.7268 6.68165 6.64394 6.48599 6.47453 5.93165 5.7611 5.74457 5.7233 14.0076 8.79933 7.61221 7.1499 8.45624 10.8313 6.58641 6.12594 5.66379 5.65019 9.62936 5.59393 5.66643 6.5253 5.50253 6.12095
threshold=-1.0000000180025095e-35 -0.37940952255126015 1.0000000180025095e-35 1.0000000180025095e-35 0.91597561503675351 0.96010100249940655 0.78656609248549325 0.6830127018922193 -0.5 -0.24999999999999994 0.35000000000000003 0.12940952255126045 0.62500000000000033 -0.5 0.083333333333333315 0.94903604215526716 0.93301270189221952 -0.6830127018922193 0.9919160630702849 0.11666666666666667 0.95000000000000007 1.0000000180025095e-35 0.25000000000000017 0.17499999999999996 -0.68301270189221952 -0.6830127018922193 0.25000000000000006 -0.24999999999999994 -0.60355339059327384 0.95000000000000007 0.17499999999999996 0.65000000000000002 0.37222222222222229 0.11666666666666667 0.087392936509065225 -0.5 0.68285714285714294 0.15000000000000005 0.17499999999999996 0.37940952255126048 0.083333333333333315 0.25000000000000017 0.95000000000000007 0.68301270189221941 1.0066183831810789 1.0000000180025095e-35 -0.5 0.083333333333333315 0.97432427743659145 0.25000000000000006 0.42863392075990508 0.71666666666666667 0.6830127018922193 0.58746238524717065 0.56988722470830055 -0.5 -0.24999999999999994 0.41590181981359586 1.0000000180025095e-35 0.19869672270334524 0.22500000000000003 0.35000000000000003
decision_type=2 2 2 2 2 2 2 2 2 2 2 2 2 2 2 2 2 2 2 2 2 2 2 2 2 2 2 2 2 2 2 2 2 2 2 2 2 2 2 2 2 2 2 2 2 2 2 2 2 2 2 2 2 2 2 2 2 2 2 2 2 2
left_child=4 6 3 20 8 22 31 12 16 -9 11 -4 13 -8 -15 29 18 -12 19 -1 -3 -17 54 60 -22 26 27 40 30 -10 -27 32 44 -33 35 -35 38 -18 -37 -29 -20 -32 45 -40 55 46 48 -47 -30 52 -51 53 -49 -52 -6 -2 -57 58 -44 -60 61 -7
right_child=1 2 10 -5 5 23 7 9 15 -11 17 -13 -14 14 -16 21 37 -19 25 -21 24 -23 -24 -25 -26 28 -28 39 42 -31 41 33 -34 34 -36 36 -38 -39 43 -41 -42 -43 57 -45 -46 47 -48 49 -50 50 51 -53 -54 -55 -56 56 -58 -59 59 -61 -62 -63
leaf_value=9.6353461646584001e-05 0.00019016348234502295 -1.4311366723969723e-05 -5.2962403182368475e-06 -5.2962399674220782e-06 -5.6170474330765787e-06 3.5828088671478044e-07 6.004753450563437e-05 -1.9816465921507452e-05 0.00058359688462609582 -5.2661311294787498e-06 -5.2962399674220782e-06 -5.2962399674220782e-06 0.00021713761124638075 1.4284798514217961e-05 -3.3499042292144449e-05 0.00041862745767478167 6.1043874733565214e-06 -5.2962399674220782e-06 -0.00010406933572282506 -1.265145338927874e-05 -2.4472819858634343e-05 0.00086503895833476619 -3.1206513743226391e-06 -7.3912250073497656e-06 -1.2594998068808401e-05 0.00072097518908841528 1.8758600957167488e-05 -0.00012351274844081377 -4.0160674018178308e-05 2.0413159209338447e-05 -0.00013342535908441615 0.00043992859973116915 0.00029304874290213224 0.00021960848499198173 -9.8315153207806369e-05 0.0001623564636347017 3.80741155826941e-05 -4.0984937623309024e-05 -0.00026775205278157718 9.4490472460466429e-06 -0.00016879997446116358 0.00049624968398098105 -9.6325191402676718e-05 -3.1589166789802447e-05 0.00029302480395729746 5.4504070121377358e-05 2.4142468334006837e-05 4.3469317273744955e-05 -0.0012110911476151886 3.8329442337825533e-05 -0.00038422676964806136 -0.00064818646428800857 -0.00018195432442974174 0.00026719644813148589 -6.9893660727044579e-06 -0.0009088157787198283 -8.6826574544607283e-06 0.00024065732146991397 3.5746442098477138e-06 -0.00021960514740071546 -3.0116315240123452e-05 2.5822380888887709e-05
leaf_weight=131 814 536 731 713 148 290 410 116 1516 248 1127 4348 127 188 362 305 328 4050 99 2942 152 391 103 600 82 360 1461 303 226 728 156 91 362 420 1587 96 719 678 198 196 104 164 137 121 334 1188 752 116 86 1047 83 133 110 314 95 82 1001 85 418 95 103 125
leaf_count=131 814 536 731 713 148 290 410 116 1516 248 1127 4348 127 188 362 305 328 4050 99 2942 152 391 103 600 82 360 1461 303 226 728 156 91 362 420 1587 96 719 678 198 196 104 164 137 121 334 1188 752 116 86 1047 83 133 110 314 95 82 1001 85 418 95 103 125
internal_value=-0.00813532 -0.015295 -0.0244319 -0.0148989 0.000312713 -0.00593857 -0.000552425 -0.00493802 0.000937692 -0.0164384 -0.0258087 -0.0243248 -0.00107537 -0.00237253 -0.00566243 0.00399864 0.000169043 -0.0272596 0.000465116 -0.000966168 -0.00412451 0.00783357 -0.0200576 -0.00155496 -0.00893617 0.00104139 -0.000457486 -0.00452347 0.00163407 0.00280624 0.0045815 0.00054068 0.00170008 -0.000389731 -0.00063972 0.000771704 -0.000740088 -0.00297915 -0.00382212 -0.00186 -0.0110294 0.00130841 0.00121478 -0.00590625 0.00103495 0.0016642 -0.000225352 0.00233623 -0.00555911 0.00101441 0.00173004 -0.00135593 -0.00396476 0.00113065 -0.0168443 0.000395153 -0.00102399 -0.00126359 -0.00221198 -0.000758755 0.00127168 0.0028125
internal_weight=35131 19015 11739 1483 16116 1464 7276 1451 14652 364 10256 5079 1087 960 550 2940 11712 5177 10706 3073 770 696 346 1118 234 7633 2163 702 5470 2244 680 5825 2593 3232 3141 1554 1134 1006 415 499 203 320 4790 319 2231 4055 1064 2991 312 1803 1577 530 226 397 243 1897 1083 735 650 513 518 415
internal_count=35131 19015 11739 1483 16116 1464 7276 1451 14652 364 10256 5079 1087 960 550 2940 11712 5177 10706 3073 770 696 346 1118 234 7633 2163 702 5470 2244 680 5825 2593 3232 3141 1554 1134 1006 415 499 203 320 4790 319 2231 4055 1064 2991 312 1803 1577 530 226 397 243 1897 1083 735 650 513 518 415
is_linear=0
shrinkage=0.03


end of trees

feature_importances:
hour_sin=1462
solar_rad_west=1298
month_cos=1077
month_sin=953
midlow_cloud_south=712
hour_cos=674
solar_rad_south=669
solar_damping_south=655
total_cloud_west=617
total_cloud_south=591
midlow_cloud_west=452
clearsky_ratio_south=450

parameters:
[boosting: gbdt]
[objective: regression_l1]
[metric: l1]
[tree_learner: serial]
[device_type: cpu]
[data_sample_strategy: bagging]
[data: ]
[valid: ]
[num_iterations: 1200]
[learning_rate: 0.03]
[num_leaves: 63]
[num_threads: 6]
[seed: 0]
[deterministic: 0]
[force_col_wise: 0]
[force_row_wise: 0]
[histogram_pool_size: -1]
[max_depth: -1]
[min_data_in_leaf: 80]
[min_sum_hessian_in_leaf: 0.001]
[bagging_fraction: 0.8]
[pos_bagging_fraction: 1]
[neg_bagging_fraction: 1]
[bagging_freq: 1]
[bagging_seed: 3]
[bagging_by_query: 0]
[feature_fraction: 0.8]
[feature_fraction_bynode: 1]
[feature_fraction_seed: 2]
[extra_trees: 0]
[extra_seed: 6]
[early_stopping_round: 0]
[early_stopping_min_delta: 0]
[first_metric_only: 0]
[max_delta_step: 0]
[lambda_l1: 0]
[lambda_l2: 1]
[linear_lambda: 0]
[min_gain_to_split: 0]
[drop_rate: 0.1]
[max_drop: 50]
[skip_drop: 0.5]
[xgboost_dart_mode: 0]
[uniform_drop: 0]
[drop_seed: 4]
[top_rate: 0.2]
[other_rate: 0.1]
[min_data_per_group: 100]
[max_cat_threshold: 32]
[cat_l2: 10]
[cat_smooth: 10]
[max_cat_to_onehot: 4]
[top_k: 20]
[monotone_constraints: ]
[monotone_constraints_method: basic]
[monotone_penalty: 0]
[feature_contri: ]
[forcedsplits_filename: ]
[refit_decay_rate: 0.9]
[cegb_tradeoff: 1]
[cegb_penalty_split: 0]
[cegb_penalty_feature_lazy: ]
[cegb_penalty_feature_coupled: ]
[path_smooth: 0]
[interaction_constraints: ]
[verbosity: -1]
[saved_feature_importance_type: 0]
[use_quantized_grad: 0]
[num_grad_quant_bins: 4]
[quant_train_renew_leaf: 0]
[stochastic_rounding: 1]
[linear_tree: 0]
[max_bin: 255]
[max_bin_by_feature: ]
[min_data_in_bin: 3]
[bin_construct_sample_cnt: 200000]
[data_random_seed: 1]
[is_enable_sparse: 1]
[enable_bundle: 1]
[use_missing: 1]
[zero_as_missing: 0]
[feature_pre_filter: 1]
[pre_partition: 0]
[two_round: 0]
[header: 0]
[label_column: ]
[weight_column: ]
[group_column: ]
[ignore_column: ]
[categorical_feature: ]
[forcedbins_filename: ]
[precise_float_parser: 0]
[parser_config_file: ]
[objective_seed: 5]
[num_class: 1]
[is_unbalance: 0]
[scale_pos_weight: 1]
[sigmoid: 1]
[boost_from_average: 1]
[reg_sqrt: 0]
[alpha: 0.9]
[fair_c: 1]
[poisson_max_delta_step: 0.7]
[tweedie_variance_power: 1.5]
[lambdarank_truncation_level: 30]
[lambdarank_norm: 1]
[label_gain: ]
[lambdarank_position_bias_regularization: 0]
[eval_at: ]
[multi_error_top_k: 1]
[auc_mu_weights: ]
[num_machines: 1]
[local_listen_port: 12400]
[time_out: 120]
[machine_list_filename: ]
[machines: ]
[gpu_platform_id: -1]
[gpu_device_id: -1]
[gpu_use_dp: 0]
[num_gpu: 1]

end of parameters

pandas_categorical:[]
